분석단위ID,detail_file
B10_1342098_고등학교,details/detail_part_000.parquet
B10_1342098_중학교,details/detail_part_000.parquet
B10_1342098_초등학교,details/detail_part_000.parquet
B10_1342099_고등학교,details/detail_part_000.parquet
B10_1342099_중학교,details/detail_part_000.parquet
B10_1342099_초등학교,details/detail_part_000.parquet
B10_1342102_고등학교,details/detail_part_000.parquet
B10_1342102_중학교,details/detail_part_000.parquet
B10_1342102_초등학교,details/detail_part_000.parquet
B10_1371661_고등학교,details/detail_part_000.parquet
B10_1371662_중학교,details/detail_part_000.parquet
B10_1371663_고등학교,details/detail_part_000.parquet
B10_1371664_중학교,details/detail_part_000.parquet
B10_7010057_고등학교,details/detail_part_000.parquet
B10_7010058_고등학교,details/detail_part_000.parquet
B10_7010059_고등학교,details/detail_part_000.parquet
B10_7010060_고등학교,details/detail_part_000.parquet
B10_7010061_고등학교,details/detail_part_000.parquet
B10_7010062_고등학교,details/detail_part_000.parquet
B10_7010063_고등학교,details/detail_part_000.parquet
B10_7010064_고등학교,details/detail_part_000.parquet
B10_7010065_고등학교,details/detail_part_000.parquet
B10_7010066_고등학교,details/detail_part_000.parquet
B10_7010067_고등학교,details/detail_part_000.parquet
B10_7010068_고등학교,details/detail_part_000.parquet
B10_7010069_고등학교,details/detail_part_000.parquet
B10_7010071_고등학교,details/detail_part_000.parquet
B10_7010072_고등학교,details/detail_part_000.parquet
B10_7010073_고등학교,details/detail_part_000.parquet
B10_7010074_고등학교,details/detail_part_000.parquet
B10_7010075_고등학교,details/detail_part_000.parquet
B10_7010076_고등학교,details/detail_part_000.parquet
B10_7010077_고등학교,details/detail_part_000.parquet
B10_7010078_고등학교,details/detail_part_000.parquet
B10_7010079_고등학교,details/detail_part_000.parquet
B10_7010080_고등학교,details/detail_part_000.parquet
B10_7010081_고등학교,details/detail_part_000.parquet
B10_7010082_고등학교,details/detail_part_000.parquet
B10_7010083_고등학교,details/detail_part_000.parquet
B10_7010084_고등학교,details/detail_part_000.parquet
B10_7010085_고등학교,details/detail_part_000.parquet
B10_7010086_고등학교,details/detail_part_000.parquet
B10_7010087_고등학교,details/detail_part_000.parquet
B10_7010088_고등학교,details/detail_part_000.parquet
B10_7010089_고등학교,details/detail_part_000.parquet
B10_7010090_고등학교,details/detail_part_000.parquet
B10_7010092_고등학교,details/detail_part_000.parquet
B10_7010093_고등학교,details/detail_part_000.parquet
B10_7010094_고등학교,details/detail_part_000.parquet
B10_7010095_고등학교,details/detail_part_000.parquet
B10_7010096_고등학교,details/detail_part_000.parquet
B10_7010097_고등학교,details/detail_part_000.parquet
B10_7010098_고등학교,details/detail_part_000.parquet
B10_7010099_고등학교,details/detail_part_000.parquet
B10_7010100_고등학교,details/detail_part_000.parquet
B10_7010101_고등학교,details/detail_part_000.parquet
B10_7010103_고등학교,details/detail_part_000.parquet
B10_7010104_고등학교,details/detail_part_000.parquet
B10_7010105_고등학교,details/detail_part_000.parquet
B10_7010106_고등학교,details/detail_part_000.parquet
B10_7010107_고등학교,details/detail_part_000.parquet
B10_7010108_고등학교,details/detail_part_000.parquet
B10_7010109_고등학교,details/detail_part_000.parquet
B10_7010110_고등학교,details/detail_part_000.parquet
B10_7010112_고등학교,details/detail_part_000.parquet
B10_7010113_고등학교,details/detail_part_000.parquet
B10_7010114_고등학교,details/detail_part_000.parquet
B10_7010115_고등학교,details/detail_part_000.parquet
B10_7010116_고등학교,details/detail_part_000.parquet
B10_7010117_고등학교,details/detail_part_000.parquet
B10_7010118_고등학교,details/detail_part_000.parquet
B10_7010119_고등학교,details/detail_part_000.parquet
B10_7010120_고등학교,details/detail_part_000.parquet
B10_7010122_고등학교,details/detail_part_000.parquet
B10_7010124_고등학교,details/detail_part_000.parquet
B10_7010125_고등학교,details/detail_part_000.parquet
B10_7010126_고등학교,details/detail_part_000.parquet
B10_7010127_고등학교,details/detail_part_000.parquet
B10_7010131_고등학교,details/detail_part_000.parquet
B10_7010132_고등학교,details/detail_part_000.parquet
B10_7010133_고등학교,details/detail_part_000.parquet
B10_7010134_고등학교,details/detail_part_000.parquet
B10_7010135_고등학교,details/detail_part_000.parquet
B10_7010136_고등학교,details/detail_part_000.parquet
B10_7010137_고등학교,details/detail_part_000.parquet
B10_7010138_고등학교,details/detail_part_000.parquet
B10_7010139_고등학교,details/detail_part_000.parquet
B10_7010140_고등학교,details/detail_part_000.parquet
B10_7010141_고등학교,details/detail_part_000.parquet
B10_7010142_고등학교,details/detail_part_000.parquet
B10_7010143_고등학교,details/detail_part_000.parquet
B10_7010144_고등학교,details/detail_part_000.parquet
B10_7010145_고등학교,details/detail_part_000.parquet
B10_7010146_고등학교,details/detail_part_000.parquet
B10_7010147_고등학교,details/detail_part_000.parquet
B10_7010148_고등학교,details/detail_part_000.parquet
B10_7010149_고등학교,details/detail_part_000.parquet
B10_7010150_고등학교,details/detail_part_000.parquet
B10_7010151_고등학교,details/detail_part_000.parquet
B10_7010152_고등학교,details/detail_part_000.parquet
B10_7010153_고등학교,details/detail_part_000.parquet
B10_7010154_고등학교,details/detail_part_000.parquet
B10_7010155_고등학교,details/detail_part_000.parquet
B10_7010156_고등학교,details/detail_part_000.parquet
B10_7010157_고등학교,details/detail_part_000.parquet
B10_7010158_고등학교,details/detail_part_000.parquet
B10_7010159_고등학교,details/detail_part_000.parquet
B10_7010160_고등학교,details/detail_part_000.parquet
B10_7010163_고등학교,details/detail_part_000.parquet
B10_7010166_고등학교,details/detail_part_000.parquet
B10_7010167_고등학교,details/detail_part_000.parquet
B10_7010168_고등학교,details/detail_part_000.parquet
B10_7010169_고등학교,details/detail_part_000.parquet
B10_7010170_고등학교,details/detail_part_000.parquet
B10_7010171_고등학교,details/detail_part_000.parquet
B10_7010172_고등학교,details/detail_part_000.parquet
B10_7010173_고등학교,details/detail_part_000.parquet
B10_7010174_고등학교,details/detail_part_000.parquet
B10_7010178_고등학교,details/detail_part_000.parquet
B10_7010179_고등학교,details/detail_part_000.parquet
B10_7010181_고등학교,details/detail_part_000.parquet
B10_7010182_고등학교,details/detail_part_000.parquet
B10_7010183_고등학교,details/detail_part_000.parquet
B10_7010185_고등학교,details/detail_part_000.parquet
B10_7010186_고등학교,details/detail_part_000.parquet
B10_7010187_고등학교,details/detail_part_000.parquet
B10_7010188_고등학교,details/detail_part_000.parquet
B10_7010189_고등학교,details/detail_part_000.parquet
B10_7010190_고등학교,details/detail_part_000.parquet
B10_7010191_고등학교,details/detail_part_000.parquet
B10_7010192_고등학교,details/detail_part_000.parquet
B10_7010193_고등학교,details/detail_part_000.parquet
B10_7010194_고등학교,details/detail_part_000.parquet
B10_7010195_고등학교,details/detail_part_000.parquet
B10_7010196_고등학교,details/detail_part_000.parquet
B10_7010197_고등학교,details/detail_part_000.parquet
B10_7010198_고등학교,details/detail_part_000.parquet
B10_7010199_고등학교,details/detail_part_000.parquet
B10_7010200_고등학교,details/detail_part_000.parquet
B10_7010201_고등학교,details/detail_part_000.parquet
B10_7010202_고등학교,details/detail_part_000.parquet
B10_7010203_고등학교,details/detail_part_000.parquet
B10_7010204_고등학교,details/detail_part_000.parquet
B10_7010205_고등학교,details/detail_part_000.parquet
B10_7010206_고등학교,details/detail_part_000.parquet
B10_7010208_고등학교,details/detail_part_000.parquet
B10_7010209_고등학교,details/detail_part_000.parquet
B10_7010212_고등학교,details/detail_part_000.parquet
B10_7010214_고등학교,details/detail_part_000.parquet
B10_7010215_고등학교,details/detail_part_000.parquet
B10_7010216_고등학교,details/detail_part_000.parquet
B10_7010217_고등학교,details/detail_part_000.parquet
B10_7010218_고등학교,details/detail_part_000.parquet
B10_7010219_고등학교,details/detail_part_000.parquet
B10_7010220_고등학교,details/detail_part_000.parquet
B10_7010221_고등학교,details/detail_part_000.parquet
B10_7010222_고등학교,details/detail_part_000.parquet
B10_7010223_고등학교,details/detail_part_000.parquet
B10_7010226_고등학교,details/detail_part_000.parquet
B10_7010227_고등학교,details/detail_part_000.parquet
B10_7010230_고등학교,details/detail_part_000.parquet
B10_7010231_고등학교,details/detail_part_000.parquet
B10_7010232_고등학교,details/detail_part_000.parquet
B10_7010233_고등학교,details/detail_part_000.parquet
B10_7010234_고등학교,details/detail_part_000.parquet
B10_7010235_고등학교,details/detail_part_000.parquet
B10_7010236_고등학교,details/detail_part_000.parquet
B10_7010237_고등학교,details/detail_part_000.parquet
B10_7010238_고등학교,details/detail_part_000.parquet
B10_7010239_고등학교,details/detail_part_000.parquet
B10_7010240_고등학교,details/detail_part_000.parquet
B10_7010241_고등학교,details/detail_part_000.parquet
B10_7010243_고등학교,details/detail_part_000.parquet
B10_7010244_고등학교,details/detail_part_000.parquet
B10_7010245_고등학교,details/detail_part_000.parquet
B10_7010246_고등학교,details/detail_part_000.parquet
B10_7010247_고등학교,details/detail_part_000.parquet
B10_7010248_고등학교,details/detail_part_000.parquet
B10_7010250_고등학교,details/detail_part_000.parquet
B10_7010251_고등학교,details/detail_part_000.parquet
B10_7010252_고등학교,details/detail_part_000.parquet
B10_7010253_고등학교,details/detail_part_000.parquet
B10_7010254_고등학교,details/detail_part_000.parquet
B10_7010255_고등학교,details/detail_part_000.parquet
B10_7010258_고등학교,details/detail_part_000.parquet
B10_7010259_고등학교,details/detail_part_000.parquet
B10_7010260_고등학교,details/detail_part_000.parquet
B10_7010261_고등학교,details/detail_part_000.parquet
B10_7010262_고등학교,details/detail_part_000.parquet
B10_7010263_고등학교,details/detail_part_000.parquet
B10_7010264_고등학교,details/detail_part_000.parquet
B10_7010265_고등학교,details/detail_part_000.parquet
B10_7010266_고등학교,details/detail_part_000.parquet
B10_7010267_고등학교,details/detail_part_000.parquet
B10_7010268_고등학교,details/detail_part_000.parquet
B10_7010271_고등학교,details/detail_part_000.parquet
B10_7010272_고등학교,details/detail_part_000.parquet
B10_7010278_고등학교,details/detail_part_000.parquet
B10_7010317_고등학교,details/detail_part_000.parquet
B10_7010340_고등학교,details/detail_part_000.parquet
B10_7010346_고등학교,details/detail_part_000.parquet
B10_7010356_고등학교,details/detail_part_000.parquet
B10_7010365_고등학교,details/detail_part_000.parquet
B10_7010370_고등학교,details/detail_part_000.parquet
B10_7010377_고등학교,details/detail_part_000.parquet
B10_7010385_고등학교,details/detail_part_000.parquet
B10_7010386_고등학교,details/detail_part_000.parquet
B10_7010387_고등학교,details/detail_part_000.parquet
B10_7010389_고등학교,details/detail_part_000.parquet
B10_7010390_고등학교,details/detail_part_000.parquet
B10_7010456_고등학교,details/detail_part_000.parquet
B10_7010456_중학교,details/detail_part_000.parquet
B10_7010456_초등학교,details/detail_part_000.parquet
B10_7010457_고등학교,details/detail_part_000.parquet
B10_7010457_중학교,details/detail_part_000.parquet
B10_7010457_초등학교,details/detail_part_000.parquet
B10_7010459_고등학교,details/detail_part_000.parquet
B10_7010459_중학교,details/detail_part_000.parquet
B10_7010459_초등학교,details/detail_part_000.parquet
B10_7010460_고등학교,details/detail_part_000.parquet
B10_7010460_중학교,details/detail_part_000.parquet
B10_7010460_초등학교,details/detail_part_000.parquet
B10_7010464_고등학교,details/detail_part_000.parquet
B10_7010464_중학교,details/detail_part_000.parquet
B10_7010464_초등학교,details/detail_part_000.parquet
B10_7010465_고등학교,details/detail_part_000.parquet
B10_7010465_중학교,details/detail_part_000.parquet
B10_7010465_초등학교,details/detail_part_000.parquet
B10_7010469_고등학교,details/detail_part_000.parquet
B10_7010469_중학교,details/detail_part_000.parquet
B10_7010469_초등학교,details/detail_part_000.parquet
B10_7010472_고등학교,details/detail_part_000.parquet
B10_7010472_중학교,details/detail_part_000.parquet
B10_7010472_초등학교,details/detail_part_000.parquet
B10_7010473_고등학교,details/detail_part_000.parquet
B10_7010473_중학교,details/detail_part_000.parquet
B10_7010473_초등학교,details/detail_part_000.parquet
B10_7010474_고등학교,details/detail_part_000.parquet
B10_7010474_중학교,details/detail_part_000.parquet
B10_7010474_초등학교,details/detail_part_000.parquet
B10_7010519_고등학교,details/detail_part_000.parquet
B10_7010519_중학교,details/detail_part_000.parquet
B10_7010519_초등학교,details/detail_part_000.parquet
B10_7010520_고등학교,details/detail_part_000.parquet
B10_7010520_중학교,details/detail_part_000.parquet
B10_7010520_초등학교,details/detail_part_000.parquet
B10_7010521_고등학교,details/detail_part_000.parquet
B10_7010521_중학교,details/detail_part_000.parquet
B10_7010521_초등학교,details/detail_part_000.parquet
B10_7010533_고등학교,details/detail_part_000.parquet
B10_7010533_중학교,details/detail_part_000.parquet
B10_7010533_초등학교,details/detail_part_000.parquet
B10_7010536_고등학교,details/detail_part_000.parquet
B10_7010537_고등학교,details/detail_part_000.parquet
B10_7010544_고등학교,details/detail_part_000.parquet
B10_7010547_고등학교,details/detail_part_000.parquet
B10_7010552_고등학교,details/detail_part_000.parquet
B10_7010559_고등학교,details/detail_part_000.parquet
B10_7010560_고등학교,details/detail_part_000.parquet
B10_7010561_고등학교,details/detail_part_000.parquet
B10_7010561_중학교,details/detail_part_000.parquet
B10_7010561_초등학교,details/detail_part_000.parquet
B10_7010562_고등학교,details/detail_part_000.parquet
B10_7010563_고등학교,details/detail_part_000.parquet
B10_7010564_고등학교,details/detail_part_000.parquet
B10_7010565_고등학교,details/detail_part_000.parquet
B10_7010566_고등학교,details/detail_part_000.parquet
B10_7010567_고등학교,details/detail_part_000.parquet
B10_7010572_고등학교,details/detail_part_000.parquet
B10_7010575_고등학교,details/detail_part_000.parquet
B10_7010575_중학교,details/detail_part_000.parquet
B10_7010575_초등학교,details/detail_part_000.parquet
B10_7010578_고등학교,details/detail_part_000.parquet
B10_7010578_중학교,details/detail_part_000.parquet
B10_7010578_초등학교,details/detail_part_000.parquet
B10_7010582_고등학교,details/detail_part_000.parquet
B10_7010582_중학교,details/detail_part_000.parquet
B10_7010582_초등학교,details/detail_part_000.parquet
B10_7010583_고등학교,details/detail_part_000.parquet
B10_7010583_중학교,details/detail_part_000.parquet
B10_7010583_초등학교,details/detail_part_000.parquet
B10_7010589_고등학교,details/detail_part_000.parquet
B10_7010590_고등학교,details/detail_part_000.parquet
B10_7010591_고등학교,details/detail_part_000.parquet
B10_7010593_고등학교,details/detail_part_000.parquet
B10_7010594_고등학교,details/detail_part_000.parquet
B10_7010697_고등학교,details/detail_part_000.parquet
B10_7010698_고등학교,details/detail_part_000.parquet
B10_7010700_고등학교,details/detail_part_000.parquet
B10_7010701_고등학교,details/detail_part_000.parquet
B10_7010702_고등학교,details/detail_part_000.parquet
B10_7010703_고등학교,details/detail_part_000.parquet
B10_7010712_고등학교,details/detail_part_000.parquet
B10_7010721_고등학교,details/detail_part_000.parquet
B10_7010734_고등학교,details/detail_part_000.parquet
B10_7010735_고등학교,details/detail_part_000.parquet
B10_7010736_고등학교,details/detail_part_000.parquet
B10_7010737_고등학교,details/detail_part_000.parquet
B10_7010738_고등학교,details/detail_part_000.parquet
B10_7010739_고등학교,details/detail_part_000.parquet
B10_7010740_고등학교,details/detail_part_000.parquet
B10_7010741_고등학교,details/detail_part_000.parquet
B10_7010744_고등학교,details/detail_part_000.parquet
B10_7010747_고등학교,details/detail_part_000.parquet
B10_7010764_고등학교,details/detail_part_000.parquet
B10_7010765_고등학교,details/detail_part_000.parquet
B10_7010766_고등학교,details/detail_part_000.parquet
B10_7010793_고등학교,details/detail_part_000.parquet
B10_7010795_고등학교,details/detail_part_000.parquet
B10_7010797_고등학교,details/detail_part_000.parquet
B10_7010805_고등학교,details/detail_part_000.parquet
B10_7010806_고등학교,details/detail_part_000.parquet
B10_7010808_고등학교,details/detail_part_000.parquet
B10_7010810_고등학교,details/detail_part_000.parquet
B10_7010811_고등학교,details/detail_part_000.parquet
B10_7010813_고등학교,details/detail_part_000.parquet
B10_7010816_고등학교,details/detail_part_000.parquet
B10_7010817_고등학교,details/detail_part_000.parquet
B10_7010818_고등학교,details/detail_part_000.parquet
B10_7010827_고등학교,details/detail_part_000.parquet
B10_7010828_고등학교,details/detail_part_000.parquet
B10_7010833_고등학교,details/detail_part_000.parquet
B10_7010835_고등학교,details/detail_part_000.parquet
B10_7010836_고등학교,details/detail_part_000.parquet
B10_7010837_고등학교,details/detail_part_000.parquet
B10_7010859_고등학교,details/detail_part_000.parquet
B10_7010859_중학교,details/detail_part_000.parquet
B10_7010859_초등학교,details/detail_part_000.parquet
B10_7010882_고등학교,details/detail_part_000.parquet
B10_7010883_고등학교,details/detail_part_000.parquet
B10_7010884_고등학교,details/detail_part_000.parquet
B10_7010885_고등학교,details/detail_part_000.parquet
B10_7010886_고등학교,details/detail_part_000.parquet
B10_7010888_고등학교,details/detail_part_000.parquet
B10_7010889_고등학교,details/detail_part_000.parquet
B10_7010906_고등학교,details/detail_part_000.parquet
B10_7010908_고등학교,details/detail_part_000.parquet
B10_7010911_고등학교,details/detail_part_000.parquet
B10_7010916_고등학교,details/detail_part_000.parquet
B10_7010917_고등학교,details/detail_part_000.parquet
B10_7010918_고등학교,details/detail_part_000.parquet
B10_7010958_고등학교,details/detail_part_000.parquet
B10_7010959_고등학교,details/detail_part_000.parquet
B10_7010960_고등학교,details/detail_part_000.parquet
B10_7010962_고등학교,details/detail_part_000.parquet
B10_7010964_고등학교,details/detail_part_000.parquet
B10_7010965_고등학교,details/detail_part_000.parquet
B10_7010966_고등학교,details/detail_part_000.parquet
B10_7010983_고등학교,details/detail_part_000.parquet
B10_7010984_고등학교,details/detail_part_000.parquet
B10_7010985_고등학교,details/detail_part_000.parquet
B10_7011084_고등학교,details/detail_part_000.parquet
B10_7011085_고등학교,details/detail_part_000.parquet
B10_7011087_고등학교,details/detail_part_000.parquet
B10_7011088_고등학교,details/detail_part_000.parquet
B10_7011089_고등학교,details/detail_part_000.parquet
B10_7011096_고등학교,details/detail_part_000.parquet
B10_7011109_고등학교,details/detail_part_000.parquet
B10_7011111_고등학교,details/detail_part_000.parquet
B10_7011112_고등학교,details/detail_part_000.parquet
B10_7011113_고등학교,details/detail_part_000.parquet
B10_7011120_고등학교,details/detail_part_000.parquet
B10_7011122_고등학교,details/detail_part_000.parquet
B10_7011125_고등학교,details/detail_part_000.parquet
B10_7011138_고등학교,details/detail_part_000.parquet
B10_7011139_중학교,details/detail_part_000.parquet
B10_7011140_고등학교,details/detail_part_000.parquet
B10_7011142_고등학교,details/detail_part_000.parquet
B10_7011143_중학교,details/detail_part_000.parquet
B10_7011144_고등학교,details/detail_part_000.parquet
B10_7011145_중학교,details/detail_part_000.parquet
B10_7011148_고등학교,details/detail_part_000.parquet
B10_7011149_고등학교,details/detail_part_000.parquet
B10_7011150_고등학교,details/detail_part_000.parquet
B10_7011169_고등학교,details/detail_part_000.parquet
B10_7011179_고등학교,details/detail_part_000.parquet
B10_7011180_고등학교,details/detail_part_000.parquet
B10_7011184_고등학교,details/detail_part_000.parquet
B10_7011186_고등학교,details/detail_part_000.parquet
B10_7011207_고등학교,details/detail_part_000.parquet
B10_7011208_고등학교,details/detail_part_000.parquet
B10_7011213_고등학교,details/detail_part_000.parquet
B10_7011309_고등학교,details/detail_part_000.parquet
B10_7011309_중학교,details/detail_part_000.parquet
B10_7011309_초등학교,details/detail_part_000.parquet
B10_7011312_고등학교,details/detail_part_000.parquet
B10_7011315_고등학교,details/detail_part_000.parquet
B10_7011316_고등학교,details/detail_part_000.parquet
B10_7011317_고등학교,details/detail_part_000.parquet
B10_7011318_고등학교,details/detail_part_000.parquet
B10_7011319_고등학교,details/detail_part_000.parquet
B10_7011320_고등학교,details/detail_part_000.parquet
B10_7011457_고등학교,details/detail_part_000.parquet
B10_7011468_고등학교,details/detail_part_000.parquet
B10_7011468_중학교,details/detail_part_000.parquet
B10_7011468_초등학교,details/detail_part_000.parquet
B10_7011482_고등학교,details/detail_part_000.parquet
B10_7011483_고등학교,details/detail_part_000.parquet
B10_7011483_중학교,details/detail_part_000.parquet
B10_7011483_초등학교,details/detail_part_000.parquet
B10_7011484_고등학교,details/detail_part_000.parquet
B10_7011484_중학교,details/detail_part_000.parquet
B10_7011484_초등학교,details/detail_part_000.parquet
B10_7011485_고등학교,details/detail_part_000.parquet
B10_7011485_중학교,details/detail_part_000.parquet
B10_7011485_초등학교,details/detail_part_000.parquet
B10_7011486_고등학교,details/detail_part_000.parquet
B10_7011487_고등학교,details/detail_part_000.parquet
B10_7011488_고등학교,details/detail_part_000.parquet
B10_7011489_고등학교,details/detail_part_000.parquet
B10_7011490_고등학교,details/detail_part_000.parquet
B10_7011491_고등학교,details/detail_part_000.parquet
B10_7011492_고등학교,details/detail_part_000.parquet
B10_7011493_고등학교,details/detail_part_000.parquet
B10_7011494_고등학교,details/detail_part_000.parquet
B10_7011495_고등학교,details/detail_part_000.parquet
B10_7011498_고등학교,details/detail_part_000.parquet
B10_7011505_고등학교,details/detail_part_000.parquet
B10_7011506_고등학교,details/detail_part_000.parquet
B10_7011507_고등학교,details/detail_part_000.parquet
B10_7011508_고등학교,details/detail_part_000.parquet
B10_7011513_고등학교,details/detail_part_000.parquet
B10_7011539_고등학교,details/detail_part_000.parquet
B10_7011540_고등학교,details/detail_part_000.parquet
B10_7011558_고등학교,details/detail_part_000.parquet
B10_7011568_고등학교,details/detail_part_000.parquet
B10_7011569_고등학교,details/detail_part_000.parquet
B10_7011575_고등학교,details/detail_part_000.parquet
B10_7011583_고등학교,details/detail_part_000.parquet
B10_7011584_고등학교,details/detail_part_000.parquet
B10_7011585_고등학교,details/detail_part_000.parquet
B10_7011586_고등학교,details/detail_part_000.parquet
B10_7011650_고등학교,details/detail_part_000.parquet
B10_7011651_고등학교,details/detail_part_000.parquet
B10_7021079_초등학교,details/detail_part_000.parquet
B10_7021080_초등학교,details/detail_part_000.parquet
B10_7021082_초등학교,details/detail_part_000.parquet
B10_7021083_초등학교,details/detail_part_000.parquet
B10_7021084_초등학교,details/detail_part_000.parquet
B10_7021085_초등학교,details/detail_part_000.parquet
B10_7021086_초등학교,details/detail_part_000.parquet
B10_7021087_초등학교,details/detail_part_000.parquet
B10_7021088_초등학교,details/detail_part_000.parquet
B10_7021089_초등학교,details/detail_part_000.parquet
B10_7021090_초등학교,details/detail_part_000.parquet
B10_7021091_초등학교,details/detail_part_000.parquet
B10_7021093_초등학교,details/detail_part_000.parquet
B10_7021094_초등학교,details/detail_part_000.parquet
B10_7021095_초등학교,details/detail_part_000.parquet
B10_7021096_초등학교,details/detail_part_000.parquet
B10_7021097_초등학교,details/detail_part_000.parquet
B10_7021098_초등학교,details/detail_part_000.parquet
B10_7021099_초등학교,details/detail_part_000.parquet
B10_7021100_초등학교,details/detail_part_000.parquet
B10_7021101_초등학교,details/detail_part_000.parquet
B10_7021102_초등학교,details/detail_part_000.parquet
B10_7021103_초등학교,details/detail_part_000.parquet
B10_7021104_초등학교,details/detail_part_000.parquet
B10_7021105_초등학교,details/detail_part_000.parquet
B10_7021106_초등학교,details/detail_part_000.parquet
B10_7021107_초등학교,details/detail_part_000.parquet
B10_7021108_초등학교,details/detail_part_000.parquet
B10_7021109_초등학교,details/detail_part_000.parquet
B10_7021110_초등학교,details/detail_part_000.parquet
B10_7021111_초등학교,details/detail_part_000.parquet
B10_7021112_초등학교,details/detail_part_000.parquet
B10_7021113_초등학교,details/detail_part_000.parquet
B10_7021114_초등학교,details/detail_part_000.parquet
B10_7021115_초등학교,details/detail_part_000.parquet
B10_7021116_초등학교,details/detail_part_000.parquet
B10_7021117_초등학교,details/detail_part_000.parquet
B10_7021118_초등학교,details/detail_part_000.parquet
B10_7021119_초등학교,details/detail_part_000.parquet
B10_7021120_초등학교,details/detail_part_000.parquet
B10_7021121_초등학교,details/detail_part_000.parquet
B10_7021122_중학교,details/detail_part_000.parquet
B10_7021123_중학교,details/detail_part_000.parquet
B10_7021124_중학교,details/detail_part_000.parquet
B10_7021125_중학교,details/detail_part_000.parquet
B10_7021126_중학교,details/detail_part_000.parquet
B10_7021127_중학교,details/detail_part_000.parquet
B10_7021128_중학교,details/detail_part_000.parquet
B10_7021129_중학교,details/detail_part_000.parquet
B10_7021130_중학교,details/detail_part_000.parquet
B10_7021131_중학교,details/detail_part_000.parquet
B10_7021133_중학교,details/detail_part_000.parquet
B10_7021134_중학교,details/detail_part_000.parquet
B10_7021135_중학교,details/detail_part_000.parquet
B10_7021136_중학교,details/detail_part_000.parquet
B10_7021137_중학교,details/detail_part_000.parquet
B10_7021138_중학교,details/detail_part_000.parquet
B10_7021139_중학교,details/detail_part_000.parquet
B10_7021140_중학교,details/detail_part_000.parquet
B10_7021141_중학교,details/detail_part_000.parquet
B10_7021142_중학교,details/detail_part_000.parquet
B10_7021143_중학교,details/detail_part_000.parquet
B10_7021144_중학교,details/detail_part_000.parquet
B10_7021145_중학교,details/detail_part_000.parquet
B10_7021146_중학교,details/detail_part_000.parquet
B10_7021147_중학교,details/detail_part_000.parquet
B10_7021148_중학교,details/detail_part_000.parquet
B10_7021149_중학교,details/detail_part_000.parquet
B10_7021150_중학교,details/detail_part_000.parquet
B10_7021168_초등학교,details/detail_part_000.parquet
B10_7021181_초등학교,details/detail_part_000.parquet
B10_7021205_초등학교,details/detail_part_000.parquet
B10_7021211_중학교,details/detail_part_000.parquet
B10_7031110_초등학교,details/detail_part_000.parquet
B10_7031111_초등학교,details/detail_part_000.parquet
B10_7031112_초등학교,details/detail_part_000.parquet
B10_7031113_초등학교,details/detail_part_000.parquet
B10_7031114_초등학교,details/detail_part_000.parquet
B10_7031115_초등학교,details/detail_part_000.parquet
B10_7031116_초등학교,details/detail_part_000.parquet
B10_7031117_초등학교,details/detail_part_000.parquet
B10_7031118_초등학교,details/detail_part_000.parquet
B10_7031119_초등학교,details/detail_part_000.parquet
B10_7031120_초등학교,details/detail_part_000.parquet
B10_7031121_초등학교,details/detail_part_000.parquet
B10_7031122_초등학교,details/detail_part_000.parquet
B10_7031123_초등학교,details/detail_part_000.parquet
B10_7031124_초등학교,details/detail_part_000.parquet
B10_7031125_초등학교,details/detail_part_000.parquet
B10_7031126_초등학교,details/detail_part_000.parquet
B10_7031127_초등학교,details/detail_part_000.parquet
B10_7031128_초등학교,details/detail_part_000.parquet
B10_7031129_초등학교,details/detail_part_000.parquet
B10_7031130_초등학교,details/detail_part_000.parquet
B10_7031131_초등학교,details/detail_part_000.parquet
B10_7031132_초등학교,details/detail_part_000.parquet
B10_7031133_초등학교,details/detail_part_000.parquet
B10_7031134_초등학교,details/detail_part_000.parquet
B10_7031135_초등학교,details/detail_part_000.parquet
B10_7031136_초등학교,details/detail_part_000.parquet
B10_7031137_초등학교,details/detail_part_000.parquet
B10_7031138_초등학교,details/detail_part_000.parquet
B10_7031139_초등학교,details/detail_part_000.parquet
B10_7031140_초등학교,details/detail_part_000.parquet
B10_7031141_초등학교,details/detail_part_000.parquet
B10_7031142_초등학교,details/detail_part_000.parquet
B10_7031143_초등학교,details/detail_part_000.parquet
B10_7031144_초등학교,details/detail_part_000.parquet
B10_7031145_초등학교,details/detail_part_000.parquet
B10_7031146_초등학교,details/detail_part_000.parquet
B10_7031147_초등학교,details/detail_part_000.parquet
B10_7031148_초등학교,details/detail_part_000.parquet
B10_7031149_초등학교,details/detail_part_000.parquet
B10_7031150_초등학교,details/detail_part_000.parquet
B10_7031151_초등학교,details/detail_part_000.parquet
B10_7031152_초등학교,details/detail_part_000.parquet
B10_7031153_초등학교,details/detail_part_000.parquet
B10_7031154_초등학교,details/detail_part_000.parquet
B10_7031155_초등학교,details/detail_part_000.parquet
B10_7031156_초등학교,details/detail_part_000.parquet
B10_7031157_초등학교,details/detail_part_000.parquet
B10_7031158_초등학교,details/detail_part_000.parquet
B10_7031159_초등학교,details/detail_part_000.parquet
B10_7031160_초등학교,details/detail_part_000.parquet
B10_7031161_초등학교,details/detail_part_000.parquet
B10_7031162_초등학교,details/detail_part_000.parquet
B10_7031163_초등학교,details/detail_part_000.parquet
B10_7031164_초등학교,details/detail_part_000.parquet
B10_7031165_초등학교,details/detail_part_000.parquet
B10_7031166_초등학교,details/detail_part_000.parquet
B10_7031167_초등학교,details/detail_part_000.parquet
B10_7031168_초등학교,details/detail_part_000.parquet
B10_7031169_초등학교,details/detail_part_000.parquet
B10_7031170_초등학교,details/detail_part_000.parquet
B10_7031172_초등학교,details/detail_part_000.parquet
B10_7031174_초등학교,details/detail_part_000.parquet
B10_7031175_초등학교,details/detail_part_000.parquet
B10_7031176_초등학교,details/detail_part_000.parquet
B10_7031177_초등학교,details/detail_part_000.parquet
B10_7031179_중학교,details/detail_part_000.parquet
B10_7031180_중학교,details/detail_part_000.parquet
B10_7031181_중학교,details/detail_part_000.parquet
B10_7031182_중학교,details/detail_part_000.parquet
B10_7031183_중학교,details/detail_part_000.parquet
B10_7031184_중학교,details/detail_part_000.parquet
B10_7031185_중학교,details/detail_part_000.parquet
B10_7031186_중학교,details/detail_part_000.parquet
B10_7031187_중학교,details/detail_part_000.parquet
B10_7031188_중학교,details/detail_part_000.parquet
B10_7031189_중학교,details/detail_part_000.parquet
B10_7031190_중학교,details/detail_part_000.parquet
B10_7031191_중학교,details/detail_part_000.parquet
B10_7031192_중학교,details/detail_part_000.parquet
B10_7031193_중학교,details/detail_part_000.parquet
B10_7031194_중학교,details/detail_part_000.parquet
B10_7031195_중학교,details/detail_part_000.parquet
B10_7031196_중학교,details/detail_part_000.parquet
B10_7031197_중학교,details/detail_part_000.parquet
B10_7031198_중학교,details/detail_part_000.parquet
B10_7031199_중학교,details/detail_part_000.parquet
B10_7031200_중학교,details/detail_part_000.parquet
B10_7031201_중학교,details/detail_part_000.parquet
B10_7031202_중학교,details/detail_part_000.parquet
B10_7031203_중학교,details/detail_part_000.parquet
B10_7031204_중학교,details/detail_part_000.parquet
B10_7031205_중학교,details/detail_part_000.parquet
B10_7031206_중학교,details/detail_part_000.parquet
B10_7031207_중학교,details/detail_part_000.parquet
B10_7031208_중학교,details/detail_part_000.parquet
B10_7031209_중학교,details/detail_part_000.parquet
B10_7031210_중학교,details/detail_part_000.parquet
B10_7031211_중학교,details/detail_part_000.parquet
B10_7031212_중학교,details/detail_part_000.parquet
B10_7031213_중학교,details/detail_part_000.parquet
B10_7031214_중학교,details/detail_part_000.parquet
B10_7031215_중학교,details/detail_part_000.parquet
B10_7031216_중학교,details/detail_part_000.parquet
B10_7031217_중학교,details/detail_part_000.parquet
B10_7031218_중학교,details/detail_part_000.parquet
B10_7031219_중학교,details/detail_part_000.parquet
B10_7031220_중학교,details/detail_part_000.parquet
B10_7031221_중학교,details/detail_part_000.parquet
B10_7031222_중학교,details/detail_part_000.parquet
B10_7031223_중학교,details/detail_part_000.parquet
B10_7031230_초등학교,details/detail_part_000.parquet
B10_7031231_초등학교,details/detail_part_000.parquet
B10_7031232_초등학교,details/detail_part_000.parquet
B10_7031261_중학교,details/detail_part_000.parquet
B10_7031272_중학교,details/detail_part_000.parquet
B10_7031278_초등학교,details/detail_part_000.parquet
B10_7031285_초등학교,details/detail_part_000.parquet
B10_7041099_초등학교,details/detail_part_000.parquet
B10_7041100_초등학교,details/detail_part_000.parquet
B10_7041101_초등학교,details/detail_part_000.parquet
B10_7041102_초등학교,details/detail_part_000.parquet
B10_7041103_초등학교,details/detail_part_000.parquet
B10_7041104_초등학교,details/detail_part_000.parquet
B10_7041105_초등학교,details/detail_part_000.parquet
B10_7041106_초등학교,details/detail_part_000.parquet
B10_7041107_초등학교,details/detail_part_000.parquet
B10_7041108_초등학교,details/detail_part_000.parquet
B10_7041109_초등학교,details/detail_part_000.parquet
B10_7041110_초등학교,details/detail_part_000.parquet
B10_7041111_초등학교,details/detail_part_000.parquet
B10_7041112_초등학교,details/detail_part_000.parquet
B10_7041113_초등학교,details/detail_part_000.parquet
B10_7041114_초등학교,details/detail_part_000.parquet
B10_7041115_초등학교,details/detail_part_000.parquet
B10_7041116_초등학교,details/detail_part_000.parquet
B10_7041117_초등학교,details/detail_part_000.parquet
B10_7041118_초등학교,details/detail_part_000.parquet
B10_7041119_초등학교,details/detail_part_000.parquet
B10_7041120_초등학교,details/detail_part_000.parquet
B10_7041121_초등학교,details/detail_part_000.parquet
B10_7041122_초등학교,details/detail_part_000.parquet
B10_7041123_초등학교,details/detail_part_000.parquet
B10_7041124_초등학교,details/detail_part_000.parquet
B10_7041125_초등학교,details/detail_part_000.parquet
B10_7041126_초등학교,details/detail_part_000.parquet
B10_7041127_초등학교,details/detail_part_000.parquet
B10_7041128_초등학교,details/detail_part_000.parquet
B10_7041129_초등학교,details/detail_part_000.parquet
B10_7041130_초등학교,details/detail_part_000.parquet
B10_7041131_초등학교,details/detail_part_000.parquet
B10_7041132_초등학교,details/detail_part_000.parquet
B10_7041133_초등학교,details/detail_part_000.parquet
B10_7041134_초등학교,details/detail_part_000.parquet
B10_7041135_초등학교,details/detail_part_000.parquet
B10_7041136_초등학교,details/detail_part_000.parquet
B10_7041137_초등학교,details/detail_part_000.parquet
B10_7041138_초등학교,details/detail_part_000.parquet
B10_7041139_초등학교,details/detail_part_000.parquet
B10_7041140_초등학교,details/detail_part_000.parquet
B10_7041141_초등학교,details/detail_part_000.parquet
B10_7041142_초등학교,details/detail_part_000.parquet
B10_7041143_초등학교,details/detail_part_000.parquet
B10_7041144_초등학교,details/detail_part_000.parquet
B10_7041145_초등학교,details/detail_part_000.parquet
B10_7041146_초등학교,details/detail_part_000.parquet
B10_7041147_초등학교,details/detail_part_000.parquet
B10_7041148_초등학교,details/detail_part_000.parquet
B10_7041149_초등학교,details/detail_part_000.parquet
B10_7041150_초등학교,details/detail_part_000.parquet
B10_7041151_초등학교,details/detail_part_000.parquet
B10_7041152_초등학교,details/detail_part_000.parquet
B10_7041153_초등학교,details/detail_part_000.parquet
B10_7041154_초등학교,details/detail_part_000.parquet
B10_7041155_초등학교,details/detail_part_000.parquet
B10_7041156_초등학교,details/detail_part_000.parquet
B10_7041157_초등학교,details/detail_part_000.parquet
B10_7041158_초등학교,details/detail_part_001.parquet
B10_7041159_초등학교,details/detail_part_001.parquet
B10_7041160_초등학교,details/detail_part_001.parquet
B10_7041161_초등학교,details/detail_part_001.parquet
B10_7041164_중학교,details/detail_part_001.parquet
B10_7041165_중학교,details/detail_part_001.parquet
B10_7041166_중학교,details/detail_part_001.parquet
B10_7041167_중학교,details/detail_part_001.parquet
B10_7041168_중학교,details/detail_part_001.parquet
B10_7041169_중학교,details/detail_part_001.parquet
B10_7041170_중학교,details/detail_part_001.parquet
B10_7041171_중학교,details/detail_part_001.parquet
B10_7041172_중학교,details/detail_part_001.parquet
B10_7041173_중학교,details/detail_part_001.parquet
B10_7041174_중학교,details/detail_part_001.parquet
B10_7041175_중학교,details/detail_part_001.parquet
B10_7041176_중학교,details/detail_part_001.parquet
B10_7041177_중학교,details/detail_part_001.parquet
B10_7041178_중학교,details/detail_part_001.parquet
B10_7041179_중학교,details/detail_part_001.parquet
B10_7041180_중학교,details/detail_part_001.parquet
B10_7041181_중학교,details/detail_part_001.parquet
B10_7041182_중학교,details/detail_part_001.parquet
B10_7041183_중학교,details/detail_part_001.parquet
B10_7041184_중학교,details/detail_part_001.parquet
B10_7041185_중학교,details/detail_part_001.parquet
B10_7041186_중학교,details/detail_part_001.parquet
B10_7041187_중학교,details/detail_part_001.parquet
B10_7041188_중학교,details/detail_part_001.parquet
B10_7041189_중학교,details/detail_part_001.parquet
B10_7041190_중학교,details/detail_part_001.parquet
B10_7041191_중학교,details/detail_part_001.parquet
B10_7041192_중학교,details/detail_part_001.parquet
B10_7041193_중학교,details/detail_part_001.parquet
B10_7041194_중학교,details/detail_part_001.parquet
B10_7041195_중학교,details/detail_part_001.parquet
B10_7041209_초등학교,details/detail_part_001.parquet
B10_7041214_초등학교,details/detail_part_001.parquet
B10_7041238_중학교,details/detail_part_001.parquet
B10_7041260_초등학교,details/detail_part_001.parquet
B10_7041262_중학교,details/detail_part_001.parquet
B10_7041263_중학교,details/detail_part_001.parquet
B10_7041266_초등학교,details/detail_part_001.parquet
B10_7041267_초등학교,details/detail_part_001.parquet
B10_7041274_중학교,details/detail_part_001.parquet
B10_7041275_고등학교,details/detail_part_001.parquet
B10_7051109_초등학교,details/detail_part_001.parquet
B10_7051110_초등학교,details/detail_part_001.parquet
B10_7051111_초등학교,details/detail_part_001.parquet
B10_7051112_초등학교,details/detail_part_001.parquet
B10_7051113_초등학교,details/detail_part_001.parquet
B10_7051114_초등학교,details/detail_part_001.parquet
B10_7051115_초등학교,details/detail_part_001.parquet
B10_7051116_초등학교,details/detail_part_001.parquet
B10_7051117_초등학교,details/detail_part_001.parquet
B10_7051118_초등학교,details/detail_part_001.parquet
B10_7051119_초등학교,details/detail_part_001.parquet
B10_7051120_초등학교,details/detail_part_001.parquet
B10_7051121_초등학교,details/detail_part_001.parquet
B10_7051122_초등학교,details/detail_part_001.parquet
B10_7051123_초등학교,details/detail_part_001.parquet
B10_7051124_초등학교,details/detail_part_001.parquet
B10_7051125_초등학교,details/detail_part_001.parquet
B10_7051126_초등학교,details/detail_part_001.parquet
B10_7051127_초등학교,details/detail_part_001.parquet
B10_7051128_초등학교,details/detail_part_001.parquet
B10_7051129_초등학교,details/detail_part_001.parquet
B10_7051130_초등학교,details/detail_part_001.parquet
B10_7051131_초등학교,details/detail_part_001.parquet
B10_7051132_초등학교,details/detail_part_001.parquet
B10_7051133_초등학교,details/detail_part_001.parquet
B10_7051134_초등학교,details/detail_part_001.parquet
B10_7051135_초등학교,details/detail_part_001.parquet
B10_7051136_초등학교,details/detail_part_001.parquet
B10_7051137_초등학교,details/detail_part_001.parquet
B10_7051138_초등학교,details/detail_part_001.parquet
B10_7051139_초등학교,details/detail_part_001.parquet
B10_7051140_초등학교,details/detail_part_001.parquet
B10_7051141_초등학교,details/detail_part_001.parquet
B10_7051142_초등학교,details/detail_part_001.parquet
B10_7051143_초등학교,details/detail_part_001.parquet
B10_7051144_초등학교,details/detail_part_001.parquet
B10_7051145_초등학교,details/detail_part_001.parquet
B10_7051146_초등학교,details/detail_part_001.parquet
B10_7051147_초등학교,details/detail_part_001.parquet
B10_7051148_초등학교,details/detail_part_001.parquet
B10_7051149_초등학교,details/detail_part_001.parquet
B10_7051150_초등학교,details/detail_part_001.parquet
B10_7051151_초등학교,details/detail_part_001.parquet
B10_7051152_초등학교,details/detail_part_001.parquet
B10_7051153_초등학교,details/detail_part_001.parquet
B10_7051154_초등학교,details/detail_part_001.parquet
B10_7051155_초등학교,details/detail_part_001.parquet
B10_7051156_초등학교,details/detail_part_001.parquet
B10_7051157_초등학교,details/detail_part_001.parquet
B10_7051158_초등학교,details/detail_part_001.parquet
B10_7051159_초등학교,details/detail_part_001.parquet
B10_7051160_초등학교,details/detail_part_001.parquet
B10_7051161_초등학교,details/detail_part_001.parquet
B10_7051162_초등학교,details/detail_part_001.parquet
B10_7051163_초등학교,details/detail_part_001.parquet
B10_7051164_초등학교,details/detail_part_001.parquet
B10_7051165_초등학교,details/detail_part_001.parquet
B10_7051166_초등학교,details/detail_part_001.parquet
B10_7051167_초등학교,details/detail_part_001.parquet
B10_7051168_초등학교,details/detail_part_001.parquet
B10_7051169_초등학교,details/detail_part_001.parquet
B10_7051170_초등학교,details/detail_part_001.parquet
B10_7051171_초등학교,details/detail_part_001.parquet
B10_7051172_초등학교,details/detail_part_001.parquet
B10_7051173_초등학교,details/detail_part_001.parquet
B10_7051174_중학교,details/detail_part_001.parquet
B10_7051175_중학교,details/detail_part_001.parquet
B10_7051176_중학교,details/detail_part_001.parquet
B10_7051177_중학교,details/detail_part_001.parquet
B10_7051178_중학교,details/detail_part_001.parquet
B10_7051179_중학교,details/detail_part_001.parquet
B10_7051180_중학교,details/detail_part_001.parquet
B10_7051181_중학교,details/detail_part_001.parquet
B10_7051182_중학교,details/detail_part_001.parquet
B10_7051183_중학교,details/detail_part_001.parquet
B10_7051184_중학교,details/detail_part_001.parquet
B10_7051185_중학교,details/detail_part_001.parquet
B10_7051186_중학교,details/detail_part_001.parquet
B10_7051187_중학교,details/detail_part_001.parquet
B10_7051188_중학교,details/detail_part_001.parquet
B10_7051189_중학교,details/detail_part_001.parquet
B10_7051190_중학교,details/detail_part_001.parquet
B10_7051191_중학교,details/detail_part_001.parquet
B10_7051192_중학교,details/detail_part_001.parquet
B10_7051193_중학교,details/detail_part_001.parquet
B10_7051194_중학교,details/detail_part_001.parquet
B10_7051195_중학교,details/detail_part_001.parquet
B10_7051196_중학교,details/detail_part_001.parquet
B10_7051197_중학교,details/detail_part_001.parquet
B10_7051198_중학교,details/detail_part_001.parquet
B10_7051199_중학교,details/detail_part_001.parquet
B10_7051200_중학교,details/detail_part_001.parquet
B10_7051201_중학교,details/detail_part_001.parquet
B10_7051202_중학교,details/detail_part_001.parquet
B10_7051203_중학교,details/detail_part_001.parquet
B10_7051204_중학교,details/detail_part_001.parquet
B10_7051205_중학교,details/detail_part_001.parquet
B10_7051206_중학교,details/detail_part_001.parquet
B10_7051207_중학교,details/detail_part_001.parquet
B10_7051208_중학교,details/detail_part_001.parquet
B10_7051209_중학교,details/detail_part_001.parquet
B10_7051210_중학교,details/detail_part_001.parquet
B10_7051212_중학교,details/detail_part_001.parquet
B10_7051213_중학교,details/detail_part_001.parquet
B10_7051259_중학교,details/detail_part_001.parquet
B10_7061054_초등학교,details/detail_part_001.parquet
B10_7061055_초등학교,details/detail_part_001.parquet
B10_7061056_초등학교,details/detail_part_001.parquet
B10_7061057_초등학교,details/detail_part_001.parquet
B10_7061058_초등학교,details/detail_part_001.parquet
B10_7061059_초등학교,details/detail_part_001.parquet
B10_7061060_초등학교,details/detail_part_001.parquet
B10_7061061_초등학교,details/detail_part_001.parquet
B10_7061062_초등학교,details/detail_part_001.parquet
B10_7061063_초등학교,details/detail_part_001.parquet
B10_7061064_초등학교,details/detail_part_001.parquet
B10_7061065_초등학교,details/detail_part_001.parquet
B10_7061067_초등학교,details/detail_part_001.parquet
B10_7061068_초등학교,details/detail_part_001.parquet
B10_7061069_초등학교,details/detail_part_001.parquet
B10_7061070_초등학교,details/detail_part_001.parquet
B10_7061072_초등학교,details/detail_part_001.parquet
B10_7061073_초등학교,details/detail_part_001.parquet
B10_7061074_초등학교,details/detail_part_001.parquet
B10_7061075_초등학교,details/detail_part_001.parquet
B10_7061076_초등학교,details/detail_part_001.parquet
B10_7061077_초등학교,details/detail_part_001.parquet
B10_7061078_초등학교,details/detail_part_001.parquet
B10_7061079_초등학교,details/detail_part_001.parquet
B10_7061080_초등학교,details/detail_part_001.parquet
B10_7061081_초등학교,details/detail_part_001.parquet
B10_7061082_초등학교,details/detail_part_001.parquet
B10_7061083_초등학교,details/detail_part_001.parquet
B10_7061084_초등학교,details/detail_part_001.parquet
B10_7061085_초등학교,details/detail_part_001.parquet
B10_7061086_초등학교,details/detail_part_001.parquet
B10_7061087_초등학교,details/detail_part_001.parquet
B10_7061088_초등학교,details/detail_part_001.parquet
B10_7061089_초등학교,details/detail_part_001.parquet
B10_7061090_초등학교,details/detail_part_001.parquet
B10_7061091_초등학교,details/detail_part_001.parquet
B10_7061092_초등학교,details/detail_part_001.parquet
B10_7061093_초등학교,details/detail_part_001.parquet
B10_7061094_중학교,details/detail_part_001.parquet
B10_7061096_중학교,details/detail_part_001.parquet
B10_7061097_중학교,details/detail_part_001.parquet
B10_7061098_중학교,details/detail_part_001.parquet
B10_7061099_중학교,details/detail_part_001.parquet
B10_7061100_중학교,details/detail_part_001.parquet
B10_7061101_중학교,details/detail_part_001.parquet
B10_7061102_중학교,details/detail_part_001.parquet
B10_7061103_중학교,details/detail_part_001.parquet
B10_7061104_중학교,details/detail_part_001.parquet
B10_7061105_중학교,details/detail_part_001.parquet
B10_7061106_중학교,details/detail_part_001.parquet
B10_7061108_중학교,details/detail_part_001.parquet
B10_7061109_중학교,details/detail_part_001.parquet
B10_7061110_중학교,details/detail_part_001.parquet
B10_7061111_중학교,details/detail_part_001.parquet
B10_7061112_중학교,details/detail_part_001.parquet
B10_7061113_중학교,details/detail_part_001.parquet
B10_7061114_중학교,details/detail_part_001.parquet
B10_7061115_중학교,details/detail_part_001.parquet
B10_7061116_중학교,details/detail_part_001.parquet
B10_7061117_중학교,details/detail_part_001.parquet
B10_7061118_중학교,details/detail_part_001.parquet
B10_7061119_중학교,details/detail_part_001.parquet
B10_7061120_중학교,details/detail_part_001.parquet
B10_7061128_초등학교,details/detail_part_001.parquet
B10_7061129_중학교,details/detail_part_001.parquet
B10_7081418_초등학교,details/detail_part_001.parquet
B10_7081419_초등학교,details/detail_part_001.parquet
B10_7081420_초등학교,details/detail_part_001.parquet
B10_7081421_초등학교,details/detail_part_001.parquet
B10_7081422_초등학교,details/detail_part_001.parquet
B10_7081423_초등학교,details/detail_part_001.parquet
B10_7081424_초등학교,details/detail_part_001.parquet
B10_7081425_초등학교,details/detail_part_001.parquet
B10_7081426_초등학교,details/detail_part_001.parquet
B10_7081427_초등학교,details/detail_part_001.parquet
B10_7081428_초등학교,details/detail_part_001.parquet
B10_7081429_초등학교,details/detail_part_001.parquet
B10_7081430_초등학교,details/detail_part_001.parquet
B10_7081431_초등학교,details/detail_part_001.parquet
B10_7081432_초등학교,details/detail_part_001.parquet
B10_7081433_초등학교,details/detail_part_001.parquet
B10_7081434_초등학교,details/detail_part_001.parquet
B10_7081435_초등학교,details/detail_part_001.parquet
B10_7081436_초등학교,details/detail_part_001.parquet
B10_7081437_초등학교,details/detail_part_001.parquet
B10_7081438_초등학교,details/detail_part_001.parquet
B10_7081439_초등학교,details/detail_part_001.parquet
B10_7081440_초등학교,details/detail_part_001.parquet
B10_7081441_초등학교,details/detail_part_001.parquet
B10_7081442_초등학교,details/detail_part_001.parquet
B10_7081443_초등학교,details/detail_part_001.parquet
B10_7081444_초등학교,details/detail_part_001.parquet
B10_7081445_초등학교,details/detail_part_001.parquet
B10_7081446_초등학교,details/detail_part_001.parquet
B10_7081447_초등학교,details/detail_part_001.parquet
B10_7081448_초등학교,details/detail_part_001.parquet
B10_7081449_초등학교,details/detail_part_001.parquet
B10_7081450_초등학교,details/detail_part_001.parquet
B10_7081451_초등학교,details/detail_part_001.parquet
B10_7081452_초등학교,details/detail_part_001.parquet
B10_7081453_초등학교,details/detail_part_001.parquet
B10_7081454_초등학교,details/detail_part_001.parquet
B10_7081455_초등학교,details/detail_part_001.parquet
B10_7081456_초등학교,details/detail_part_001.parquet
B10_7081457_초등학교,details/detail_part_001.parquet
B10_7081458_초등학교,details/detail_part_001.parquet
B10_7081459_초등학교,details/detail_part_001.parquet
B10_7081460_초등학교,details/detail_part_001.parquet
B10_7081461_초등학교,details/detail_part_001.parquet
B10_7081462_초등학교,details/detail_part_001.parquet
B10_7081463_초등학교,details/detail_part_001.parquet
B10_7081464_초등학교,details/detail_part_001.parquet
B10_7081466_초등학교,details/detail_part_001.parquet
B10_7081467_초등학교,details/detail_part_001.parquet
B10_7081468_초등학교,details/detail_part_001.parquet
B10_7081469_초등학교,details/detail_part_001.parquet
B10_7081470_초등학교,details/detail_part_001.parquet
B10_7081471_초등학교,details/detail_part_001.parquet
B10_7081472_초등학교,details/detail_part_001.parquet
B10_7081473_초등학교,details/detail_part_001.parquet
B10_7081474_초등학교,details/detail_part_001.parquet
B10_7081475_초등학교,details/detail_part_001.parquet
B10_7081476_초등학교,details/detail_part_001.parquet
B10_7081477_초등학교,details/detail_part_001.parquet
B10_7081478_초등학교,details/detail_part_001.parquet
B10_7081479_초등학교,details/detail_part_001.parquet
B10_7081480_초등학교,details/detail_part_001.parquet
B10_7081481_초등학교,details/detail_part_001.parquet
B10_7081482_초등학교,details/detail_part_001.parquet
B10_7081483_초등학교,details/detail_part_001.parquet
B10_7081484_중학교,details/detail_part_001.parquet
B10_7081485_중학교,details/detail_part_001.parquet
B10_7081487_중학교,details/detail_part_001.parquet
B10_7081488_중학교,details/detail_part_001.parquet
B10_7081489_중학교,details/detail_part_001.parquet
B10_7081490_중학교,details/detail_part_001.parquet
B10_7081491_중학교,details/detail_part_001.parquet
B10_7081492_중학교,details/detail_part_001.parquet
B10_7081493_중학교,details/detail_part_001.parquet
B10_7081494_중학교,details/detail_part_001.parquet
B10_7081495_중학교,details/detail_part_001.parquet
B10_7081496_중학교,details/detail_part_001.parquet
B10_7081497_중학교,details/detail_part_001.parquet
B10_7081498_중학교,details/detail_part_001.parquet
B10_7081499_중학교,details/detail_part_001.parquet
B10_7081500_중학교,details/detail_part_001.parquet
B10_7081501_중학교,details/detail_part_001.parquet
B10_7081502_중학교,details/detail_part_001.parquet
B10_7081503_중학교,details/detail_part_001.parquet
B10_7081504_중학교,details/detail_part_001.parquet
B10_7081505_중학교,details/detail_part_001.parquet
B10_7081507_중학교,details/detail_part_001.parquet
B10_7081508_중학교,details/detail_part_001.parquet
B10_7081509_중학교,details/detail_part_001.parquet
B10_7081510_중학교,details/detail_part_001.parquet
B10_7081511_중학교,details/detail_part_001.parquet
B10_7081512_중학교,details/detail_part_001.parquet
B10_7081513_중학교,details/detail_part_001.parquet
B10_7081514_중학교,details/detail_part_001.parquet
B10_7081515_중학교,details/detail_part_001.parquet
B10_7081516_중학교,details/detail_part_001.parquet
B10_7081517_중학교,details/detail_part_001.parquet
B10_7081518_중학교,details/detail_part_001.parquet
B10_7081519_중학교,details/detail_part_001.parquet
B10_7081520_중학교,details/detail_part_001.parquet
B10_7081521_중학교,details/detail_part_001.parquet
B10_7081522_중학교,details/detail_part_001.parquet
B10_7081523_중학교,details/detail_part_001.parquet
B10_7081524_중학교,details/detail_part_001.parquet
B10_7081540_중학교,details/detail_part_001.parquet
B10_7081544_중학교,details/detail_part_001.parquet
B10_7091367_초등학교,details/detail_part_001.parquet
B10_7091368_초등학교,details/detail_part_001.parquet
B10_7091369_초등학교,details/detail_part_001.parquet
B10_7091370_초등학교,details/detail_part_001.parquet
B10_7091371_초등학교,details/detail_part_001.parquet
B10_7091372_초등학교,details/detail_part_001.parquet
B10_7091373_초등학교,details/detail_part_001.parquet
B10_7091374_초등학교,details/detail_part_001.parquet
B10_7091375_초등학교,details/detail_part_001.parquet
B10_7091376_초등학교,details/detail_part_001.parquet
B10_7091377_초등학교,details/detail_part_001.parquet
B10_7091378_초등학교,details/detail_part_001.parquet
B10_7091379_초등학교,details/detail_part_001.parquet
B10_7091380_초등학교,details/detail_part_001.parquet
B10_7091381_초등학교,details/detail_part_001.parquet
B10_7091382_초등학교,details/detail_part_001.parquet
B10_7091383_초등학교,details/detail_part_001.parquet
B10_7091384_초등학교,details/detail_part_001.parquet
B10_7091385_초등학교,details/detail_part_001.parquet
B10_7091387_초등학교,details/detail_part_001.parquet
B10_7091388_초등학교,details/detail_part_001.parquet
B10_7091389_초등학교,details/detail_part_001.parquet
B10_7091390_초등학교,details/detail_part_001.parquet
B10_7091391_초등학교,details/detail_part_001.parquet
B10_7091392_초등학교,details/detail_part_001.parquet
B10_7091393_초등학교,details/detail_part_001.parquet
B10_7091394_초등학교,details/detail_part_001.parquet
B10_7091395_초등학교,details/detail_part_001.parquet
B10_7091396_초등학교,details/detail_part_001.parquet
B10_7091397_초등학교,details/detail_part_001.parquet
B10_7091398_초등학교,details/detail_part_001.parquet
B10_7091399_초등학교,details/detail_part_001.parquet
B10_7091400_초등학교,details/detail_part_001.parquet
B10_7091401_초등학교,details/detail_part_001.parquet
B10_7091402_초등학교,details/detail_part_001.parquet
B10_7091403_초등학교,details/detail_part_001.parquet
B10_7091404_초등학교,details/detail_part_001.parquet
B10_7091405_초등학교,details/detail_part_001.parquet
B10_7091406_초등학교,details/detail_part_001.parquet
B10_7091407_초등학교,details/detail_part_001.parquet
B10_7091408_초등학교,details/detail_part_001.parquet
B10_7091409_초등학교,details/detail_part_001.parquet
B10_7091410_초등학교,details/detail_part_001.parquet
B10_7091411_초등학교,details/detail_part_001.parquet
B10_7091412_초등학교,details/detail_part_001.parquet
B10_7091413_초등학교,details/detail_part_001.parquet
B10_7091414_초등학교,details/detail_part_001.parquet
B10_7091415_초등학교,details/detail_part_001.parquet
B10_7091416_초등학교,details/detail_part_001.parquet
B10_7091417_초등학교,details/detail_part_001.parquet
B10_7091418_초등학교,details/detail_part_001.parquet
B10_7091419_초등학교,details/detail_part_001.parquet
B10_7091420_중학교,details/detail_part_001.parquet
B10_7091421_중학교,details/detail_part_001.parquet
B10_7091422_중학교,details/detail_part_001.parquet
B10_7091423_중학교,details/detail_part_001.parquet
B10_7091424_중학교,details/detail_part_001.parquet
B10_7091425_중학교,details/detail_part_001.parquet
B10_7091426_중학교,details/detail_part_001.parquet
B10_7091427_중학교,details/detail_part_001.parquet
B10_7091428_중학교,details/detail_part_001.parquet
B10_7091430_중학교,details/detail_part_001.parquet
B10_7091431_중학교,details/detail_part_001.parquet
B10_7091432_중학교,details/detail_part_001.parquet
B10_7091433_중학교,details/detail_part_001.parquet
B10_7091434_중학교,details/detail_part_001.parquet
B10_7091435_중학교,details/detail_part_001.parquet
B10_7091436_중학교,details/detail_part_001.parquet
B10_7091437_중학교,details/detail_part_001.parquet
B10_7091438_중학교,details/detail_part_001.parquet
B10_7091439_중학교,details/detail_part_001.parquet
B10_7091440_중학교,details/detail_part_001.parquet
B10_7091441_중학교,details/detail_part_001.parquet
B10_7091442_중학교,details/detail_part_001.parquet
B10_7091443_중학교,details/detail_part_001.parquet
B10_7091444_중학교,details/detail_part_001.parquet
B10_7091445_중학교,details/detail_part_001.parquet
B10_7091446_중학교,details/detail_part_001.parquet
B10_7091447_중학교,details/detail_part_001.parquet
B10_7091448_중학교,details/detail_part_001.parquet
B10_7091449_중학교,details/detail_part_001.parquet
B10_7091450_중학교,details/detail_part_001.parquet
B10_7091451_중학교,details/detail_part_001.parquet
B10_7091452_중학교,details/detail_part_001.parquet
B10_7091453_중학교,details/detail_part_001.parquet
B10_7091454_중학교,details/detail_part_001.parquet
B10_7091455_중학교,details/detail_part_001.parquet
B10_7091456_중학교,details/detail_part_001.parquet
B10_7091457_중학교,details/detail_part_001.parquet
B10_7091458_초등학교,details/detail_part_001.parquet
B10_7091460_초등학교,details/detail_part_001.parquet
B10_7091461_중학교,details/detail_part_001.parquet
B10_7091468_초등학교,details/detail_part_001.parquet
B10_7091469_초등학교,details/detail_part_001.parquet
B10_7091486_중학교,details/detail_part_001.parquet
B10_7091496_초등학교,details/detail_part_001.parquet
B10_7121298_초등학교,details/detail_part_001.parquet
B10_7121299_초등학교,details/detail_part_001.parquet
B10_7121300_초등학교,details/detail_part_001.parquet
B10_7121301_초등학교,details/detail_part_001.parquet
B10_7121302_초등학교,details/detail_part_001.parquet
B10_7121303_초등학교,details/detail_part_001.parquet
B10_7121304_초등학교,details/detail_part_001.parquet
B10_7121305_초등학교,details/detail_part_001.parquet
B10_7121306_초등학교,details/detail_part_001.parquet
B10_7121307_초등학교,details/detail_part_001.parquet
B10_7121308_초등학교,details/detail_part_001.parquet
B10_7121309_초등학교,details/detail_part_001.parquet
B10_7121310_초등학교,details/detail_part_001.parquet
B10_7121311_초등학교,details/detail_part_001.parquet
B10_7121312_초등학교,details/detail_part_001.parquet
B10_7121313_초등학교,details/detail_part_001.parquet
B10_7121314_초등학교,details/detail_part_001.parquet
B10_7121315_초등학교,details/detail_part_001.parquet
B10_7121316_초등학교,details/detail_part_001.parquet
B10_7121317_초등학교,details/detail_part_001.parquet
B10_7121318_초등학교,details/detail_part_001.parquet
B10_7121319_초등학교,details/detail_part_001.parquet
B10_7121320_초등학교,details/detail_part_001.parquet
B10_7121321_초등학교,details/detail_part_001.parquet
B10_7121322_초등학교,details/detail_part_001.parquet
B10_7121323_초등학교,details/detail_part_001.parquet
B10_7121324_초등학교,details/detail_part_001.parquet
B10_7121325_초등학교,details/detail_part_001.parquet
B10_7121326_초등학교,details/detail_part_001.parquet
B10_7121327_초등학교,details/detail_part_001.parquet
B10_7121328_초등학교,details/detail_part_001.parquet
B10_7121329_초등학교,details/detail_part_001.parquet
B10_7121330_초등학교,details/detail_part_001.parquet
B10_7121331_초등학교,details/detail_part_001.parquet
B10_7121332_초등학교,details/detail_part_001.parquet
B10_7121333_초등학교,details/detail_part_001.parquet
B10_7121334_초등학교,details/detail_part_001.parquet
B10_7121335_초등학교,details/detail_part_001.parquet
B10_7121336_초등학교,details/detail_part_001.parquet
B10_7121337_초등학교,details/detail_part_001.parquet
B10_7121338_초등학교,details/detail_part_001.parquet
B10_7121339_초등학교,details/detail_part_001.parquet
B10_7121340_초등학교,details/detail_part_001.parquet
B10_7121341_중학교,details/detail_part_001.parquet
B10_7121342_중학교,details/detail_part_001.parquet
B10_7121344_중학교,details/detail_part_001.parquet
B10_7121345_중학교,details/detail_part_001.parquet
B10_7121346_중학교,details/detail_part_001.parquet
B10_7121347_중학교,details/detail_part_001.parquet
B10_7121348_중학교,details/detail_part_001.parquet
B10_7121349_중학교,details/detail_part_001.parquet
B10_7121350_중학교,details/detail_part_001.parquet
B10_7121351_중학교,details/detail_part_001.parquet
B10_7121352_중학교,details/detail_part_001.parquet
B10_7121353_중학교,details/detail_part_001.parquet
B10_7121354_중학교,details/detail_part_001.parquet
B10_7121355_중학교,details/detail_part_001.parquet
B10_7121356_중학교,details/detail_part_001.parquet
B10_7121357_중학교,details/detail_part_001.parquet
B10_7121358_중학교,details/detail_part_001.parquet
B10_7121359_중학교,details/detail_part_001.parquet
B10_7121360_중학교,details/detail_part_001.parquet
B10_7121361_중학교,details/detail_part_001.parquet
B10_7121362_중학교,details/detail_part_001.parquet
B10_7121363_중학교,details/detail_part_001.parquet
B10_7121364_중학교,details/detail_part_001.parquet
B10_7121365_중학교,details/detail_part_001.parquet
B10_7121366_중학교,details/detail_part_001.parquet
B10_7121367_중학교,details/detail_part_001.parquet
B10_7121368_중학교,details/detail_part_001.parquet
B10_7121369_중학교,details/detail_part_001.parquet
B10_7121370_중학교,details/detail_part_001.parquet
B10_7121371_중학교,details/detail_part_001.parquet
B10_7121380_중학교,details/detail_part_001.parquet
B10_7130101_초등학교,details/detail_part_001.parquet
B10_7130102_초등학교,details/detail_part_001.parquet
B10_7130103_초등학교,details/detail_part_001.parquet
B10_7130104_초등학교,details/detail_part_001.parquet
B10_7130105_초등학교,details/detail_part_001.parquet
B10_7130106_초등학교,details/detail_part_001.parquet
B10_7130107_초등학교,details/detail_part_001.parquet
B10_7130108_초등학교,details/detail_part_001.parquet
B10_7130109_초등학교,details/detail_part_001.parquet
B10_7130110_초등학교,details/detail_part_001.parquet
B10_7130111_초등학교,details/detail_part_001.parquet
B10_7130112_초등학교,details/detail_part_001.parquet
B10_7130113_초등학교,details/detail_part_001.parquet
B10_7130114_초등학교,details/detail_part_001.parquet
B10_7130115_초등학교,details/detail_part_001.parquet
B10_7130116_초등학교,details/detail_part_001.parquet
B10_7130117_초등학교,details/detail_part_001.parquet
B10_7130118_초등학교,details/detail_part_001.parquet
B10_7130119_초등학교,details/detail_part_001.parquet
B10_7130120_초등학교,details/detail_part_001.parquet
B10_7130121_초등학교,details/detail_part_001.parquet
B10_7130122_초등학교,details/detail_part_001.parquet
B10_7130123_초등학교,details/detail_part_001.parquet
B10_7130124_초등학교,details/detail_part_001.parquet
B10_7130125_초등학교,details/detail_part_001.parquet
B10_7130126_초등학교,details/detail_part_001.parquet
B10_7130127_초등학교,details/detail_part_001.parquet
B10_7130128_초등학교,details/detail_part_001.parquet
B10_7130129_초등학교,details/detail_part_001.parquet
B10_7130130_초등학교,details/detail_part_001.parquet
B10_7130131_초등학교,details/detail_part_001.parquet
B10_7130132_초등학교,details/detail_part_001.parquet
B10_7130133_초등학교,details/detail_part_001.parquet
B10_7130134_초등학교,details/detail_part_001.parquet
B10_7130135_초등학교,details/detail_part_001.parquet
B10_7130136_초등학교,details/detail_part_001.parquet
B10_7130137_초등학교,details/detail_part_001.parquet
B10_7130138_초등학교,details/detail_part_001.parquet
B10_7130139_초등학교,details/detail_part_001.parquet
B10_7130140_초등학교,details/detail_part_001.parquet
B10_7130141_초등학교,details/detail_part_001.parquet
B10_7130142_초등학교,details/detail_part_001.parquet
B10_7130143_초등학교,details/detail_part_001.parquet
B10_7130144_초등학교,details/detail_part_001.parquet
B10_7130145_초등학교,details/detail_part_001.parquet
B10_7130146_초등학교,details/detail_part_001.parquet
B10_7130147_초등학교,details/detail_part_001.parquet
B10_7130148_초등학교,details/detail_part_001.parquet
B10_7130149_초등학교,details/detail_part_001.parquet
B10_7130150_초등학교,details/detail_part_001.parquet
B10_7130151_초등학교,details/detail_part_001.parquet
B10_7130152_초등학교,details/detail_part_001.parquet
B10_7130153_초등학교,details/detail_part_001.parquet
B10_7130154_초등학교,details/detail_part_001.parquet
B10_7130155_초등학교,details/detail_part_001.parquet
B10_7130156_초등학교,details/detail_part_001.parquet
B10_7130157_초등학교,details/detail_part_001.parquet
B10_7130158_초등학교,details/detail_part_001.parquet
B10_7130159_초등학교,details/detail_part_001.parquet
B10_7130160_초등학교,details/detail_part_001.parquet
B10_7130161_초등학교,details/detail_part_001.parquet
B10_7130162_초등학교,details/detail_part_001.parquet
B10_7130163_초등학교,details/detail_part_001.parquet
B10_7130164_초등학교,details/detail_part_001.parquet
B10_7130165_중학교,details/detail_part_001.parquet
B10_7130166_중학교,details/detail_part_001.parquet
B10_7130167_중학교,details/detail_part_001.parquet
B10_7130168_중학교,details/detail_part_001.parquet
B10_7130169_중학교,details/detail_part_001.parquet
B10_7130170_중학교,details/detail_part_001.parquet
B10_7130171_중학교,details/detail_part_001.parquet
B10_7130172_중학교,details/detail_part_001.parquet
B10_7130173_중학교,details/detail_part_001.parquet
B10_7130174_중학교,details/detail_part_001.parquet
B10_7130175_중학교,details/detail_part_001.parquet
B10_7130176_중학교,details/detail_part_001.parquet
B10_7130177_중학교,details/detail_part_001.parquet
B10_7130178_중학교,details/detail_part_001.parquet
B10_7130179_중학교,details/detail_part_001.parquet
B10_7130180_중학교,details/detail_part_001.parquet
B10_7130181_중학교,details/detail_part_001.parquet
B10_7130182_중학교,details/detail_part_001.parquet
B10_7130183_중학교,details/detail_part_001.parquet
B10_7130185_중학교,details/detail_part_001.parquet
B10_7130186_중학교,details/detail_part_001.parquet
B10_7130187_중학교,details/detail_part_001.parquet
B10_7130188_중학교,details/detail_part_001.parquet
B10_7130189_중학교,details/detail_part_001.parquet
B10_7130190_중학교,details/detail_part_001.parquet
B10_7130191_중학교,details/detail_part_001.parquet
B10_7130192_중학교,details/detail_part_001.parquet
B10_7130193_중학교,details/detail_part_001.parquet
B10_7130194_중학교,details/detail_part_001.parquet
B10_7130195_중학교,details/detail_part_001.parquet
B10_7130196_중학교,details/detail_part_001.parquet
B10_7130197_중학교,details/detail_part_001.parquet
B10_7130198_중학교,details/detail_part_001.parquet
B10_7130199_중학교,details/detail_part_001.parquet
B10_7130201_중학교,details/detail_part_001.parquet
B10_7130202_중학교,details/detail_part_001.parquet
B10_7130203_중학교,details/detail_part_001.parquet
B10_7130204_중학교,details/detail_part_001.parquet
B10_7130205_중학교,details/detail_part_001.parquet
B10_7130206_중학교,details/detail_part_001.parquet
B10_7130207_중학교,details/detail_part_001.parquet
B10_7130208_중학교,details/detail_part_001.parquet
B10_7130209_중학교,details/detail_part_001.parquet
B10_7130245_초등학교,details/detail_part_001.parquet
B10_7130251_초등학교,details/detail_part_001.parquet
B10_7130255_초등학교,details/detail_part_001.parquet
B10_7130256_중학교,details/detail_part_001.parquet
B10_7130264_초등학교,details/detail_part_001.parquet
B10_7130266_초등학교,details/detail_part_001.parquet
B10_7130268_중학교,details/detail_part_001.parquet
B10_7130270_초등학교,details/detail_part_001.parquet
B10_7130271_중학교,details/detail_part_001.parquet
B10_7130275_중학교,details/detail_part_001.parquet
B10_7130279_중학교,details/detail_part_001.parquet
B10_7132080_초등학교,details/detail_part_001.parquet
B10_7132081_초등학교,details/detail_part_001.parquet
B10_7132082_초등학교,details/detail_part_001.parquet
B10_7132083_초등학교,details/detail_part_001.parquet
B10_7132084_초등학교,details/detail_part_001.parquet
B10_7132085_초등학교,details/detail_part_001.parquet
B10_7132086_초등학교,details/detail_part_001.parquet
B10_7132087_초등학교,details/detail_part_001.parquet
B10_7132088_초등학교,details/detail_part_001.parquet
B10_7132089_초등학교,details/detail_part_001.parquet
B10_7132090_초등학교,details/detail_part_001.parquet
B10_7132091_초등학교,details/detail_part_001.parquet
B10_7132092_초등학교,details/detail_part_001.parquet
B10_7132093_초등학교,details/detail_part_001.parquet
B10_7132094_초등학교,details/detail_part_001.parquet
B10_7132095_초등학교,details/detail_part_001.parquet
B10_7132096_초등학교,details/detail_part_001.parquet
B10_7132097_초등학교,details/detail_part_001.parquet
B10_7132098_초등학교,details/detail_part_001.parquet
B10_7132099_초등학교,details/detail_part_001.parquet
B10_7132100_초등학교,details/detail_part_001.parquet
B10_7132101_초등학교,details/detail_part_001.parquet
B10_7132102_초등학교,details/detail_part_001.parquet
B10_7132103_초등학교,details/detail_part_001.parquet
B10_7132104_초등학교,details/detail_part_001.parquet
B10_7132105_초등학교,details/detail_part_001.parquet
B10_7132106_초등학교,details/detail_part_001.parquet
B10_7132107_초등학교,details/detail_part_001.parquet
B10_7132108_초등학교,details/detail_part_001.parquet
B10_7132109_초등학교,details/detail_part_001.parquet
B10_7132110_초등학교,details/detail_part_001.parquet
B10_7132111_초등학교,details/detail_part_001.parquet
B10_7132112_초등학교,details/detail_part_001.parquet
B10_7132113_초등학교,details/detail_part_001.parquet
B10_7132114_초등학교,details/detail_part_001.parquet
B10_7132115_초등학교,details/detail_part_001.parquet
B10_7132116_초등학교,details/detail_part_001.parquet
B10_7132117_초등학교,details/detail_part_001.parquet
B10_7132118_초등학교,details/detail_part_001.parquet
B10_7132119_초등학교,details/detail_part_001.parquet
B10_7132120_초등학교,details/detail_part_001.parquet
B10_7132121_초등학교,details/detail_part_001.parquet
B10_7132122_초등학교,details/detail_part_001.parquet
B10_7132123_중학교,details/detail_part_001.parquet
B10_7132124_중학교,details/detail_part_001.parquet
B10_7132125_중학교,details/detail_part_001.parquet
B10_7132126_중학교,details/detail_part_001.parquet
B10_7132127_중학교,details/detail_part_001.parquet
B10_7132128_중학교,details/detail_part_001.parquet
B10_7132129_중학교,details/detail_part_001.parquet
B10_7132130_중학교,details/detail_part_001.parquet
B10_7132131_중학교,details/detail_part_001.parquet
B10_7132132_중학교,details/detail_part_001.parquet
B10_7132133_중학교,details/detail_part_001.parquet
B10_7132134_중학교,details/detail_part_001.parquet
B10_7132135_중학교,details/detail_part_001.parquet
B10_7132136_중학교,details/detail_part_001.parquet
B10_7132137_중학교,details/detail_part_001.parquet
B10_7132138_중학교,details/detail_part_001.parquet
B10_7132139_중학교,details/detail_part_001.parquet
B10_7132140_중학교,details/detail_part_001.parquet
B10_7132141_중학교,details/detail_part_001.parquet
B10_7132142_중학교,details/detail_part_001.parquet
B10_7132143_중학교,details/detail_part_001.parquet
B10_7132144_중학교,details/detail_part_001.parquet
B10_7132145_중학교,details/detail_part_001.parquet
B10_7132146_중학교,details/detail_part_001.parquet
B10_7132147_중학교,details/detail_part_001.parquet
B10_7132148_중학교,details/detail_part_001.parquet
B10_7132149_중학교,details/detail_part_001.parquet
B10_7132150_중학교,details/detail_part_001.parquet
B10_7132151_중학교,details/detail_part_001.parquet
B10_7132152_중학교,details/detail_part_001.parquet
B10_7132153_중학교,details/detail_part_001.parquet
B10_7132154_중학교,details/detail_part_002.parquet
B10_7134077_초등학교,details/detail_part_002.parquet
B10_7134078_초등학교,details/detail_part_002.parquet
B10_7134079_초등학교,details/detail_part_002.parquet
B10_7134080_초등학교,details/detail_part_002.parquet
B10_7134081_초등학교,details/detail_part_002.parquet
B10_7134082_초등학교,details/detail_part_002.parquet
B10_7134083_초등학교,details/detail_part_002.parquet
B10_7134084_초등학교,details/detail_part_002.parquet
B10_7134085_초등학교,details/detail_part_002.parquet
B10_7134086_초등학교,details/detail_part_002.parquet
B10_7134087_초등학교,details/detail_part_002.parquet
B10_7134088_초등학교,details/detail_part_002.parquet
B10_7134089_초등학교,details/detail_part_002.parquet
B10_7134090_초등학교,details/detail_part_002.parquet
B10_7134091_초등학교,details/detail_part_002.parquet
B10_7134092_초등학교,details/detail_part_002.parquet
B10_7134093_초등학교,details/detail_part_002.parquet
B10_7134094_초등학교,details/detail_part_002.parquet
B10_7134095_초등학교,details/detail_part_002.parquet
B10_7134096_초등학교,details/detail_part_002.parquet
B10_7134097_초등학교,details/detail_part_002.parquet
B10_7134098_초등학교,details/detail_part_002.parquet
B10_7134099_초등학교,details/detail_part_002.parquet
B10_7134100_초등학교,details/detail_part_002.parquet
B10_7134101_초등학교,details/detail_part_002.parquet
B10_7134102_초등학교,details/detail_part_002.parquet
B10_7134103_초등학교,details/detail_part_002.parquet
B10_7134104_초등학교,details/detail_part_002.parquet
B10_7134105_초등학교,details/detail_part_002.parquet
B10_7134106_초등학교,details/detail_part_002.parquet
B10_7134107_초등학교,details/detail_part_002.parquet
B10_7134108_초등학교,details/detail_part_002.parquet
B10_7134109_초등학교,details/detail_part_002.parquet
B10_7134110_초등학교,details/detail_part_002.parquet
B10_7134111_초등학교,details/detail_part_002.parquet
B10_7134112_초등학교,details/detail_part_002.parquet
B10_7134113_초등학교,details/detail_part_002.parquet
B10_7134114_초등학교,details/detail_part_002.parquet
B10_7134116_초등학교,details/detail_part_002.parquet
B10_7134117_초등학교,details/detail_part_002.parquet
B10_7134118_초등학교,details/detail_part_002.parquet
B10_7134119_중학교,details/detail_part_002.parquet
B10_7134120_중학교,details/detail_part_002.parquet
B10_7134121_중학교,details/detail_part_002.parquet
B10_7134122_중학교,details/detail_part_002.parquet
B10_7134123_중학교,details/detail_part_002.parquet
B10_7134124_중학교,details/detail_part_002.parquet
B10_7134125_중학교,details/detail_part_002.parquet
B10_7134126_중학교,details/detail_part_002.parquet
B10_7134127_중학교,details/detail_part_002.parquet
B10_7134129_중학교,details/detail_part_002.parquet
B10_7134130_중학교,details/detail_part_002.parquet
B10_7134131_중학교,details/detail_part_002.parquet
B10_7134132_중학교,details/detail_part_002.parquet
B10_7134134_중학교,details/detail_part_002.parquet
B10_7134135_중학교,details/detail_part_002.parquet
B10_7134136_중학교,details/detail_part_002.parquet
B10_7134137_중학교,details/detail_part_002.parquet
B10_7134138_중학교,details/detail_part_002.parquet
B10_7134139_중학교,details/detail_part_002.parquet
B10_7134140_중학교,details/detail_part_002.parquet
B10_7134141_중학교,details/detail_part_002.parquet
B10_7134142_중학교,details/detail_part_002.parquet
B10_7134150_초등학교,details/detail_part_002.parquet
B10_7134155_중학교,details/detail_part_002.parquet
B10_7134161_중학교,details/detail_part_002.parquet
C10_1192068_고등학교,details/detail_part_002.parquet
C10_1421117_고등학교,details/detail_part_002.parquet
C10_7004971_초등학교,details/detail_part_002.parquet
C10_7005103_고등학교,details/detail_part_002.parquet
C10_7150084_고등학교,details/detail_part_002.parquet
C10_7150085_고등학교,details/detail_part_002.parquet
C10_7150086_고등학교,details/detail_part_002.parquet
C10_7150087_고등학교,details/detail_part_002.parquet
C10_7150089_고등학교,details/detail_part_002.parquet
C10_7150090_고등학교,details/detail_part_002.parquet
C10_7150091_고등학교,details/detail_part_002.parquet
C10_7150092_고등학교,details/detail_part_002.parquet
C10_7150093_고등학교,details/detail_part_002.parquet
C10_7150094_고등학교,details/detail_part_002.parquet
C10_7150095_고등학교,details/detail_part_002.parquet
C10_7150096_고등학교,details/detail_part_002.parquet
C10_7150097_고등학교,details/detail_part_002.parquet
C10_7150098_고등학교,details/detail_part_002.parquet
C10_7150099_고등학교,details/detail_part_002.parquet
C10_7150100_고등학교,details/detail_part_002.parquet
C10_7150102_고등학교,details/detail_part_002.parquet
C10_7150103_고등학교,details/detail_part_002.parquet
C10_7150104_고등학교,details/detail_part_002.parquet
C10_7150105_고등학교,details/detail_part_002.parquet
C10_7150106_고등학교,details/detail_part_002.parquet
C10_7150107_고등학교,details/detail_part_002.parquet
C10_7150108_고등학교,details/detail_part_002.parquet
C10_7150109_고등학교,details/detail_part_002.parquet
C10_7150110_고등학교,details/detail_part_002.parquet
C10_7150111_고등학교,details/detail_part_002.parquet
C10_7150112_고등학교,details/detail_part_002.parquet
C10_7150114_고등학교,details/detail_part_002.parquet
C10_7150115_고등학교,details/detail_part_002.parquet
C10_7150116_고등학교,details/detail_part_002.parquet
C10_7150117_고등학교,details/detail_part_002.parquet
C10_7150118_고등학교,details/detail_part_002.parquet
C10_7150119_고등학교,details/detail_part_002.parquet
C10_7150120_고등학교,details/detail_part_002.parquet
C10_7150121_고등학교,details/detail_part_002.parquet
C10_7150122_고등학교,details/detail_part_002.parquet
C10_7150123_고등학교,details/detail_part_002.parquet
C10_7150124_고등학교,details/detail_part_002.parquet
C10_7150125_고등학교,details/detail_part_002.parquet
C10_7150126_고등학교,details/detail_part_002.parquet
C10_7150127_고등학교,details/detail_part_002.parquet
C10_7150128_고등학교,details/detail_part_002.parquet
C10_7150129_고등학교,details/detail_part_002.parquet
C10_7150130_고등학교,details/detail_part_002.parquet
C10_7150131_고등학교,details/detail_part_002.parquet
C10_7150132_고등학교,details/detail_part_002.parquet
C10_7150133_고등학교,details/detail_part_002.parquet
C10_7150134_고등학교,details/detail_part_002.parquet
C10_7150135_고등학교,details/detail_part_002.parquet
C10_7150136_고등학교,details/detail_part_002.parquet
C10_7150137_고등학교,details/detail_part_002.parquet
C10_7150138_고등학교,details/detail_part_002.parquet
C10_7150139_고등학교,details/detail_part_002.parquet
C10_7150140_고등학교,details/detail_part_002.parquet
C10_7150141_고등학교,details/detail_part_002.parquet
C10_7150142_고등학교,details/detail_part_002.parquet
C10_7150143_고등학교,details/detail_part_002.parquet
C10_7150144_고등학교,details/detail_part_002.parquet
C10_7150145_고등학교,details/detail_part_002.parquet
C10_7150146_고등학교,details/detail_part_002.parquet
C10_7150147_고등학교,details/detail_part_002.parquet
C10_7150148_고등학교,details/detail_part_002.parquet
C10_7150149_고등학교,details/detail_part_002.parquet
C10_7150150_고등학교,details/detail_part_002.parquet
C10_7150152_고등학교,details/detail_part_002.parquet
C10_7150153_고등학교,details/detail_part_002.parquet
C10_7150154_고등학교,details/detail_part_002.parquet
C10_7150157_고등학교,details/detail_part_002.parquet
C10_7150158_고등학교,details/detail_part_002.parquet
C10_7150159_고등학교,details/detail_part_002.parquet
C10_7150160_고등학교,details/detail_part_002.parquet
C10_7150161_고등학교,details/detail_part_002.parquet
C10_7150162_고등학교,details/detail_part_002.parquet
C10_7150163_고등학교,details/detail_part_002.parquet
C10_7150166_고등학교,details/detail_part_002.parquet
C10_7150170_고등학교,details/detail_part_002.parquet
C10_7150171_고등학교,details/detail_part_002.parquet
C10_7150177_고등학교,details/detail_part_002.parquet
C10_7150178_고등학교,details/detail_part_002.parquet
C10_7150198_고등학교,details/detail_part_002.parquet
C10_7150207_고등학교,details/detail_part_002.parquet
C10_7150208_고등학교,details/detail_part_002.parquet
C10_7150223_고등학교,details/detail_part_002.parquet
C10_7150224_고등학교,details/detail_part_002.parquet
C10_7150238_고등학교,details/detail_part_002.parquet
C10_7150276_고등학교,details/detail_part_002.parquet
C10_7150276_중학교,details/detail_part_002.parquet
C10_7150276_초등학교,details/detail_part_002.parquet
C10_7150277_고등학교,details/detail_part_002.parquet
C10_7150277_중학교,details/detail_part_002.parquet
C10_7150277_초등학교,details/detail_part_002.parquet
C10_7150278_고등학교,details/detail_part_002.parquet
C10_7150278_중학교,details/detail_part_002.parquet
C10_7150278_초등학교,details/detail_part_002.parquet
C10_7150279_고등학교,details/detail_part_002.parquet
C10_7150279_중학교,details/detail_part_002.parquet
C10_7150279_초등학교,details/detail_part_002.parquet
C10_7150281_고등학교,details/detail_part_002.parquet
C10_7150281_중학교,details/detail_part_002.parquet
C10_7150281_초등학교,details/detail_part_002.parquet
C10_7150283_고등학교,details/detail_part_002.parquet
C10_7150283_중학교,details/detail_part_002.parquet
C10_7150283_초등학교,details/detail_part_002.parquet
C10_7150336_고등학교,details/detail_part_002.parquet
C10_7150336_중학교,details/detail_part_002.parquet
C10_7150336_초등학교,details/detail_part_002.parquet
C10_7150337_고등학교,details/detail_part_002.parquet
C10_7150341_고등학교,details/detail_part_002.parquet
C10_7150344_고등학교,details/detail_part_002.parquet
C10_7150345_고등학교,details/detail_part_002.parquet
C10_7150346_고등학교,details/detail_part_002.parquet
C10_7150348_고등학교,details/detail_part_002.parquet
C10_7150351_고등학교,details/detail_part_002.parquet
C10_7150363_고등학교,details/detail_part_002.parquet
C10_7150364_고등학교,details/detail_part_002.parquet
C10_7150365_고등학교,details/detail_part_002.parquet
C10_7150367_고등학교,details/detail_part_002.parquet
C10_7150369_고등학교,details/detail_part_002.parquet
C10_7150371_고등학교,details/detail_part_002.parquet
C10_7150372_고등학교,details/detail_part_002.parquet
C10_7150376_고등학교,details/detail_part_002.parquet
C10_7150376_중학교,details/detail_part_002.parquet
C10_7150376_초등학교,details/detail_part_002.parquet
C10_7150383_고등학교,details/detail_part_002.parquet
C10_7150396_고등학교,details/detail_part_002.parquet
C10_7150397_고등학교,details/detail_part_002.parquet
C10_7150403_고등학교,details/detail_part_002.parquet
C10_7150403_중학교,details/detail_part_002.parquet
C10_7150403_초등학교,details/detail_part_002.parquet
C10_7150404_고등학교,details/detail_part_002.parquet
C10_7150405_고등학교,details/detail_part_002.parquet
C10_7150406_고등학교,details/detail_part_002.parquet
C10_7150408_고등학교,details/detail_part_002.parquet
C10_7150409_고등학교,details/detail_part_002.parquet
C10_7150410_고등학교,details/detail_part_002.parquet
C10_7150412_고등학교,details/detail_part_002.parquet
C10_7150420_고등학교,details/detail_part_002.parquet
C10_7150421_고등학교,details/detail_part_002.parquet
C10_7150422_고등학교,details/detail_part_002.parquet
C10_7150423_고등학교,details/detail_part_002.parquet
C10_7150424_고등학교,details/detail_part_002.parquet
C10_7150425_고등학교,details/detail_part_002.parquet
C10_7150426_고등학교,details/detail_part_002.parquet
C10_7150428_고등학교,details/detail_part_002.parquet
C10_7150429_고등학교,details/detail_part_002.parquet
C10_7150430_고등학교,details/detail_part_002.parquet
C10_7150431_고등학교,details/detail_part_002.parquet
C10_7150432_고등학교,details/detail_part_002.parquet
C10_7150432_중학교,details/detail_part_002.parquet
C10_7150432_초등학교,details/detail_part_002.parquet
C10_7150436_중학교,details/detail_part_002.parquet
C10_7150438_고등학교,details/detail_part_002.parquet
C10_7150439_고등학교,details/detail_part_002.parquet
C10_7150440_고등학교,details/detail_part_002.parquet
C10_7150443_고등학교,details/detail_part_002.parquet
C10_7150451_고등학교,details/detail_part_002.parquet
C10_7150452_고등학교,details/detail_part_002.parquet
C10_7150455_고등학교,details/detail_part_002.parquet
C10_7150456_고등학교,details/detail_part_002.parquet
C10_7150459_고등학교,details/detail_part_002.parquet
C10_7150463_고등학교,details/detail_part_002.parquet
C10_7150464_중학교,details/detail_part_002.parquet
C10_7150532_고등학교,details/detail_part_002.parquet
C10_7150533_고등학교,details/detail_part_002.parquet
C10_7150535_고등학교,details/detail_part_002.parquet
C10_7150535_중학교,details/detail_part_002.parquet
C10_7150535_초등학교,details/detail_part_002.parquet
C10_7150547_고등학교,details/detail_part_002.parquet
C10_7150547_중학교,details/detail_part_002.parquet
C10_7150547_초등학교,details/detail_part_002.parquet
C10_7150548_고등학교,details/detail_part_002.parquet
C10_7150548_중학교,details/detail_part_002.parquet
C10_7150548_초등학교,details/detail_part_002.parquet
C10_7150579_고등학교,details/detail_part_002.parquet
C10_7150580_고등학교,details/detail_part_002.parquet
C10_7150592_고등학교,details/detail_part_002.parquet
C10_7150597_고등학교,details/detail_part_002.parquet
C10_7150598_고등학교,details/detail_part_002.parquet
C10_7150599_고등학교,details/detail_part_002.parquet
C10_7150620_고등학교,details/detail_part_002.parquet
C10_7150621_고등학교,details/detail_part_002.parquet
C10_7150622_고등학교,details/detail_part_002.parquet
C10_7150623_고등학교,details/detail_part_002.parquet
C10_7150624_고등학교,details/detail_part_002.parquet
C10_7150625_고등학교,details/detail_part_002.parquet
C10_7150626_고등학교,details/detail_part_002.parquet
C10_7150658_고등학교,details/detail_part_002.parquet
C10_7150659_고등학교,details/detail_part_002.parquet
C10_7150660_고등학교,details/detail_part_002.parquet
C10_7150676_고등학교,details/detail_part_002.parquet
C10_7150737_고등학교,details/detail_part_002.parquet
C10_7150738_고등학교,details/detail_part_002.parquet
C10_7150739_고등학교,details/detail_part_002.parquet
C10_7150740_고등학교,details/detail_part_002.parquet
C10_7150744_고등학교,details/detail_part_002.parquet
C10_7150746_고등학교,details/detail_part_002.parquet
C10_7150747_고등학교,details/detail_part_002.parquet
C10_7150755_고등학교,details/detail_part_002.parquet
C10_7150756_고등학교,details/detail_part_002.parquet
C10_7171010_중학교,details/detail_part_002.parquet
C10_7171011_중학교,details/detail_part_002.parquet
C10_7171012_중학교,details/detail_part_002.parquet
C10_7171013_중학교,details/detail_part_002.parquet
C10_7171014_중학교,details/detail_part_002.parquet
C10_7171015_중학교,details/detail_part_002.parquet
C10_7171017_중학교,details/detail_part_002.parquet
C10_7171018_중학교,details/detail_part_002.parquet
C10_7171019_중학교,details/detail_part_002.parquet
C10_7171020_중학교,details/detail_part_002.parquet
C10_7171021_중학교,details/detail_part_002.parquet
C10_7171022_중학교,details/detail_part_002.parquet
C10_7171023_중학교,details/detail_part_002.parquet
C10_7171024_중학교,details/detail_part_002.parquet
C10_7171026_중학교,details/detail_part_002.parquet
C10_7171027_중학교,details/detail_part_002.parquet
C10_7171028_중학교,details/detail_part_002.parquet
C10_7171029_중학교,details/detail_part_002.parquet
C10_7171030_중학교,details/detail_part_002.parquet
C10_7171031_중학교,details/detail_part_002.parquet
C10_7171032_중학교,details/detail_part_002.parquet
C10_7171033_중학교,details/detail_part_002.parquet
C10_7171034_중학교,details/detail_part_002.parquet
C10_7171035_중학교,details/detail_part_002.parquet
C10_7171036_중학교,details/detail_part_002.parquet
C10_7171037_중학교,details/detail_part_002.parquet
C10_7171038_중학교,details/detail_part_002.parquet
C10_7171040_중학교,details/detail_part_002.parquet
C10_7171041_중학교,details/detail_part_002.parquet
C10_7171042_중학교,details/detail_part_002.parquet
C10_7171044_초등학교,details/detail_part_002.parquet
C10_7171045_초등학교,details/detail_part_002.parquet
C10_7171046_초등학교,details/detail_part_002.parquet
C10_7171047_초등학교,details/detail_part_002.parquet
C10_7171048_초등학교,details/detail_part_002.parquet
C10_7171049_초등학교,details/detail_part_002.parquet
C10_7171050_초등학교,details/detail_part_002.parquet
C10_7171051_초등학교,details/detail_part_002.parquet
C10_7171052_초등학교,details/detail_part_002.parquet
C10_7171053_초등학교,details/detail_part_002.parquet
C10_7171054_초등학교,details/detail_part_002.parquet
C10_7171055_초등학교,details/detail_part_002.parquet
C10_7171056_초등학교,details/detail_part_002.parquet
C10_7171057_초등학교,details/detail_part_002.parquet
C10_7171058_초등학교,details/detail_part_002.parquet
C10_7171059_초등학교,details/detail_part_002.parquet
C10_7171060_초등학교,details/detail_part_002.parquet
C10_7171061_초등학교,details/detail_part_002.parquet
C10_7171062_초등학교,details/detail_part_002.parquet
C10_7171063_초등학교,details/detail_part_002.parquet
C10_7171064_초등학교,details/detail_part_002.parquet
C10_7171065_초등학교,details/detail_part_002.parquet
C10_7171066_초등학교,details/detail_part_002.parquet
C10_7171067_초등학교,details/detail_part_002.parquet
C10_7171068_초등학교,details/detail_part_002.parquet
C10_7171069_초등학교,details/detail_part_002.parquet
C10_7171070_초등학교,details/detail_part_002.parquet
C10_7171071_초등학교,details/detail_part_002.parquet
C10_7171072_초등학교,details/detail_part_002.parquet
C10_7171073_초등학교,details/detail_part_002.parquet
C10_7171074_초등학교,details/detail_part_002.parquet
C10_7171075_초등학교,details/detail_part_002.parquet
C10_7171076_초등학교,details/detail_part_002.parquet
C10_7171077_초등학교,details/detail_part_002.parquet
C10_7171078_초등학교,details/detail_part_002.parquet
C10_7171079_초등학교,details/detail_part_002.parquet
C10_7171080_초등학교,details/detail_part_002.parquet
C10_7171081_초등학교,details/detail_part_002.parquet
C10_7171082_초등학교,details/detail_part_002.parquet
C10_7171083_초등학교,details/detail_part_002.parquet
C10_7171084_초등학교,details/detail_part_002.parquet
C10_7171085_초등학교,details/detail_part_002.parquet
C10_7171086_초등학교,details/detail_part_002.parquet
C10_7171087_초등학교,details/detail_part_002.parquet
C10_7171088_초등학교,details/detail_part_002.parquet
C10_7171089_초등학교,details/detail_part_002.parquet
C10_7171090_초등학교,details/detail_part_002.parquet
C10_7171091_초등학교,details/detail_part_002.parquet
C10_7171092_초등학교,details/detail_part_002.parquet
C10_7171093_초등학교,details/detail_part_002.parquet
C10_7171094_초등학교,details/detail_part_002.parquet
C10_7171095_초등학교,details/detail_part_002.parquet
C10_7171096_초등학교,details/detail_part_002.parquet
C10_7171097_초등학교,details/detail_part_002.parquet
C10_7171099_초등학교,details/detail_part_002.parquet
C10_7171184_중학교,details/detail_part_002.parquet
C10_7171202_중학교,details/detail_part_002.parquet
C10_7181010_초등학교,details/detail_part_002.parquet
C10_7181012_초등학교,details/detail_part_002.parquet
C10_7181013_초등학교,details/detail_part_002.parquet
C10_7181014_초등학교,details/detail_part_002.parquet
C10_7181015_초등학교,details/detail_part_002.parquet
C10_7181016_초등학교,details/detail_part_002.parquet
C10_7181017_초등학교,details/detail_part_002.parquet
C10_7181018_초등학교,details/detail_part_002.parquet
C10_7181019_초등학교,details/detail_part_002.parquet
C10_7181020_초등학교,details/detail_part_002.parquet
C10_7181021_초등학교,details/detail_part_002.parquet
C10_7181022_초등학교,details/detail_part_002.parquet
C10_7181023_초등학교,details/detail_part_002.parquet
C10_7181024_초등학교,details/detail_part_002.parquet
C10_7181025_초등학교,details/detail_part_002.parquet
C10_7181026_초등학교,details/detail_part_002.parquet
C10_7181027_초등학교,details/detail_part_002.parquet
C10_7181028_초등학교,details/detail_part_002.parquet
C10_7181029_초등학교,details/detail_part_002.parquet
C10_7181030_초등학교,details/detail_part_002.parquet
C10_7181031_초등학교,details/detail_part_002.parquet
C10_7181032_초등학교,details/detail_part_002.parquet
C10_7181033_초등학교,details/detail_part_002.parquet
C10_7181034_초등학교,details/detail_part_002.parquet
C10_7181035_초등학교,details/detail_part_002.parquet
C10_7181036_초등학교,details/detail_part_002.parquet
C10_7181037_초등학교,details/detail_part_002.parquet
C10_7181038_초등학교,details/detail_part_002.parquet
C10_7181039_초등학교,details/detail_part_002.parquet
C10_7181040_초등학교,details/detail_part_002.parquet
C10_7181041_초등학교,details/detail_part_002.parquet
C10_7181042_초등학교,details/detail_part_002.parquet
C10_7181043_초등학교,details/detail_part_002.parquet
C10_7181044_초등학교,details/detail_part_002.parquet
C10_7181045_초등학교,details/detail_part_002.parquet
C10_7181046_초등학교,details/detail_part_002.parquet
C10_7181047_초등학교,details/detail_part_002.parquet
C10_7181049_초등학교,details/detail_part_002.parquet
C10_7181050_초등학교,details/detail_part_002.parquet
C10_7181051_초등학교,details/detail_part_002.parquet
C10_7181052_초등학교,details/detail_part_002.parquet
C10_7181053_초등학교,details/detail_part_002.parquet
C10_7181054_초등학교,details/detail_part_002.parquet
C10_7181055_초등학교,details/detail_part_002.parquet
C10_7181056_초등학교,details/detail_part_002.parquet
C10_7181057_초등학교,details/detail_part_002.parquet
C10_7181058_초등학교,details/detail_part_002.parquet
C10_7181059_초등학교,details/detail_part_002.parquet
C10_7181060_초등학교,details/detail_part_002.parquet
C10_7181061_초등학교,details/detail_part_002.parquet
C10_7181062_초등학교,details/detail_part_002.parquet
C10_7181065_초등학교,details/detail_part_002.parquet
C10_7181067_초등학교,details/detail_part_002.parquet
C10_7181068_초등학교,details/detail_part_002.parquet
C10_7181069_초등학교,details/detail_part_002.parquet
C10_7181070_중학교,details/detail_part_002.parquet
C10_7181071_중학교,details/detail_part_002.parquet
C10_7181072_중학교,details/detail_part_002.parquet
C10_7181073_중학교,details/detail_part_002.parquet
C10_7181074_중학교,details/detail_part_002.parquet
C10_7181075_중학교,details/detail_part_002.parquet
C10_7181076_중학교,details/detail_part_002.parquet
C10_7181077_중학교,details/detail_part_002.parquet
C10_7181078_중학교,details/detail_part_002.parquet
C10_7181079_중학교,details/detail_part_002.parquet
C10_7181080_중학교,details/detail_part_002.parquet
C10_7181081_중학교,details/detail_part_002.parquet
C10_7181082_중학교,details/detail_part_002.parquet
C10_7181083_중학교,details/detail_part_002.parquet
C10_7181084_중학교,details/detail_part_002.parquet
C10_7181085_중학교,details/detail_part_002.parquet
C10_7181086_중학교,details/detail_part_002.parquet
C10_7181088_중학교,details/detail_part_002.parquet
C10_7181089_중학교,details/detail_part_002.parquet
C10_7181090_중학교,details/detail_part_002.parquet
C10_7181091_중학교,details/detail_part_002.parquet
C10_7181092_중학교,details/detail_part_002.parquet
C10_7181093_중학교,details/detail_part_002.parquet
C10_7181094_중학교,details/detail_part_002.parquet
C10_7181095_중학교,details/detail_part_002.parquet
C10_7181096_중학교,details/detail_part_002.parquet
C10_7181097_중학교,details/detail_part_002.parquet
C10_7181098_중학교,details/detail_part_002.parquet
C10_7181099_중학교,details/detail_part_002.parquet
C10_7181101_중학교,details/detail_part_002.parquet
C10_7181102_중학교,details/detail_part_002.parquet
C10_7181104_중학교,details/detail_part_002.parquet
C10_7181105_중학교,details/detail_part_002.parquet
C10_7181106_중학교,details/detail_part_002.parquet
C10_7181107_중학교,details/detail_part_002.parquet
C10_7181108_중학교,details/detail_part_002.parquet
C10_7181109_중학교,details/detail_part_002.parquet
C10_7181199_초등학교,details/detail_part_002.parquet
C10_7191010_중학교,details/detail_part_002.parquet
C10_7191011_중학교,details/detail_part_002.parquet
C10_7191012_중학교,details/detail_part_002.parquet
C10_7191013_중학교,details/detail_part_002.parquet
C10_7191014_중학교,details/detail_part_002.parquet
C10_7191015_중학교,details/detail_part_002.parquet
C10_7191016_중학교,details/detail_part_002.parquet
C10_7191017_중학교,details/detail_part_002.parquet
C10_7191018_중학교,details/detail_part_002.parquet
C10_7191019_중학교,details/detail_part_002.parquet
C10_7191020_중학교,details/detail_part_002.parquet
C10_7191021_중학교,details/detail_part_002.parquet
C10_7191022_중학교,details/detail_part_002.parquet
C10_7191023_중학교,details/detail_part_002.parquet
C10_7191024_중학교,details/detail_part_002.parquet
C10_7191025_중학교,details/detail_part_002.parquet
C10_7191026_중학교,details/detail_part_002.parquet
C10_7191027_중학교,details/detail_part_002.parquet
C10_7191028_중학교,details/detail_part_002.parquet
C10_7191029_중학교,details/detail_part_002.parquet
C10_7191030_중학교,details/detail_part_002.parquet
C10_7191031_중학교,details/detail_part_002.parquet
C10_7191033_중학교,details/detail_part_002.parquet
C10_7191034_중학교,details/detail_part_002.parquet
C10_7191035_중학교,details/detail_part_002.parquet
C10_7191036_중학교,details/detail_part_002.parquet
C10_7191037_중학교,details/detail_part_002.parquet
C10_7191038_중학교,details/detail_part_002.parquet
C10_7191039_중학교,details/detail_part_002.parquet
C10_7191040_중학교,details/detail_part_002.parquet
C10_7191041_중학교,details/detail_part_002.parquet
C10_7191042_중학교,details/detail_part_002.parquet
C10_7191043_중학교,details/detail_part_002.parquet
C10_7191045_초등학교,details/detail_part_002.parquet
C10_7191046_초등학교,details/detail_part_002.parquet
C10_7191047_초등학교,details/detail_part_002.parquet
C10_7191048_초등학교,details/detail_part_002.parquet
C10_7191049_초등학교,details/detail_part_002.parquet
C10_7191050_초등학교,details/detail_part_002.parquet
C10_7191051_초등학교,details/detail_part_002.parquet
C10_7191052_초등학교,details/detail_part_002.parquet
C10_7191053_초등학교,details/detail_part_002.parquet
C10_7191054_초등학교,details/detail_part_002.parquet
C10_7191055_초등학교,details/detail_part_002.parquet
C10_7191056_초등학교,details/detail_part_002.parquet
C10_7191057_초등학교,details/detail_part_002.parquet
C10_7191058_초등학교,details/detail_part_002.parquet
C10_7191059_초등학교,details/detail_part_002.parquet
C10_7191060_초등학교,details/detail_part_002.parquet
C10_7191061_초등학교,details/detail_part_002.parquet
C10_7191062_초등학교,details/detail_part_002.parquet
C10_7191063_초등학교,details/detail_part_002.parquet
C10_7191064_초등학교,details/detail_part_002.parquet
C10_7191065_초등학교,details/detail_part_002.parquet
C10_7191066_초등학교,details/detail_part_002.parquet
C10_7191067_초등학교,details/detail_part_002.parquet
C10_7191068_초등학교,details/detail_part_002.parquet
C10_7191069_초등학교,details/detail_part_002.parquet
C10_7191070_초등학교,details/detail_part_002.parquet
C10_7191071_초등학교,details/detail_part_002.parquet
C10_7191072_초등학교,details/detail_part_002.parquet
C10_7191073_초등학교,details/detail_part_002.parquet
C10_7191075_초등학교,details/detail_part_002.parquet
C10_7191076_초등학교,details/detail_part_002.parquet
C10_7191077_초등학교,details/detail_part_002.parquet
C10_7191078_초등학교,details/detail_part_002.parquet
C10_7191079_초등학교,details/detail_part_002.parquet
C10_7191080_초등학교,details/detail_part_002.parquet
C10_7191081_초등학교,details/detail_part_002.parquet
C10_7191082_초등학교,details/detail_part_002.parquet
C10_7191083_초등학교,details/detail_part_002.parquet
C10_7191084_초등학교,details/detail_part_002.parquet
C10_7191085_초등학교,details/detail_part_002.parquet
C10_7191086_초등학교,details/detail_part_002.parquet
C10_7191087_초등학교,details/detail_part_002.parquet
C10_7191088_초등학교,details/detail_part_002.parquet
C10_7191089_초등학교,details/detail_part_002.parquet
C10_7191090_초등학교,details/detail_part_002.parquet
C10_7191091_초등학교,details/detail_part_002.parquet
C10_7191092_초등학교,details/detail_part_002.parquet
C10_7191093_초등학교,details/detail_part_002.parquet
C10_7191094_초등학교,details/detail_part_002.parquet
C10_7191095_초등학교,details/detail_part_002.parquet
C10_7191096_초등학교,details/detail_part_002.parquet
C10_7191097_초등학교,details/detail_part_002.parquet
C10_7191098_초등학교,details/detail_part_002.parquet
C10_7191099_초등학교,details/detail_part_002.parquet
C10_7191101_초등학교,details/detail_part_002.parquet
C10_7191102_초등학교,details/detail_part_002.parquet
C10_7191180_초등학교,details/detail_part_002.parquet
C10_7191199_중학교,details/detail_part_002.parquet
C10_7191202_초등학교,details/detail_part_002.parquet
C10_7191214_초등학교,details/detail_part_002.parquet
C10_7201011_중학교,details/detail_part_002.parquet
C10_7201012_중학교,details/detail_part_002.parquet
C10_7201013_중학교,details/detail_part_002.parquet
C10_7201014_중학교,details/detail_part_002.parquet
C10_7201015_중학교,details/detail_part_002.parquet
C10_7201016_중학교,details/detail_part_002.parquet
C10_7201017_중학교,details/detail_part_002.parquet
C10_7201018_중학교,details/detail_part_002.parquet
C10_7201020_중학교,details/detail_part_002.parquet
C10_7201021_중학교,details/detail_part_002.parquet
C10_7201022_중학교,details/detail_part_002.parquet
C10_7201023_중학교,details/detail_part_002.parquet
C10_7201024_중학교,details/detail_part_002.parquet
C10_7201025_중학교,details/detail_part_002.parquet
C10_7201026_중학교,details/detail_part_002.parquet
C10_7201027_중학교,details/detail_part_002.parquet
C10_7201028_중학교,details/detail_part_002.parquet
C10_7201030_중학교,details/detail_part_002.parquet
C10_7201031_중학교,details/detail_part_002.parquet
C10_7201032_중학교,details/detail_part_002.parquet
C10_7201033_중학교,details/detail_part_002.parquet
C10_7201034_중학교,details/detail_part_002.parquet
C10_7201035_중학교,details/detail_part_002.parquet
C10_7201036_중학교,details/detail_part_002.parquet
C10_7201037_중학교,details/detail_part_002.parquet
C10_7201038_중학교,details/detail_part_002.parquet
C10_7201039_중학교,details/detail_part_002.parquet
C10_7201041_중학교,details/detail_part_002.parquet
C10_7201042_중학교,details/detail_part_002.parquet
C10_7201043_중학교,details/detail_part_002.parquet
C10_7201044_초등학교,details/detail_part_002.parquet
C10_7201045_초등학교,details/detail_part_002.parquet
C10_7201046_초등학교,details/detail_part_002.parquet
C10_7201047_초등학교,details/detail_part_002.parquet
C10_7201048_초등학교,details/detail_part_002.parquet
C10_7201049_초등학교,details/detail_part_002.parquet
C10_7201050_초등학교,details/detail_part_002.parquet
C10_7201051_초등학교,details/detail_part_002.parquet
C10_7201052_초등학교,details/detail_part_002.parquet
C10_7201053_초등학교,details/detail_part_002.parquet
C10_7201055_초등학교,details/detail_part_002.parquet
C10_7201056_초등학교,details/detail_part_002.parquet
C10_7201058_초등학교,details/detail_part_002.parquet
C10_7201059_초등학교,details/detail_part_002.parquet
C10_7201061_초등학교,details/detail_part_002.parquet
C10_7201062_초등학교,details/detail_part_002.parquet
C10_7201063_초등학교,details/detail_part_002.parquet
C10_7201064_초등학교,details/detail_part_002.parquet
C10_7201065_초등학교,details/detail_part_002.parquet
C10_7201066_초등학교,details/detail_part_002.parquet
C10_7201067_초등학교,details/detail_part_002.parquet
C10_7201068_초등학교,details/detail_part_002.parquet
C10_7201069_초등학교,details/detail_part_002.parquet
C10_7201070_초등학교,details/detail_part_002.parquet
C10_7201071_초등학교,details/detail_part_002.parquet
C10_7201072_초등학교,details/detail_part_002.parquet
C10_7201073_초등학교,details/detail_part_002.parquet
C10_7201074_초등학교,details/detail_part_002.parquet
C10_7201075_초등학교,details/detail_part_002.parquet
C10_7201076_초등학교,details/detail_part_002.parquet
C10_7201077_초등학교,details/detail_part_002.parquet
C10_7201078_초등학교,details/detail_part_002.parquet
C10_7201079_초등학교,details/detail_part_002.parquet
C10_7201080_초등학교,details/detail_part_002.parquet
C10_7201081_초등학교,details/detail_part_002.parquet
C10_7201083_초등학교,details/detail_part_002.parquet
C10_7201084_초등학교,details/detail_part_002.parquet
C10_7201085_초등학교,details/detail_part_002.parquet
C10_7201088_초등학교,details/detail_part_002.parquet
C10_7201089_초등학교,details/detail_part_002.parquet
C10_7201090_초등학교,details/detail_part_002.parquet
C10_7201091_초등학교,details/detail_part_002.parquet
C10_7201092_초등학교,details/detail_part_002.parquet
C10_7201093_초등학교,details/detail_part_002.parquet
C10_7201094_초등학교,details/detail_part_002.parquet
C10_7201095_초등학교,details/detail_part_002.parquet
C10_7201096_초등학교,details/detail_part_002.parquet
C10_7201097_초등학교,details/detail_part_002.parquet
C10_7201098_초등학교,details/detail_part_002.parquet
C10_7201099_초등학교,details/detail_part_002.parquet
C10_7201100_초등학교,details/detail_part_002.parquet
C10_7201101_초등학교,details/detail_part_002.parquet
C10_7201102_초등학교,details/detail_part_002.parquet
C10_7201103_초등학교,details/detail_part_002.parquet
C10_7201104_초등학교,details/detail_part_002.parquet
C10_7201105_초등학교,details/detail_part_002.parquet
C10_7201106_초등학교,details/detail_part_002.parquet
C10_7201107_초등학교,details/detail_part_002.parquet
C10_7201201_초등학교,details/detail_part_002.parquet
C10_7201202_초등학교,details/detail_part_002.parquet
C10_7201210_중학교,details/detail_part_002.parquet
C10_7201211_초등학교,details/detail_part_002.parquet
C10_7201223_초등학교,details/detail_part_002.parquet
C10_7201224_중학교,details/detail_part_002.parquet
C10_7201225_중학교,details/detail_part_002.parquet
C10_7201226_초등학교,details/detail_part_002.parquet
C10_7201227_중학교,details/detail_part_002.parquet
C10_7201235_초등학교,details/detail_part_002.parquet
C10_7201238_중학교,details/detail_part_002.parquet
C10_7201243_초등학교,details/detail_part_002.parquet
C10_7201252_초등학교,details/detail_part_002.parquet
C10_7201254_중학교,details/detail_part_002.parquet
C10_7201262_중학교,details/detail_part_002.parquet
C10_7201263_초등학교,details/detail_part_002.parquet
C10_7201264_중학교,details/detail_part_002.parquet
C10_7201268_초등학교,details/detail_part_002.parquet
C10_7201269_중학교,details/detail_part_002.parquet
C10_7211010_중학교,details/detail_part_002.parquet
C10_7211011_중학교,details/detail_part_002.parquet
C10_7211012_중학교,details/detail_part_002.parquet
C10_7211013_중학교,details/detail_part_002.parquet
C10_7211014_중학교,details/detail_part_002.parquet
C10_7211015_중학교,details/detail_part_002.parquet
C10_7211016_중학교,details/detail_part_002.parquet
C10_7211017_중학교,details/detail_part_002.parquet
C10_7211018_중학교,details/detail_part_002.parquet
C10_7211019_중학교,details/detail_part_002.parquet
C10_7211020_중학교,details/detail_part_002.parquet
C10_7211022_중학교,details/detail_part_002.parquet
C10_7211023_중학교,details/detail_part_002.parquet
C10_7211024_중학교,details/detail_part_002.parquet
C10_7211025_중학교,details/detail_part_002.parquet
C10_7211026_중학교,details/detail_part_002.parquet
C10_7211027_중학교,details/detail_part_002.parquet
C10_7211028_중학교,details/detail_part_002.parquet
C10_7211029_중학교,details/detail_part_002.parquet
C10_7211030_중학교,details/detail_part_002.parquet
C10_7211031_중학교,details/detail_part_002.parquet
C10_7211032_중학교,details/detail_part_002.parquet
C10_7211033_중학교,details/detail_part_002.parquet
C10_7211034_중학교,details/detail_part_002.parquet
C10_7211035_중학교,details/detail_part_002.parquet
C10_7211036_중학교,details/detail_part_002.parquet
C10_7211037_중학교,details/detail_part_002.parquet
C10_7211038_중학교,details/detail_part_002.parquet
C10_7211039_초등학교,details/detail_part_002.parquet
C10_7211040_초등학교,details/detail_part_002.parquet
C10_7211041_초등학교,details/detail_part_002.parquet
C10_7211042_초등학교,details/detail_part_002.parquet
C10_7211043_초등학교,details/detail_part_002.parquet
C10_7211045_초등학교,details/detail_part_002.parquet
C10_7211046_초등학교,details/detail_part_003.parquet
C10_7211047_초등학교,details/detail_part_003.parquet
C10_7211048_초등학교,details/detail_part_003.parquet
C10_7211049_초등학교,details/detail_part_003.parquet
C10_7211050_초등학교,details/detail_part_003.parquet
C10_7211051_초등학교,details/detail_part_003.parquet
C10_7211052_초등학교,details/detail_part_003.parquet
C10_7211053_초등학교,details/detail_part_003.parquet
C10_7211054_초등학교,details/detail_part_003.parquet
C10_7211055_초등학교,details/detail_part_003.parquet
C10_7211056_초등학교,details/detail_part_003.parquet
C10_7211057_초등학교,details/detail_part_003.parquet
C10_7211058_초등학교,details/detail_part_003.parquet
C10_7211059_초등학교,details/detail_part_003.parquet
C10_7211060_초등학교,details/detail_part_003.parquet
C10_7211061_초등학교,details/detail_part_003.parquet
C10_7211062_초등학교,details/detail_part_003.parquet
C10_7211063_초등학교,details/detail_part_003.parquet
C10_7211064_초등학교,details/detail_part_003.parquet
C10_7211065_초등학교,details/detail_part_003.parquet
C10_7211066_초등학교,details/detail_part_003.parquet
C10_7211067_초등학교,details/detail_part_003.parquet
C10_7211068_초등학교,details/detail_part_003.parquet
C10_7211070_초등학교,details/detail_part_003.parquet
C10_7211071_초등학교,details/detail_part_003.parquet
C10_7211072_초등학교,details/detail_part_003.parquet
C10_7211073_초등학교,details/detail_part_003.parquet
C10_7211074_초등학교,details/detail_part_003.parquet
C10_7211075_초등학교,details/detail_part_003.parquet
C10_7211076_초등학교,details/detail_part_003.parquet
C10_7211077_초등학교,details/detail_part_003.parquet
C10_7211078_초등학교,details/detail_part_003.parquet
C10_7211079_초등학교,details/detail_part_003.parquet
C10_7211080_초등학교,details/detail_part_003.parquet
C10_7211081_초등학교,details/detail_part_003.parquet
C10_7211082_초등학교,details/detail_part_003.parquet
C10_7211083_초등학교,details/detail_part_003.parquet
C10_7211084_초등학교,details/detail_part_003.parquet
C10_7211085_초등학교,details/detail_part_003.parquet
C10_7211086_초등학교,details/detail_part_003.parquet
C10_7211087_초등학교,details/detail_part_003.parquet
C10_7211089_초등학교,details/detail_part_003.parquet
C10_7211090_초등학교,details/detail_part_003.parquet
C10_7211091_초등학교,details/detail_part_003.parquet
C10_7211092_초등학교,details/detail_part_003.parquet
C10_7211093_초등학교,details/detail_part_003.parquet
C10_7211094_초등학교,details/detail_part_003.parquet
C10_7211095_초등학교,details/detail_part_003.parquet
C10_7211096_초등학교,details/detail_part_003.parquet
C10_7211185_초등학교,details/detail_part_003.parquet
C10_7211196_중학교,details/detail_part_003.parquet
C10_7211200_초등학교,details/detail_part_003.parquet
C10_7211207_초등학교,details/detail_part_003.parquet
C10_7211209_초등학교,details/detail_part_003.parquet
C10_7211211_중학교,details/detail_part_003.parquet
C10_7211215_초등학교,details/detail_part_003.parquet
C10_7211224_초등학교,details/detail_part_003.parquet
C10_7211226_중학교,details/detail_part_003.parquet
C10_7211231_초등학교,details/detail_part_003.parquet
C10_7211240_초등학교,details/detail_part_003.parquet
C10_7211242_중학교,details/detail_part_003.parquet
C10_7211243_초등학교,details/detail_part_003.parquet
D10_7004088_초등학교,details/detail_part_003.parquet
D10_7004178_초등학교,details/detail_part_003.parquet
D10_7004179_중학교,details/detail_part_003.parquet
D10_7004180_고등학교,details/detail_part_003.parquet
D10_7240053_고등학교,details/detail_part_003.parquet
D10_7240054_고등학교,details/detail_part_003.parquet
D10_7240055_고등학교,details/detail_part_003.parquet
D10_7240056_고등학교,details/detail_part_003.parquet
D10_7240057_고등학교,details/detail_part_003.parquet
D10_7240058_고등학교,details/detail_part_003.parquet
D10_7240059_고등학교,details/detail_part_003.parquet
D10_7240060_고등학교,details/detail_part_003.parquet
D10_7240061_고등학교,details/detail_part_003.parquet
D10_7240062_고등학교,details/detail_part_003.parquet
D10_7240063_고등학교,details/detail_part_003.parquet
D10_7240064_고등학교,details/detail_part_003.parquet
D10_7240065_고등학교,details/detail_part_003.parquet
D10_7240068_고등학교,details/detail_part_003.parquet
D10_7240069_고등학교,details/detail_part_003.parquet
D10_7240070_고등학교,details/detail_part_003.parquet
D10_7240071_고등학교,details/detail_part_003.parquet
D10_7240072_고등학교,details/detail_part_003.parquet
D10_7240073_고등학교,details/detail_part_003.parquet
D10_7240074_고등학교,details/detail_part_003.parquet
D10_7240075_고등학교,details/detail_part_003.parquet
D10_7240076_고등학교,details/detail_part_003.parquet
D10_7240078_고등학교,details/detail_part_003.parquet
D10_7240080_고등학교,details/detail_part_003.parquet
D10_7240081_고등학교,details/detail_part_003.parquet
D10_7240082_고등학교,details/detail_part_003.parquet
D10_7240084_고등학교,details/detail_part_003.parquet
D10_7240085_고등학교,details/detail_part_003.parquet
D10_7240086_고등학교,details/detail_part_003.parquet
D10_7240090_고등학교,details/detail_part_003.parquet
D10_7240091_고등학교,details/detail_part_003.parquet
D10_7240092_고등학교,details/detail_part_003.parquet
D10_7240094_고등학교,details/detail_part_003.parquet
D10_7240095_고등학교,details/detail_part_003.parquet
D10_7240096_고등학교,details/detail_part_003.parquet
D10_7240097_고등학교,details/detail_part_003.parquet
D10_7240098_고등학교,details/detail_part_003.parquet
D10_7240099_고등학교,details/detail_part_003.parquet
D10_7240100_고등학교,details/detail_part_003.parquet
D10_7240101_고등학교,details/detail_part_003.parquet
D10_7240102_고등학교,details/detail_part_003.parquet
D10_7240103_고등학교,details/detail_part_003.parquet
D10_7240104_고등학교,details/detail_part_003.parquet
D10_7240105_고등학교,details/detail_part_003.parquet
D10_7240106_고등학교,details/detail_part_003.parquet
D10_7240107_고등학교,details/detail_part_003.parquet
D10_7240111_고등학교,details/detail_part_003.parquet
D10_7240123_고등학교,details/detail_part_003.parquet
D10_7240126_고등학교,details/detail_part_003.parquet
D10_7240133_고등학교,details/detail_part_003.parquet
D10_7240144_고등학교,details/detail_part_003.parquet
D10_7240151_고등학교,details/detail_part_003.parquet
D10_7240172_고등학교,details/detail_part_003.parquet
D10_7240172_중학교,details/detail_part_003.parquet
D10_7240172_초등학교,details/detail_part_003.parquet
D10_7240173_고등학교,details/detail_part_003.parquet
D10_7240173_중학교,details/detail_part_003.parquet
D10_7240173_초등학교,details/detail_part_003.parquet
D10_7240182_고등학교,details/detail_part_003.parquet
D10_7240183_고등학교,details/detail_part_003.parquet
D10_7240187_고등학교,details/detail_part_003.parquet
D10_7240188_고등학교,details/detail_part_003.parquet
D10_7240189_고등학교,details/detail_part_003.parquet
D10_7240197_고등학교,details/detail_part_003.parquet
D10_7240197_중학교,details/detail_part_003.parquet
D10_7240197_초등학교,details/detail_part_003.parquet
D10_7240198_고등학교,details/detail_part_003.parquet
D10_7240198_중학교,details/detail_part_003.parquet
D10_7240198_초등학교,details/detail_part_003.parquet
D10_7240199_고등학교,details/detail_part_003.parquet
D10_7240199_중학교,details/detail_part_003.parquet
D10_7240199_초등학교,details/detail_part_003.parquet
D10_7240200_고등학교,details/detail_part_003.parquet
D10_7240200_중학교,details/detail_part_003.parquet
D10_7240200_초등학교,details/detail_part_003.parquet
D10_7240201_고등학교,details/detail_part_003.parquet
D10_7240201_중학교,details/detail_part_003.parquet
D10_7240201_초등학교,details/detail_part_003.parquet
D10_7240202_고등학교,details/detail_part_003.parquet
D10_7240202_중학교,details/detail_part_003.parquet
D10_7240202_초등학교,details/detail_part_003.parquet
D10_7240203_고등학교,details/detail_part_003.parquet
D10_7240204_고등학교,details/detail_part_003.parquet
D10_7240205_고등학교,details/detail_part_003.parquet
D10_7240206_고등학교,details/detail_part_003.parquet
D10_7240207_고등학교,details/detail_part_003.parquet
D10_7240209_고등학교,details/detail_part_003.parquet
D10_7240213_고등학교,details/detail_part_003.parquet
D10_7240215_고등학교,details/detail_part_003.parquet
D10_7240216_고등학교,details/detail_part_003.parquet
D10_7240217_고등학교,details/detail_part_003.parquet
D10_7240218_고등학교,details/detail_part_003.parquet
D10_7240219_고등학교,details/detail_part_003.parquet
D10_7240222_고등학교,details/detail_part_003.parquet
D10_7240223_고등학교,details/detail_part_003.parquet
D10_7240224_고등학교,details/detail_part_003.parquet
D10_7240259_고등학교,details/detail_part_003.parquet
D10_7240270_고등학교,details/detail_part_003.parquet
D10_7240271_고등학교,details/detail_part_003.parquet
D10_7240272_고등학교,details/detail_part_003.parquet
D10_7240273_고등학교,details/detail_part_003.parquet
D10_7240276_고등학교,details/detail_part_003.parquet
D10_7240277_중학교,details/detail_part_003.parquet
D10_7240282_고등학교,details/detail_part_003.parquet
D10_7240283_고등학교,details/detail_part_003.parquet
D10_7240293_고등학교,details/detail_part_003.parquet
D10_7240294_고등학교,details/detail_part_003.parquet
D10_7240295_고등학교,details/detail_part_003.parquet
D10_7240296_고등학교,details/detail_part_003.parquet
D10_7240331_고등학교,details/detail_part_003.parquet
D10_7240356_고등학교,details/detail_part_003.parquet
D10_7240361_고등학교,details/detail_part_003.parquet
D10_7240361_중학교,details/detail_part_003.parquet
D10_7240361_초등학교,details/detail_part_003.parquet
D10_7240372_고등학교,details/detail_part_003.parquet
D10_7240394_고등학교,details/detail_part_003.parquet
D10_7240395_고등학교,details/detail_part_003.parquet
D10_7240400_고등학교,details/detail_part_003.parquet
D10_7240401_고등학교,details/detail_part_003.parquet
D10_7240402_고등학교,details/detail_part_003.parquet
D10_7240445_고등학교,details/detail_part_003.parquet
D10_7240450_고등학교,details/detail_part_003.parquet
D10_7240451_고등학교,details/detail_part_003.parquet
D10_7240451_중학교,details/detail_part_003.parquet
D10_7240451_초등학교,details/detail_part_003.parquet
D10_7240452_고등학교,details/detail_part_003.parquet
D10_7240453_고등학교,details/detail_part_003.parquet
D10_7240454_고등학교,details/detail_part_003.parquet
D10_7240455_고등학교,details/detail_part_003.parquet
D10_7240455_중학교,details/detail_part_003.parquet
D10_7240455_초등학교,details/detail_part_003.parquet
D10_7240459_고등학교,details/detail_part_003.parquet
D10_7240462_고등학교,details/detail_part_003.parquet
D10_7240463_고등학교,details/detail_part_003.parquet
D10_7240463_중학교,details/detail_part_003.parquet
D10_7240463_초등학교,details/detail_part_003.parquet
D10_7240496_고등학교,details/detail_part_003.parquet
D10_7240514_고등학교,details/detail_part_003.parquet
D10_7240516_고등학교,details/detail_part_003.parquet
D10_7240517_고등학교,details/detail_part_003.parquet
D10_7251009_중학교,details/detail_part_003.parquet
D10_7251010_중학교,details/detail_part_003.parquet
D10_7251011_중학교,details/detail_part_003.parquet
D10_7251012_중학교,details/detail_part_003.parquet
D10_7251013_중학교,details/detail_part_003.parquet
D10_7251015_중학교,details/detail_part_003.parquet
D10_7251016_중학교,details/detail_part_003.parquet
D10_7251017_중학교,details/detail_part_003.parquet
D10_7251018_중학교,details/detail_part_003.parquet
D10_7251019_중학교,details/detail_part_003.parquet
D10_7251020_중학교,details/detail_part_003.parquet
D10_7251022_중학교,details/detail_part_003.parquet
D10_7251023_중학교,details/detail_part_003.parquet
D10_7251024_중학교,details/detail_part_003.parquet
D10_7251025_중학교,details/detail_part_003.parquet
D10_7251026_중학교,details/detail_part_003.parquet
D10_7251027_중학교,details/detail_part_003.parquet
D10_7251028_중학교,details/detail_part_003.parquet
D10_7251029_중학교,details/detail_part_003.parquet
D10_7251030_중학교,details/detail_part_003.parquet
D10_7251031_중학교,details/detail_part_003.parquet
D10_7251032_중학교,details/detail_part_003.parquet
D10_7251033_중학교,details/detail_part_003.parquet
D10_7251034_중학교,details/detail_part_003.parquet
D10_7251035_중학교,details/detail_part_003.parquet
D10_7251036_중학교,details/detail_part_003.parquet
D10_7251037_중학교,details/detail_part_003.parquet
D10_7251038_중학교,details/detail_part_003.parquet
D10_7251039_중학교,details/detail_part_003.parquet
D10_7251040_중학교,details/detail_part_003.parquet
D10_7251041_중학교,details/detail_part_003.parquet
D10_7251042_중학교,details/detail_part_003.parquet
D10_7251043_중학교,details/detail_part_003.parquet
D10_7251044_중학교,details/detail_part_003.parquet
D10_7251045_중학교,details/detail_part_003.parquet
D10_7251046_중학교,details/detail_part_003.parquet
D10_7251047_초등학교,details/detail_part_003.parquet
D10_7251048_초등학교,details/detail_part_003.parquet
D10_7251049_초등학교,details/detail_part_003.parquet
D10_7251050_초등학교,details/detail_part_003.parquet
D10_7251051_초등학교,details/detail_part_003.parquet
D10_7251052_초등학교,details/detail_part_003.parquet
D10_7251053_초등학교,details/detail_part_003.parquet
D10_7251054_초등학교,details/detail_part_003.parquet
D10_7251055_초등학교,details/detail_part_003.parquet
D10_7251056_초등학교,details/detail_part_003.parquet
D10_7251057_초등학교,details/detail_part_003.parquet
D10_7251058_초등학교,details/detail_part_003.parquet
D10_7251059_초등학교,details/detail_part_003.parquet
D10_7251060_초등학교,details/detail_part_003.parquet
D10_7251061_초등학교,details/detail_part_003.parquet
D10_7251062_초등학교,details/detail_part_003.parquet
D10_7251063_초등학교,details/detail_part_003.parquet
D10_7251064_초등학교,details/detail_part_003.parquet
D10_7251065_초등학교,details/detail_part_003.parquet
D10_7251066_초등학교,details/detail_part_003.parquet
D10_7251067_초등학교,details/detail_part_003.parquet
D10_7251068_초등학교,details/detail_part_003.parquet
D10_7251069_초등학교,details/detail_part_003.parquet
D10_7251070_초등학교,details/detail_part_003.parquet
D10_7251071_초등학교,details/detail_part_003.parquet
D10_7251072_초등학교,details/detail_part_003.parquet
D10_7251073_초등학교,details/detail_part_003.parquet
D10_7251074_초등학교,details/detail_part_003.parquet
D10_7251075_초등학교,details/detail_part_003.parquet
D10_7251076_초등학교,details/detail_part_003.parquet
D10_7251077_초등학교,details/detail_part_003.parquet
D10_7251078_초등학교,details/detail_part_003.parquet
D10_7251079_초등학교,details/detail_part_003.parquet
D10_7251080_초등학교,details/detail_part_003.parquet
D10_7251081_초등학교,details/detail_part_003.parquet
D10_7251082_초등학교,details/detail_part_003.parquet
D10_7251083_초등학교,details/detail_part_003.parquet
D10_7251084_초등학교,details/detail_part_003.parquet
D10_7251085_초등학교,details/detail_part_003.parquet
D10_7251086_초등학교,details/detail_part_003.parquet
D10_7251087_초등학교,details/detail_part_003.parquet
D10_7251088_초등학교,details/detail_part_003.parquet
D10_7251089_초등학교,details/detail_part_003.parquet
D10_7251090_초등학교,details/detail_part_003.parquet
D10_7251091_초등학교,details/detail_part_003.parquet
D10_7251092_초등학교,details/detail_part_003.parquet
D10_7251093_초등학교,details/detail_part_003.parquet
D10_7251094_초등학교,details/detail_part_003.parquet
D10_7251095_초등학교,details/detail_part_003.parquet
D10_7251096_초등학교,details/detail_part_003.parquet
D10_7251097_초등학교,details/detail_part_003.parquet
D10_7251098_초등학교,details/detail_part_003.parquet
D10_7251099_초등학교,details/detail_part_003.parquet
D10_7251100_초등학교,details/detail_part_003.parquet
D10_7251101_초등학교,details/detail_part_003.parquet
D10_7251102_초등학교,details/detail_part_003.parquet
D10_7251103_초등학교,details/detail_part_003.parquet
D10_7251104_초등학교,details/detail_part_003.parquet
D10_7251105_초등학교,details/detail_part_003.parquet
D10_7251106_초등학교,details/detail_part_003.parquet
D10_7251107_초등학교,details/detail_part_003.parquet
D10_7251108_초등학교,details/detail_part_003.parquet
D10_7251109_초등학교,details/detail_part_003.parquet
D10_7251110_초등학교,details/detail_part_003.parquet
D10_7251111_초등학교,details/detail_part_003.parquet
D10_7251112_초등학교,details/detail_part_003.parquet
D10_7251113_초등학교,details/detail_part_003.parquet
D10_7251114_초등학교,details/detail_part_003.parquet
D10_7251116_초등학교,details/detail_part_003.parquet
D10_7251117_초등학교,details/detail_part_003.parquet
D10_7251118_초등학교,details/detail_part_003.parquet
D10_7251219_중학교,details/detail_part_003.parquet
D10_7251243_초등학교,details/detail_part_003.parquet
D10_7251245_초등학교,details/detail_part_003.parquet
D10_7251259_초등학교,details/detail_part_003.parquet
D10_7251268_초등학교,details/detail_part_003.parquet
D10_7251282_중학교,details/detail_part_003.parquet
D10_7251290_중학교,details/detail_part_003.parquet
D10_7251301_초등학교,details/detail_part_003.parquet
D10_7251302_중학교,details/detail_part_003.parquet
D10_7261009_중학교,details/detail_part_003.parquet
D10_7261010_중학교,details/detail_part_003.parquet
D10_7261011_중학교,details/detail_part_003.parquet
D10_7261012_중학교,details/detail_part_003.parquet
D10_7261013_중학교,details/detail_part_003.parquet
D10_7261015_중학교,details/detail_part_003.parquet
D10_7261016_중학교,details/detail_part_003.parquet
D10_7261017_중학교,details/detail_part_003.parquet
D10_7261018_중학교,details/detail_part_003.parquet
D10_7261020_중학교,details/detail_part_003.parquet
D10_7261021_중학교,details/detail_part_003.parquet
D10_7261022_중학교,details/detail_part_003.parquet
D10_7261023_중학교,details/detail_part_003.parquet
D10_7261024_중학교,details/detail_part_003.parquet
D10_7261025_중학교,details/detail_part_003.parquet
D10_7261026_중학교,details/detail_part_003.parquet
D10_7261028_중학교,details/detail_part_003.parquet
D10_7261029_중학교,details/detail_part_003.parquet
D10_7261031_중학교,details/detail_part_003.parquet
D10_7261032_중학교,details/detail_part_003.parquet
D10_7261033_중학교,details/detail_part_003.parquet
D10_7261034_중학교,details/detail_part_003.parquet
D10_7261035_중학교,details/detail_part_003.parquet
D10_7261036_중학교,details/detail_part_003.parquet
D10_7261037_중학교,details/detail_part_003.parquet
D10_7261039_중학교,details/detail_part_003.parquet
D10_7261040_초등학교,details/detail_part_003.parquet
D10_7261041_초등학교,details/detail_part_003.parquet
D10_7261042_초등학교,details/detail_part_003.parquet
D10_7261043_초등학교,details/detail_part_003.parquet
D10_7261044_초등학교,details/detail_part_003.parquet
D10_7261045_초등학교,details/detail_part_003.parquet
D10_7261046_초등학교,details/detail_part_003.parquet
D10_7261048_초등학교,details/detail_part_003.parquet
D10_7261049_초등학교,details/detail_part_003.parquet
D10_7261050_초등학교,details/detail_part_003.parquet
D10_7261051_초등학교,details/detail_part_003.parquet
D10_7261052_초등학교,details/detail_part_003.parquet
D10_7261053_초등학교,details/detail_part_003.parquet
D10_7261054_초등학교,details/detail_part_003.parquet
D10_7261055_초등학교,details/detail_part_003.parquet
D10_7261056_초등학교,details/detail_part_003.parquet
D10_7261057_초등학교,details/detail_part_003.parquet
D10_7261058_초등학교,details/detail_part_003.parquet
D10_7261059_초등학교,details/detail_part_003.parquet
D10_7261060_초등학교,details/detail_part_003.parquet
D10_7261062_초등학교,details/detail_part_003.parquet
D10_7261063_초등학교,details/detail_part_003.parquet
D10_7261064_초등학교,details/detail_part_003.parquet
D10_7261065_초등학교,details/detail_part_003.parquet
D10_7261066_초등학교,details/detail_part_003.parquet
D10_7261067_초등학교,details/detail_part_003.parquet
D10_7261069_초등학교,details/detail_part_003.parquet
D10_7261070_초등학교,details/detail_part_003.parquet
D10_7261071_초등학교,details/detail_part_003.parquet
D10_7261072_초등학교,details/detail_part_003.parquet
D10_7261073_초등학교,details/detail_part_003.parquet
D10_7261074_초등학교,details/detail_part_003.parquet
D10_7261075_초등학교,details/detail_part_003.parquet
D10_7261076_초등학교,details/detail_part_003.parquet
D10_7261077_초등학교,details/detail_part_003.parquet
D10_7261078_초등학교,details/detail_part_003.parquet
D10_7261079_초등학교,details/detail_part_003.parquet
D10_7261080_초등학교,details/detail_part_003.parquet
D10_7261081_초등학교,details/detail_part_003.parquet
D10_7261082_초등학교,details/detail_part_003.parquet
D10_7261083_초등학교,details/detail_part_003.parquet
D10_7261084_초등학교,details/detail_part_003.parquet
D10_7261085_초등학교,details/detail_part_003.parquet
D10_7261086_초등학교,details/detail_part_003.parquet
D10_7261087_초등학교,details/detail_part_003.parquet
D10_7261088_초등학교,details/detail_part_003.parquet
D10_7261089_초등학교,details/detail_part_003.parquet
D10_7261090_초등학교,details/detail_part_003.parquet
D10_7261091_초등학교,details/detail_part_003.parquet
D10_7261092_초등학교,details/detail_part_003.parquet
D10_7261093_초등학교,details/detail_part_003.parquet
D10_7261094_초등학교,details/detail_part_003.parquet
D10_7261199_중학교,details/detail_part_003.parquet
D10_7261210_초등학교,details/detail_part_003.parquet
D10_7261214_중학교,details/detail_part_003.parquet
D10_7261218_초등학교,details/detail_part_003.parquet
D10_7261219_중학교,details/detail_part_003.parquet
D10_7261225_초등학교,details/detail_part_003.parquet
D10_7261228_초등학교,details/detail_part_003.parquet
D10_7261232_중학교,details/detail_part_003.parquet
D10_7271009_중학교,details/detail_part_003.parquet
D10_7271010_중학교,details/detail_part_003.parquet
D10_7271011_중학교,details/detail_part_003.parquet
D10_7271012_중학교,details/detail_part_003.parquet
D10_7271014_중학교,details/detail_part_003.parquet
D10_7271018_중학교,details/detail_part_003.parquet
D10_7271019_중학교,details/detail_part_003.parquet
D10_7271020_중학교,details/detail_part_003.parquet
D10_7271021_중학교,details/detail_part_003.parquet
D10_7271022_중학교,details/detail_part_003.parquet
D10_7271023_중학교,details/detail_part_003.parquet
D10_7271024_중학교,details/detail_part_003.parquet
D10_7271025_중학교,details/detail_part_003.parquet
D10_7271026_중학교,details/detail_part_003.parquet
D10_7271027_중학교,details/detail_part_003.parquet
D10_7271028_중학교,details/detail_part_003.parquet
D10_7271030_중학교,details/detail_part_003.parquet
D10_7271032_중학교,details/detail_part_003.parquet
D10_7271033_중학교,details/detail_part_003.parquet
D10_7271034_중학교,details/detail_part_003.parquet
D10_7271035_중학교,details/detail_part_003.parquet
D10_7271039_중학교,details/detail_part_003.parquet
D10_7271040_중학교,details/detail_part_003.parquet
D10_7271041_중학교,details/detail_part_003.parquet
D10_7271042_중학교,details/detail_part_003.parquet
D10_7271043_중학교,details/detail_part_003.parquet
D10_7271044_중학교,details/detail_part_003.parquet
D10_7271045_중학교,details/detail_part_003.parquet
D10_7271046_중학교,details/detail_part_003.parquet
D10_7271047_중학교,details/detail_part_003.parquet
D10_7271048_초등학교,details/detail_part_003.parquet
D10_7271049_초등학교,details/detail_part_003.parquet
D10_7271050_초등학교,details/detail_part_003.parquet
D10_7271051_초등학교,details/detail_part_003.parquet
D10_7271052_초등학교,details/detail_part_003.parquet
D10_7271053_초등학교,details/detail_part_003.parquet
D10_7271054_초등학교,details/detail_part_003.parquet
D10_7271055_초등학교,details/detail_part_003.parquet
D10_7271056_초등학교,details/detail_part_003.parquet
D10_7271057_초등학교,details/detail_part_003.parquet
D10_7271058_초등학교,details/detail_part_003.parquet
D10_7271059_초등학교,details/detail_part_003.parquet
D10_7271060_초등학교,details/detail_part_003.parquet
D10_7271061_초등학교,details/detail_part_003.parquet
D10_7271062_초등학교,details/detail_part_003.parquet
D10_7271063_초등학교,details/detail_part_003.parquet
D10_7271064_초등학교,details/detail_part_003.parquet
D10_7271065_초등학교,details/detail_part_003.parquet
D10_7271066_초등학교,details/detail_part_003.parquet
D10_7271067_초등학교,details/detail_part_003.parquet
D10_7271068_초등학교,details/detail_part_003.parquet
D10_7271069_초등학교,details/detail_part_003.parquet
D10_7271070_초등학교,details/detail_part_003.parquet
D10_7271071_초등학교,details/detail_part_003.parquet
D10_7271072_초등학교,details/detail_part_003.parquet
D10_7271073_초등학교,details/detail_part_003.parquet
D10_7271074_초등학교,details/detail_part_003.parquet
D10_7271075_초등학교,details/detail_part_003.parquet
D10_7271076_초등학교,details/detail_part_003.parquet
D10_7271077_초등학교,details/detail_part_003.parquet
D10_7271078_초등학교,details/detail_part_003.parquet
D10_7271079_초등학교,details/detail_part_003.parquet
D10_7271080_초등학교,details/detail_part_003.parquet
D10_7271081_초등학교,details/detail_part_003.parquet
D10_7271082_초등학교,details/detail_part_003.parquet
D10_7271083_초등학교,details/detail_part_003.parquet
D10_7271084_초등학교,details/detail_part_003.parquet
D10_7271085_초등학교,details/detail_part_003.parquet
D10_7271086_초등학교,details/detail_part_003.parquet
D10_7271087_초등학교,details/detail_part_003.parquet
D10_7271088_초등학교,details/detail_part_003.parquet
D10_7271089_초등학교,details/detail_part_003.parquet
D10_7271090_초등학교,details/detail_part_003.parquet
D10_7271091_초등학교,details/detail_part_003.parquet
D10_7271092_초등학교,details/detail_part_003.parquet
D10_7271093_초등학교,details/detail_part_003.parquet
D10_7271094_초등학교,details/detail_part_003.parquet
D10_7271095_초등학교,details/detail_part_003.parquet
D10_7271096_초등학교,details/detail_part_003.parquet
D10_7271097_초등학교,details/detail_part_003.parquet
D10_7271098_초등학교,details/detail_part_003.parquet
D10_7271099_초등학교,details/detail_part_003.parquet
D10_7271100_초등학교,details/detail_part_003.parquet
D10_7271101_초등학교,details/detail_part_003.parquet
D10_7271102_초등학교,details/detail_part_003.parquet
D10_7271103_초등학교,details/detail_part_003.parquet
D10_7271104_초등학교,details/detail_part_003.parquet
D10_7271105_초등학교,details/detail_part_003.parquet
D10_7271106_초등학교,details/detail_part_003.parquet
D10_7271107_초등학교,details/detail_part_003.parquet
D10_7271108_초등학교,details/detail_part_003.parquet
D10_7271200_초등학교,details/detail_part_003.parquet
D10_7271208_중학교,details/detail_part_003.parquet
D10_7271215_초등학교,details/detail_part_003.parquet
D10_7271235_초등학교,details/detail_part_003.parquet
D10_7271244_중학교,details/detail_part_003.parquet
D10_7271245_중학교,details/detail_part_003.parquet
D10_7271250_초등학교,details/detail_part_003.parquet
D10_7271253_중학교,details/detail_part_003.parquet
D10_7271256_중학교,details/detail_part_003.parquet
D10_7271258_초등학교,details/detail_part_003.parquet
D10_7281003_중학교,details/detail_part_003.parquet
D10_7281004_중학교,details/detail_part_003.parquet
D10_7281005_중학교,details/detail_part_003.parquet
D10_7281006_중학교,details/detail_part_003.parquet
D10_7281007_중학교,details/detail_part_003.parquet
D10_7281008_중학교,details/detail_part_003.parquet
D10_7281009_중학교,details/detail_part_003.parquet
D10_7281010_중학교,details/detail_part_003.parquet
D10_7281011_중학교,details/detail_part_003.parquet
D10_7281012_중학교,details/detail_part_003.parquet
D10_7281013_중학교,details/detail_part_003.parquet
D10_7281014_중학교,details/detail_part_003.parquet
D10_7281015_중학교,details/detail_part_003.parquet
D10_7281016_중학교,details/detail_part_003.parquet
D10_7281017_초등학교,details/detail_part_003.parquet
D10_7281018_초등학교,details/detail_part_003.parquet
D10_7281019_초등학교,details/detail_part_003.parquet
D10_7281020_초등학교,details/detail_part_003.parquet
D10_7281021_초등학교,details/detail_part_003.parquet
D10_7281022_초등학교,details/detail_part_003.parquet
D10_7281023_초등학교,details/detail_part_003.parquet
D10_7281024_초등학교,details/detail_part_003.parquet
D10_7281025_초등학교,details/detail_part_003.parquet
D10_7281026_초등학교,details/detail_part_003.parquet
D10_7281027_초등학교,details/detail_part_003.parquet
D10_7281028_초등학교,details/detail_part_003.parquet
D10_7281029_초등학교,details/detail_part_003.parquet
D10_7281030_초등학교,details/detail_part_003.parquet
D10_7281031_초등학교,details/detail_part_003.parquet
D10_7281032_초등학교,details/detail_part_003.parquet
D10_7281033_초등학교,details/detail_part_003.parquet
D10_7281034_초등학교,details/detail_part_003.parquet
D10_7281035_초등학교,details/detail_part_003.parquet
D10_7281036_초등학교,details/detail_part_003.parquet
D10_7281037_초등학교,details/detail_part_003.parquet
D10_7281038_초등학교,details/detail_part_003.parquet
D10_7281039_초등학교,details/detail_part_003.parquet
D10_7281040_초등학교,details/detail_part_003.parquet
D10_7281041_초등학교,details/detail_part_003.parquet
D10_7281102_초등학교,details/detail_part_003.parquet
D10_7281103_초등학교,details/detail_part_003.parquet
D10_7281104_초등학교,details/detail_part_003.parquet
D10_7281105_초등학교,details/detail_part_003.parquet
D10_7281109_중학교,details/detail_part_003.parquet
D10_7281110_초등학교,details/detail_part_003.parquet
D10_7281111_초등학교,details/detail_part_003.parquet
D10_7281112_초등학교,details/detail_part_003.parquet
D10_7281118_중학교,details/detail_part_003.parquet
D10_7281119_중학교,details/detail_part_003.parquet
D10_7281123_중학교,details/detail_part_003.parquet
D10_7281127_초등학교,details/detail_part_003.parquet
D10_8862003_중학교,details/detail_part_003.parquet
D10_8862005_중학교,details/detail_part_003.parquet
D10_8862006_중학교,details/detail_part_003.parquet
D10_8862008_초등학교,details/detail_part_003.parquet
D10_8862009_초등학교,details/detail_part_003.parquet
D10_8862010_초등학교,details/detail_part_003.parquet
D10_8862011_초등학교,details/detail_part_003.parquet
D10_8862012_초등학교,details/detail_part_003.parquet
D10_8862014_초등학교,details/detail_part_003.parquet
D10_8862024_초등학교,details/detail_part_003.parquet
D10_8862025_초등학교,details/detail_part_003.parquet
D10_8862026_초등학교,details/detail_part_003.parquet
D10_8862027_초등학교,details/detail_part_003.parquet
D10_8862029_중학교,details/detail_part_003.parquet
D10_8862031_중학교,details/detail_part_003.parquet
D10_8862032_초등학교,details/detail_part_003.parquet
D10_8862033_초등학교,details/detail_part_003.parquet
D10_8862034_초등학교,details/detail_part_003.parquet
D10_8862035_초등학교,details/detail_part_003.parquet
E10_1192069_고등학교,details/detail_part_003.parquet
E10_7004258_초등학교,details/detail_part_003.parquet
E10_7310035_고등학교,details/detail_part_003.parquet
E10_7310036_고등학교,details/detail_part_003.parquet
E10_7310037_고등학교,details/detail_part_003.parquet
E10_7310038_고등학교,details/detail_part_003.parquet
E10_7310039_고등학교,details/detail_part_003.parquet
E10_7310041_고등학교,details/detail_part_003.parquet
E10_7310042_고등학교,details/detail_part_003.parquet
E10_7310043_고등학교,details/detail_part_003.parquet
E10_7310044_고등학교,details/detail_part_003.parquet
E10_7310045_고등학교,details/detail_part_003.parquet
E10_7310046_고등학교,details/detail_part_003.parquet
E10_7310047_고등학교,details/detail_part_003.parquet
E10_7310048_고등학교,details/detail_part_003.parquet
E10_7310049_고등학교,details/detail_part_003.parquet
E10_7310050_고등학교,details/detail_part_003.parquet
E10_7310051_고등학교,details/detail_part_003.parquet
E10_7310052_고등학교,details/detail_part_003.parquet
E10_7310053_고등학교,details/detail_part_003.parquet
E10_7310054_고등학교,details/detail_part_003.parquet
E10_7310055_고등학교,details/detail_part_003.parquet
E10_7310056_고등학교,details/detail_part_003.parquet
E10_7310057_고등학교,details/detail_part_003.parquet
E10_7310058_고등학교,details/detail_part_003.parquet
E10_7310059_고등학교,details/detail_part_003.parquet
E10_7310060_고등학교,details/detail_part_003.parquet
E10_7310061_고등학교,details/detail_part_003.parquet
E10_7310062_고등학교,details/detail_part_003.parquet
E10_7310063_고등학교,details/detail_part_003.parquet
E10_7310064_고등학교,details/detail_part_003.parquet
E10_7310065_고등학교,details/detail_part_003.parquet
E10_7310066_고등학교,details/detail_part_003.parquet
E10_7310067_고등학교,details/detail_part_003.parquet
E10_7310068_고등학교,details/detail_part_003.parquet
E10_7310069_고등학교,details/detail_part_003.parquet
E10_7310070_고등학교,details/detail_part_003.parquet
E10_7310071_고등학교,details/detail_part_003.parquet
E10_7310072_고등학교,details/detail_part_003.parquet
E10_7310073_고등학교,details/detail_part_003.parquet
E10_7310075_고등학교,details/detail_part_003.parquet
E10_7310077_고등학교,details/detail_part_003.parquet
E10_7310078_고등학교,details/detail_part_003.parquet
E10_7310079_고등학교,details/detail_part_003.parquet
E10_7310080_고등학교,details/detail_part_003.parquet
E10_7310082_고등학교,details/detail_part_003.parquet
E10_7310083_고등학교,details/detail_part_003.parquet
E10_7310084_고등학교,details/detail_part_003.parquet
E10_7310085_고등학교,details/detail_part_003.parquet
E10_7310086_고등학교,details/detail_part_003.parquet
E10_7310090_고등학교,details/detail_part_003.parquet
E10_7310093_고등학교,details/detail_part_003.parquet
E10_7310100_고등학교,details/detail_part_003.parquet
E10_7310104_고등학교,details/detail_part_003.parquet
E10_7310109_고등학교,details/detail_part_003.parquet
E10_7310129_고등학교,details/detail_part_003.parquet
E10_7310130_고등학교,details/detail_part_003.parquet
E10_7310150_고등학교,details/detail_part_003.parquet
E10_7310150_중학교,details/detail_part_003.parquet
E10_7310150_초등학교,details/detail_part_003.parquet
E10_7310151_고등학교,details/detail_part_003.parquet
E10_7310151_중학교,details/detail_part_003.parquet
E10_7310151_초등학교,details/detail_part_003.parquet
E10_7310152_고등학교,details/detail_part_003.parquet
E10_7310152_중학교,details/detail_part_003.parquet
E10_7310152_초등학교,details/detail_part_003.parquet
E10_7310154_고등학교,details/detail_part_003.parquet
E10_7310154_중학교,details/detail_part_003.parquet
E10_7310154_초등학교,details/detail_part_003.parquet
E10_7310155_고등학교,details/detail_part_003.parquet
E10_7310155_중학교,details/detail_part_003.parquet
E10_7310155_초등학교,details/detail_part_003.parquet
E10_7310156_고등학교,details/detail_part_003.parquet
E10_7310156_중학교,details/detail_part_003.parquet
E10_7310156_초등학교,details/detail_part_003.parquet
E10_7310189_고등학교,details/detail_part_003.parquet
E10_7310190_고등학교,details/detail_part_003.parquet
E10_7310191_고등학교,details/detail_part_003.parquet
E10_7310192_고등학교,details/detail_part_003.parquet
E10_7310193_고등학교,details/detail_part_003.parquet
E10_7310201_고등학교,details/detail_part_003.parquet
E10_7310203_고등학교,details/detail_part_003.parquet
E10_7310204_고등학교,details/detail_part_003.parquet
E10_7310205_고등학교,details/detail_part_003.parquet
E10_7310207_고등학교,details/detail_part_003.parquet
E10_7310212_고등학교,details/detail_part_003.parquet
E10_7310213_고등학교,details/detail_part_003.parquet
E10_7310214_고등학교,details/detail_part_003.parquet
E10_7310216_고등학교,details/detail_part_003.parquet
E10_7310217_고등학교,details/detail_part_003.parquet
E10_7310219_고등학교,details/detail_part_003.parquet
E10_7310220_고등학교,details/detail_part_003.parquet
E10_7310241_고등학교,details/detail_part_003.parquet
E10_7310242_고등학교,details/detail_part_003.parquet
E10_7310245_고등학교,details/detail_part_003.parquet
E10_7310246_고등학교,details/detail_part_003.parquet
E10_7310248_고등학교,details/detail_part_003.parquet
E10_7310250_고등학교,details/detail_part_003.parquet
E10_7310252_고등학교,details/detail_part_003.parquet
E10_7310253_고등학교,details/detail_part_003.parquet
E10_7310256_고등학교,details/detail_part_003.parquet
E10_7310257_고등학교,details/detail_part_003.parquet
E10_7310259_고등학교,details/detail_part_003.parquet
E10_7310260_고등학교,details/detail_part_003.parquet
E10_7310261_고등학교,details/detail_part_003.parquet
E10_7310332_고등학교,details/detail_part_004.parquet
E10_7310333_고등학교,details/detail_part_004.parquet
E10_7310334_고등학교,details/detail_part_004.parquet
E10_7310338_고등학교,details/detail_part_004.parquet
E10_7310338_중학교,details/detail_part_004.parquet
E10_7310338_초등학교,details/detail_part_004.parquet
E10_7310339_고등학교,details/detail_part_004.parquet
E10_7310342_고등학교,details/detail_part_004.parquet
E10_7310345_고등학교,details/detail_part_004.parquet
E10_7310346_고등학교,details/detail_part_004.parquet
E10_7310348_고등학교,details/detail_part_004.parquet
E10_7310349_고등학교,details/detail_part_004.parquet
E10_7310350_고등학교,details/detail_part_004.parquet
E10_7310369_고등학교,details/detail_part_004.parquet
E10_7310370_고등학교,details/detail_part_004.parquet
E10_7310371_고등학교,details/detail_part_004.parquet
E10_7310372_고등학교,details/detail_part_004.parquet
E10_7310373_고등학교,details/detail_part_004.parquet
E10_7310374_고등학교,details/detail_part_004.parquet
E10_7310375_고등학교,details/detail_part_004.parquet
E10_7310383_고등학교,details/detail_part_004.parquet
E10_7310392_중학교,details/detail_part_004.parquet
E10_7310394_고등학교,details/detail_part_004.parquet
E10_7310403_고등학교,details/detail_part_004.parquet
E10_7310404_고등학교,details/detail_part_004.parquet
E10_7310405_고등학교,details/detail_part_004.parquet
E10_7310422_고등학교,details/detail_part_004.parquet
E10_7310423_고등학교,details/detail_part_004.parquet
E10_7310427_고등학교,details/detail_part_004.parquet
E10_7310446_고등학교,details/detail_part_004.parquet
E10_7310447_고등학교,details/detail_part_004.parquet
E10_7310449_고등학교,details/detail_part_004.parquet
E10_7310452_고등학교,details/detail_part_004.parquet
E10_7310453_고등학교,details/detail_part_004.parquet
E10_7310454_고등학교,details/detail_part_004.parquet
E10_7310455_고등학교,details/detail_part_004.parquet
E10_7310474_고등학교,details/detail_part_004.parquet
E10_7310474_중학교,details/detail_part_004.parquet
E10_7310474_초등학교,details/detail_part_004.parquet
E10_7310475_고등학교,details/detail_part_004.parquet
E10_7310476_고등학교,details/detail_part_004.parquet
E10_7310477_고등학교,details/detail_part_004.parquet
E10_7310477_중학교,details/detail_part_004.parquet
E10_7310477_초등학교,details/detail_part_004.parquet
E10_7310479_고등학교,details/detail_part_004.parquet
E10_7310480_고등학교,details/detail_part_004.parquet
E10_7310555_고등학교,details/detail_part_004.parquet
E10_7310555_중학교,details/detail_part_004.parquet
E10_7310555_초등학교,details/detail_part_004.parquet
E10_7310560_고등학교,details/detail_part_004.parquet
E10_7310562_고등학교,details/detail_part_004.parquet
E10_7310563_고등학교,details/detail_part_004.parquet
E10_7310592_고등학교,details/detail_part_004.parquet
E10_7310593_고등학교,details/detail_part_004.parquet
E10_7310598_고등학교,details/detail_part_004.parquet
E10_7310601_고등학교,details/detail_part_004.parquet
E10_7310620_고등학교,details/detail_part_004.parquet
E10_7310624_고등학교,details/detail_part_004.parquet
E10_7310625_고등학교,details/detail_part_004.parquet
E10_7310626_고등학교,details/detail_part_004.parquet
E10_7310627_고등학교,details/detail_part_004.parquet
E10_7310628_고등학교,details/detail_part_004.parquet
E10_7310629_고등학교,details/detail_part_004.parquet
E10_7321012_초등학교,details/detail_part_004.parquet
E10_7321013_초등학교,details/detail_part_004.parquet
E10_7321014_초등학교,details/detail_part_004.parquet
E10_7321015_초등학교,details/detail_part_004.parquet
E10_7321016_초등학교,details/detail_part_004.parquet
E10_7321017_초등학교,details/detail_part_004.parquet
E10_7321018_초등학교,details/detail_part_004.parquet
E10_7321019_초등학교,details/detail_part_004.parquet
E10_7321020_초등학교,details/detail_part_004.parquet
E10_7321021_초등학교,details/detail_part_004.parquet
E10_7321022_초등학교,details/detail_part_004.parquet
E10_7321023_초등학교,details/detail_part_004.parquet
E10_7321024_초등학교,details/detail_part_004.parquet
E10_7321025_초등학교,details/detail_part_004.parquet
E10_7321026_초등학교,details/detail_part_004.parquet
E10_7321027_초등학교,details/detail_part_004.parquet
E10_7321028_초등학교,details/detail_part_004.parquet
E10_7321029_초등학교,details/detail_part_004.parquet
E10_7321030_초등학교,details/detail_part_004.parquet
E10_7321031_초등학교,details/detail_part_004.parquet
E10_7321032_초등학교,details/detail_part_004.parquet
E10_7321033_초등학교,details/detail_part_004.parquet
E10_7321034_초등학교,details/detail_part_004.parquet
E10_7321035_초등학교,details/detail_part_004.parquet
E10_7321036_초등학교,details/detail_part_004.parquet
E10_7321037_초등학교,details/detail_part_004.parquet
E10_7321038_초등학교,details/detail_part_004.parquet
E10_7321039_초등학교,details/detail_part_004.parquet
E10_7321040_초등학교,details/detail_part_004.parquet
E10_7321041_초등학교,details/detail_part_004.parquet
E10_7321042_초등학교,details/detail_part_004.parquet
E10_7321043_초등학교,details/detail_part_004.parquet
E10_7321044_초등학교,details/detail_part_004.parquet
E10_7321045_초등학교,details/detail_part_004.parquet
E10_7321046_초등학교,details/detail_part_004.parquet
E10_7321047_초등학교,details/detail_part_004.parquet
E10_7321048_초등학교,details/detail_part_004.parquet
E10_7321049_초등학교,details/detail_part_004.parquet
E10_7321050_초등학교,details/detail_part_004.parquet
E10_7321051_초등학교,details/detail_part_004.parquet
E10_7321052_초등학교,details/detail_part_004.parquet
E10_7321053_초등학교,details/detail_part_004.parquet
E10_7321054_초등학교,details/detail_part_004.parquet
E10_7321055_초등학교,details/detail_part_004.parquet
E10_7321056_초등학교,details/detail_part_004.parquet
E10_7321059_초등학교,details/detail_part_004.parquet
E10_7321060_초등학교,details/detail_part_004.parquet
E10_7321061_초등학교,details/detail_part_004.parquet
E10_7321062_초등학교,details/detail_part_004.parquet
E10_7321064_초등학교,details/detail_part_004.parquet
E10_7321066_초등학교,details/detail_part_004.parquet
E10_7321067_초등학교,details/detail_part_004.parquet
E10_7321068_초등학교,details/detail_part_004.parquet
E10_7321069_중학교,details/detail_part_004.parquet
E10_7321070_중학교,details/detail_part_004.parquet
E10_7321071_중학교,details/detail_part_004.parquet
E10_7321072_중학교,details/detail_part_004.parquet
E10_7321073_중학교,details/detail_part_004.parquet
E10_7321074_중학교,details/detail_part_004.parquet
E10_7321075_중학교,details/detail_part_004.parquet
E10_7321076_중학교,details/detail_part_004.parquet
E10_7321077_중학교,details/detail_part_004.parquet
E10_7321078_중학교,details/detail_part_004.parquet
E10_7321079_중학교,details/detail_part_004.parquet
E10_7321080_중학교,details/detail_part_004.parquet
E10_7321081_중학교,details/detail_part_004.parquet
E10_7321082_중학교,details/detail_part_004.parquet
E10_7321083_중학교,details/detail_part_004.parquet
E10_7321084_중학교,details/detail_part_004.parquet
E10_7321085_중학교,details/detail_part_004.parquet
E10_7321086_중학교,details/detail_part_004.parquet
E10_7321087_중학교,details/detail_part_004.parquet
E10_7321088_중학교,details/detail_part_004.parquet
E10_7321089_중학교,details/detail_part_004.parquet
E10_7321090_중학교,details/detail_part_004.parquet
E10_7321091_중학교,details/detail_part_004.parquet
E10_7321092_중학교,details/detail_part_004.parquet
E10_7321094_중학교,details/detail_part_004.parquet
E10_7321095_중학교,details/detail_part_004.parquet
E10_7321097_중학교,details/detail_part_004.parquet
E10_7321196_초등학교,details/detail_part_004.parquet
E10_7321214_초등학교,details/detail_part_004.parquet
E10_7321221_초등학교,details/detail_part_004.parquet
E10_7321223_중학교,details/detail_part_004.parquet
E10_7321228_초등학교,details/detail_part_004.parquet
E10_7321230_중학교,details/detail_part_004.parquet
E10_7321233_중학교,details/detail_part_004.parquet
E10_7321235_중학교,details/detail_part_004.parquet
E10_7331011_초등학교,details/detail_part_004.parquet
E10_7331012_초등학교,details/detail_part_004.parquet
E10_7331013_초등학교,details/detail_part_004.parquet
E10_7331014_초등학교,details/detail_part_004.parquet
E10_7331015_초등학교,details/detail_part_004.parquet
E10_7331016_초등학교,details/detail_part_004.parquet
E10_7331017_초등학교,details/detail_part_004.parquet
E10_7331018_초등학교,details/detail_part_004.parquet
E10_7331019_초등학교,details/detail_part_004.parquet
E10_7331020_초등학교,details/detail_part_004.parquet
E10_7331021_초등학교,details/detail_part_004.parquet
E10_7331022_초등학교,details/detail_part_004.parquet
E10_7331023_초등학교,details/detail_part_004.parquet
E10_7331024_초등학교,details/detail_part_004.parquet
E10_7331025_초등학교,details/detail_part_004.parquet
E10_7331026_초등학교,details/detail_part_004.parquet
E10_7331027_초등학교,details/detail_part_004.parquet
E10_7331028_초등학교,details/detail_part_004.parquet
E10_7331029_초등학교,details/detail_part_004.parquet
E10_7331030_초등학교,details/detail_part_004.parquet
E10_7331031_초등학교,details/detail_part_004.parquet
E10_7331032_초등학교,details/detail_part_004.parquet
E10_7331033_초등학교,details/detail_part_004.parquet
E10_7331034_초등학교,details/detail_part_004.parquet
E10_7331035_초등학교,details/detail_part_004.parquet
E10_7331036_초등학교,details/detail_part_004.parquet
E10_7331037_초등학교,details/detail_part_004.parquet
E10_7331038_초등학교,details/detail_part_004.parquet
E10_7331039_초등학교,details/detail_part_004.parquet
E10_7331040_초등학교,details/detail_part_004.parquet
E10_7331041_초등학교,details/detail_part_004.parquet
E10_7331042_초등학교,details/detail_part_004.parquet
E10_7331043_초등학교,details/detail_part_004.parquet
E10_7331044_초등학교,details/detail_part_004.parquet
E10_7331045_초등학교,details/detail_part_004.parquet
E10_7331046_초등학교,details/detail_part_004.parquet
E10_7331047_초등학교,details/detail_part_004.parquet
E10_7331048_초등학교,details/detail_part_004.parquet
E10_7331049_초등학교,details/detail_part_004.parquet
E10_7331050_초등학교,details/detail_part_004.parquet
E10_7331051_초등학교,details/detail_part_004.parquet
E10_7331052_초등학교,details/detail_part_004.parquet
E10_7331053_중학교,details/detail_part_004.parquet
E10_7331054_중학교,details/detail_part_004.parquet
E10_7331055_중학교,details/detail_part_004.parquet
E10_7331056_중학교,details/detail_part_004.parquet
E10_7331057_중학교,details/detail_part_004.parquet
E10_7331058_중학교,details/detail_part_004.parquet
E10_7331060_중학교,details/detail_part_004.parquet
E10_7331061_중학교,details/detail_part_004.parquet
E10_7331062_중학교,details/detail_part_004.parquet
E10_7331063_중학교,details/detail_part_004.parquet
E10_7331064_중학교,details/detail_part_004.parquet
E10_7331065_중학교,details/detail_part_004.parquet
E10_7331066_중학교,details/detail_part_004.parquet
E10_7331067_중학교,details/detail_part_004.parquet
E10_7331068_중학교,details/detail_part_004.parquet
E10_7331069_중학교,details/detail_part_004.parquet
E10_7331070_중학교,details/detail_part_004.parquet
E10_7331071_중학교,details/detail_part_004.parquet
E10_7331072_중학교,details/detail_part_004.parquet
E10_7331073_중학교,details/detail_part_004.parquet
E10_7331185_초등학교,details/detail_part_004.parquet
E10_7331186_초등학교,details/detail_part_004.parquet
E10_7331188_초등학교,details/detail_part_004.parquet
E10_7331189_초등학교,details/detail_part_004.parquet
E10_7331190_초등학교,details/detail_part_004.parquet
E10_7331191_초등학교,details/detail_part_004.parquet
E10_7331192_초등학교,details/detail_part_004.parquet
E10_7331193_초등학교,details/detail_part_004.parquet
E10_7331194_초등학교,details/detail_part_004.parquet
E10_7331195_초등학교,details/detail_part_004.parquet
E10_7331196_초등학교,details/detail_part_004.parquet
E10_7331197_초등학교,details/detail_part_004.parquet
E10_7331198_초등학교,details/detail_part_004.parquet
E10_7331199_초등학교,details/detail_part_004.parquet
E10_7331200_초등학교,details/detail_part_004.parquet
E10_7331201_초등학교,details/detail_part_004.parquet
E10_7331202_초등학교,details/detail_part_004.parquet
E10_7331203_초등학교,details/detail_part_004.parquet
E10_7331204_초등학교,details/detail_part_004.parquet
E10_7331205_초등학교,details/detail_part_004.parquet
E10_7331206_초등학교,details/detail_part_004.parquet
E10_7331207_초등학교,details/detail_part_004.parquet
E10_7331208_초등학교,details/detail_part_004.parquet
E10_7331209_초등학교,details/detail_part_004.parquet
E10_7331210_초등학교,details/detail_part_004.parquet
E10_7331211_중학교,details/detail_part_004.parquet
E10_7331212_중학교,details/detail_part_004.parquet
E10_7331213_중학교,details/detail_part_004.parquet
E10_7331214_중학교,details/detail_part_004.parquet
E10_7331215_중학교,details/detail_part_004.parquet
E10_7331216_중학교,details/detail_part_004.parquet
E10_7331217_중학교,details/detail_part_004.parquet
E10_7331218_중학교,details/detail_part_004.parquet
E10_7331219_중학교,details/detail_part_004.parquet
E10_7331220_중학교,details/detail_part_004.parquet
E10_7331221_중학교,details/detail_part_004.parquet
E10_7331222_중학교,details/detail_part_004.parquet
E10_7331223_중학교,details/detail_part_004.parquet
E10_7331224_중학교,details/detail_part_004.parquet
E10_7331225_중학교,details/detail_part_004.parquet
E10_7331246_중학교,details/detail_part_004.parquet
E10_7331247_초등학교,details/detail_part_004.parquet
E10_7341012_초등학교,details/detail_part_004.parquet
E10_7341013_초등학교,details/detail_part_004.parquet
E10_7341014_초등학교,details/detail_part_004.parquet
E10_7341015_초등학교,details/detail_part_004.parquet
E10_7341016_초등학교,details/detail_part_004.parquet
E10_7341017_초등학교,details/detail_part_004.parquet
E10_7341018_초등학교,details/detail_part_004.parquet
E10_7341019_초등학교,details/detail_part_004.parquet
E10_7341020_초등학교,details/detail_part_004.parquet
E10_7341021_초등학교,details/detail_part_004.parquet
E10_7341022_초등학교,details/detail_part_004.parquet
E10_7341023_초등학교,details/detail_part_004.parquet
E10_7341024_초등학교,details/detail_part_004.parquet
E10_7341025_초등학교,details/detail_part_004.parquet
E10_7341026_초등학교,details/detail_part_004.parquet
E10_7341027_초등학교,details/detail_part_004.parquet
E10_7341028_초등학교,details/detail_part_004.parquet
E10_7341029_초등학교,details/detail_part_004.parquet
E10_7341030_초등학교,details/detail_part_004.parquet
E10_7341031_초등학교,details/detail_part_004.parquet
E10_7341032_초등학교,details/detail_part_004.parquet
E10_7341033_초등학교,details/detail_part_004.parquet
E10_7341034_초등학교,details/detail_part_004.parquet
E10_7341035_초등학교,details/detail_part_004.parquet
E10_7341036_초등학교,details/detail_part_004.parquet
E10_7341037_초등학교,details/detail_part_004.parquet
E10_7341038_초등학교,details/detail_part_004.parquet
E10_7341039_초등학교,details/detail_part_004.parquet
E10_7341040_초등학교,details/detail_part_004.parquet
E10_7341041_초등학교,details/detail_part_004.parquet
E10_7341042_초등학교,details/detail_part_004.parquet
E10_7341043_초등학교,details/detail_part_004.parquet
E10_7341044_초등학교,details/detail_part_004.parquet
E10_7341045_초등학교,details/detail_part_004.parquet
E10_7341046_초등학교,details/detail_part_004.parquet
E10_7341047_초등학교,details/detail_part_004.parquet
E10_7341048_초등학교,details/detail_part_004.parquet
E10_7341049_초등학교,details/detail_part_004.parquet
E10_7341050_초등학교,details/detail_part_004.parquet
E10_7341051_초등학교,details/detail_part_004.parquet
E10_7341052_초등학교,details/detail_part_004.parquet
E10_7341053_초등학교,details/detail_part_004.parquet
E10_7341054_초등학교,details/detail_part_004.parquet
E10_7341055_초등학교,details/detail_part_004.parquet
E10_7341056_초등학교,details/detail_part_004.parquet
E10_7341057_초등학교,details/detail_part_004.parquet
E10_7341058_초등학교,details/detail_part_004.parquet
E10_7341059_초등학교,details/detail_part_004.parquet
E10_7341060_초등학교,details/detail_part_004.parquet
E10_7341061_초등학교,details/detail_part_004.parquet
E10_7341062_초등학교,details/detail_part_004.parquet
E10_7341063_초등학교,details/detail_part_004.parquet
E10_7341064_초등학교,details/detail_part_004.parquet
E10_7341065_초등학교,details/detail_part_004.parquet
E10_7341066_중학교,details/detail_part_004.parquet
E10_7341067_중학교,details/detail_part_004.parquet
E10_7341068_중학교,details/detail_part_004.parquet
E10_7341069_중학교,details/detail_part_004.parquet
E10_7341070_중학교,details/detail_part_004.parquet
E10_7341071_중학교,details/detail_part_004.parquet
E10_7341072_중학교,details/detail_part_004.parquet
E10_7341073_중학교,details/detail_part_004.parquet
E10_7341074_중학교,details/detail_part_004.parquet
E10_7341075_중학교,details/detail_part_004.parquet
E10_7341076_중학교,details/detail_part_004.parquet
E10_7341077_중학교,details/detail_part_004.parquet
E10_7341078_중학교,details/detail_part_004.parquet
E10_7341079_중학교,details/detail_part_004.parquet
E10_7341080_중학교,details/detail_part_004.parquet
E10_7341081_중학교,details/detail_part_004.parquet
E10_7341082_중학교,details/detail_part_004.parquet
E10_7341083_중학교,details/detail_part_004.parquet
E10_7341084_중학교,details/detail_part_004.parquet
E10_7341085_중학교,details/detail_part_004.parquet
E10_7341086_중학교,details/detail_part_004.parquet
E10_7341087_중학교,details/detail_part_004.parquet
E10_7341088_중학교,details/detail_part_004.parquet
E10_7341089_중학교,details/detail_part_004.parquet
E10_7341090_중학교,details/detail_part_004.parquet
E10_7341091_중학교,details/detail_part_004.parquet
E10_7341092_중학교,details/detail_part_004.parquet
E10_7341093_중학교,details/detail_part_004.parquet
E10_7341094_중학교,details/detail_part_004.parquet
E10_7341095_중학교,details/detail_part_004.parquet
E10_7341096_중학교,details/detail_part_004.parquet
E10_7341097_중학교,details/detail_part_004.parquet
E10_7341098_중학교,details/detail_part_004.parquet
E10_7341099_중학교,details/detail_part_004.parquet
E10_7341100_중학교,details/detail_part_004.parquet
E10_7341219_초등학교,details/detail_part_004.parquet
E10_7341220_초등학교,details/detail_part_004.parquet
E10_7341221_초등학교,details/detail_part_004.parquet
E10_7341223_중학교,details/detail_part_004.parquet
E10_7341224_중학교,details/detail_part_004.parquet
E10_7341234_초등학교,details/detail_part_004.parquet
E10_7341236_초등학교,details/detail_part_004.parquet
E10_7341243_초등학교,details/detail_part_004.parquet
E10_7341253_초등학교,details/detail_part_004.parquet
E10_7341256_중학교,details/detail_part_004.parquet
E10_7341270_초등학교,details/detail_part_004.parquet
E10_7341271_초등학교,details/detail_part_004.parquet
E10_7341277_초등학교,details/detail_part_004.parquet
E10_7341279_중학교,details/detail_part_004.parquet
E10_7341283_초등학교,details/detail_part_004.parquet
E10_7341285_중학교,details/detail_part_004.parquet
E10_7341288_초등학교,details/detail_part_004.parquet
E10_7341291_초등학교,details/detail_part_004.parquet
E10_7341293_초등학교,details/detail_part_004.parquet
E10_7341301_초등학교,details/detail_part_004.parquet
E10_7341304_초등학교,details/detail_part_004.parquet
E10_7341306_초등학교,details/detail_part_004.parquet
E10_7341308_초등학교,details/detail_part_004.parquet
E10_7341310_중학교,details/detail_part_004.parquet
E10_7341312_중학교,details/detail_part_004.parquet
E10_7341313_초등학교,details/detail_part_004.parquet
E10_7341315_중학교,details/detail_part_004.parquet
E10_7351006_초등학교,details/detail_part_004.parquet
E10_7351007_초등학교,details/detail_part_004.parquet
E10_7351008_초등학교,details/detail_part_004.parquet
E10_7351009_초등학교,details/detail_part_004.parquet
E10_7351011_초등학교,details/detail_part_004.parquet
E10_7351012_초등학교,details/detail_part_004.parquet
E10_7351013_초등학교,details/detail_part_004.parquet
E10_7351014_초등학교,details/detail_part_004.parquet
E10_7351015_초등학교,details/detail_part_004.parquet
E10_7351016_초등학교,details/detail_part_004.parquet
E10_7351017_초등학교,details/detail_part_004.parquet
E10_7351019_초등학교,details/detail_part_004.parquet
E10_7351020_초등학교,details/detail_part_004.parquet
E10_7351021_초등학교,details/detail_part_004.parquet
E10_7351022_초등학교,details/detail_part_004.parquet
E10_7351023_초등학교,details/detail_part_004.parquet
E10_7351025_초등학교,details/detail_part_004.parquet
E10_7351026_초등학교,details/detail_part_004.parquet
E10_7351027_초등학교,details/detail_part_004.parquet
E10_7351028_초등학교,details/detail_part_004.parquet
E10_7351029_중학교,details/detail_part_004.parquet
E10_7351030_중학교,details/detail_part_004.parquet
E10_7351031_중학교,details/detail_part_004.parquet
E10_7351032_중학교,details/detail_part_004.parquet
E10_7351033_중학교,details/detail_part_004.parquet
E10_7351034_중학교,details/detail_part_004.parquet
E10_7351036_중학교,details/detail_part_004.parquet
E10_7351037_중학교,details/detail_part_004.parquet
E10_7351069_중학교,details/detail_part_004.parquet
E10_7361012_초등학교,details/detail_part_004.parquet
E10_7361013_초등학교,details/detail_part_004.parquet
E10_7361014_초등학교,details/detail_part_004.parquet
E10_7361016_초등학교,details/detail_part_004.parquet
E10_7361018_초등학교,details/detail_part_004.parquet
E10_7361019_초등학교,details/detail_part_004.parquet
E10_7361020_초등학교,details/detail_part_004.parquet
E10_7361021_초등학교,details/detail_part_004.parquet
E10_7361022_초등학교,details/detail_part_004.parquet
E10_7361023_초등학교,details/detail_part_004.parquet
E10_7361024_초등학교,details/detail_part_004.parquet
E10_7361025_초등학교,details/detail_part_004.parquet
E10_7361026_초등학교,details/detail_part_004.parquet
E10_7361029_초등학교,details/detail_part_004.parquet
E10_7361031_초등학교,details/detail_part_004.parquet
E10_7361032_초등학교,details/detail_part_004.parquet
E10_7361033_초등학교,details/detail_part_004.parquet
E10_7361034_초등학교,details/detail_part_004.parquet
E10_7361036_초등학교,details/detail_part_004.parquet
E10_7361040_초등학교,details/detail_part_004.parquet
E10_7361041_초등학교,details/detail_part_004.parquet
E10_7361043_초등학교,details/detail_part_004.parquet
E10_7361044_초등학교,details/detail_part_004.parquet
E10_7361047_초등학교,details/detail_part_004.parquet
E10_7361048_초등학교,details/detail_part_004.parquet
E10_7361049_초등학교,details/detail_part_004.parquet
E10_7361050_초등학교,details/detail_part_004.parquet
E10_7361055_초등학교,details/detail_part_004.parquet
E10_7361056_초등학교,details/detail_part_004.parquet
E10_7361062_초등학교,details/detail_part_004.parquet
E10_7361063_초등학교,details/detail_part_004.parquet
E10_7361064_초등학교,details/detail_part_004.parquet
E10_7361065_초등학교,details/detail_part_004.parquet
E10_7361070_초등학교,details/detail_part_004.parquet
E10_7361072_초등학교,details/detail_part_004.parquet
E10_7361073_초등학교,details/detail_part_004.parquet
E10_7361074_중학교,details/detail_part_004.parquet
E10_7361075_중학교,details/detail_part_004.parquet
E10_7361076_중학교,details/detail_part_004.parquet
E10_7361077_중학교,details/detail_part_004.parquet
E10_7361078_중학교,details/detail_part_004.parquet
E10_7361079_중학교,details/detail_part_004.parquet
E10_7361080_중학교,details/detail_part_004.parquet
E10_7361084_중학교,details/detail_part_004.parquet
E10_7361087_중학교,details/detail_part_004.parquet
E10_7361090_중학교,details/detail_part_004.parquet
E10_7361091_중학교,details/detail_part_004.parquet
E10_7361093_중학교,details/detail_part_004.parquet
E10_7361094_중학교,details/detail_part_004.parquet
E10_7361095_중학교,details/detail_part_004.parquet
E10_7361098_중학교,details/detail_part_004.parquet
E10_7361101_중학교,details/detail_part_004.parquet
E10_7361103_중학교,details/detail_part_004.parquet
E10_7361105_중학교,details/detail_part_004.parquet
E10_7361246_초등학교,details/detail_part_004.parquet
E10_7361247_중학교,details/detail_part_004.parquet
E10_7361249_초등학교,details/detail_part_004.parquet
E10_7361252_초등학교,details/detail_part_004.parquet
E10_7361253_초등학교,details/detail_part_004.parquet
E10_7361254_초등학교,details/detail_part_004.parquet
E10_7361255_중학교,details/detail_part_004.parquet
E10_7361256_중학교,details/detail_part_004.parquet
E10_7361267_초등학교,details/detail_part_004.parquet
E10_7361291_초등학교,details/detail_part_004.parquet
E10_7361292_중학교,details/detail_part_004.parquet
E10_7361296_초등학교,details/detail_part_004.parquet
E10_7361309_초등학교,details/detail_part_004.parquet
E10_7361310_중학교,details/detail_part_004.parquet
E10_7361313_초등학교,details/detail_part_004.parquet
E10_7361314_중학교,details/detail_part_004.parquet
E10_7361315_초등학교,details/detail_part_004.parquet
E10_7361317_초등학교,details/detail_part_004.parquet
E10_7361321_중학교,details/detail_part_004.parquet
E10_7361322_중학교,details/detail_part_004.parquet
E10_7361324_초등학교,details/detail_part_004.parquet
E10_7361327_초등학교,details/detail_part_004.parquet
E10_7361329_중학교,details/detail_part_004.parquet
E10_7361330_초등학교,details/detail_part_004.parquet
E10_7361332_초등학교,details/detail_part_004.parquet
E10_7361336_초등학교,details/detail_part_004.parquet
E10__중학교,details/detail_part_004.parquet
F10_7006149_초등학교,details/detail_part_004.parquet
F10_7380029_고등학교,details/detail_part_004.parquet
F10_7380030_고등학교,details/detail_part_004.parquet
F10_7380031_고등학교,details/detail_part_004.parquet
F10_7380032_고등학교,details/detail_part_004.parquet
F10_7380033_고등학교,details/detail_part_004.parquet
F10_7380034_고등학교,details/detail_part_004.parquet
F10_7380035_고등학교,details/detail_part_004.parquet
F10_7380037_고등학교,details/detail_part_004.parquet
F10_7380039_고등학교,details/detail_part_004.parquet
F10_7380041_고등학교,details/detail_part_004.parquet
F10_7380042_고등학교,details/detail_part_004.parquet
F10_7380047_고등학교,details/detail_part_004.parquet
F10_7380048_고등학교,details/detail_part_004.parquet
F10_7380049_고등학교,details/detail_part_004.parquet
F10_7380050_고등학교,details/detail_part_004.parquet
F10_7380051_고등학교,details/detail_part_004.parquet
F10_7380053_고등학교,details/detail_part_004.parquet
F10_7380054_고등학교,details/detail_part_004.parquet
F10_7380055_고등학교,details/detail_part_004.parquet
F10_7380056_고등학교,details/detail_part_004.parquet
F10_7380057_고등학교,details/detail_part_004.parquet
F10_7380059_고등학교,details/detail_part_004.parquet
F10_7380060_고등학교,details/detail_part_004.parquet
F10_7380061_고등학교,details/detail_part_004.parquet
F10_7380062_고등학교,details/detail_part_004.parquet
F10_7380063_고등학교,details/detail_part_004.parquet
F10_7380064_고등학교,details/detail_part_004.parquet
F10_7380065_고등학교,details/detail_part_004.parquet
F10_7380067_고등학교,details/detail_part_004.parquet
F10_7380068_고등학교,details/detail_part_004.parquet
F10_7380069_고등학교,details/detail_part_004.parquet
F10_7380070_고등학교,details/detail_part_004.parquet
F10_7380071_고등학교,details/detail_part_004.parquet
F10_7380072_고등학교,details/detail_part_004.parquet
F10_7380073_고등학교,details/detail_part_004.parquet
F10_7380075_고등학교,details/detail_part_004.parquet
F10_7380076_고등학교,details/detail_part_004.parquet
F10_7380077_고등학교,details/detail_part_004.parquet
F10_7380078_고등학교,details/detail_part_004.parquet
F10_7380083_고등학교,details/detail_part_004.parquet
F10_7380086_고등학교,details/detail_part_004.parquet
F10_7380091_고등학교,details/detail_part_004.parquet
F10_7380094_고등학교,details/detail_part_004.parquet
F10_7380097_고등학교,details/detail_part_004.parquet
F10_7380098_고등학교,details/detail_part_004.parquet
F10_7380101_고등학교,details/detail_part_004.parquet
F10_7380107_고등학교,details/detail_part_004.parquet
F10_7380107_중학교,details/detail_part_004.parquet
F10_7380107_초등학교,details/detail_part_004.parquet
F10_7380108_고등학교,details/detail_part_004.parquet
F10_7380108_중학교,details/detail_part_004.parquet
F10_7380108_초등학교,details/detail_part_004.parquet
F10_7380110_고등학교,details/detail_part_004.parquet
F10_7380110_중학교,details/detail_part_004.parquet
F10_7380110_초등학교,details/detail_part_004.parquet
F10_7380112_고등학교,details/detail_part_004.parquet
F10_7380112_중학교,details/detail_part_004.parquet
F10_7380112_초등학교,details/detail_part_004.parquet
F10_7380127_고등학교,details/detail_part_004.parquet
F10_7380128_고등학교,details/detail_part_004.parquet
F10_7380131_고등학교,details/detail_part_004.parquet
F10_7380132_고등학교,details/detail_part_004.parquet
F10_7380145_고등학교,details/detail_part_004.parquet
F10_7380146_고등학교,details/detail_part_004.parquet
F10_7380147_고등학교,details/detail_part_004.parquet
F10_7380148_고등학교,details/detail_part_004.parquet
F10_7380149_고등학교,details/detail_part_004.parquet
F10_7380153_고등학교,details/detail_part_004.parquet
F10_7380158_고등학교,details/detail_part_004.parquet
F10_7380177_고등학교,details/detail_part_004.parquet
F10_7380180_고등학교,details/detail_part_004.parquet
F10_7380181_고등학교,details/detail_part_004.parquet
F10_7380182_고등학교,details/detail_part_004.parquet
F10_7380196_고등학교,details/detail_part_004.parquet
F10_7380260_고등학교,details/detail_part_004.parquet
F10_7380271_고등학교,details/detail_part_004.parquet
F10_7380271_중학교,details/detail_part_004.parquet
F10_7380271_초등학교,details/detail_part_004.parquet
F10_7380273_고등학교,details/detail_part_004.parquet
F10_7380278_고등학교,details/detail_part_004.parquet
F10_7380290_고등학교,details/detail_part_004.parquet
F10_7380292_고등학교,details/detail_part_004.parquet
F10_7380321_고등학교,details/detail_part_004.parquet
F10_7380326_고등학교,details/detail_part_004.parquet
F10_7380352_고등학교,details/detail_part_004.parquet
F10_7380353_고등학교,details/detail_part_004.parquet
F10_7380357_고등학교,details/detail_part_004.parquet
F10_7380357_중학교,details/detail_part_004.parquet
F10_7380357_초등학교,details/detail_part_004.parquet
F10_7380421_고등학교,details/detail_part_004.parquet
F10_7390098_초등학교,details/detail_part_004.parquet
F10_7391067_초등학교,details/detail_part_004.parquet
F10_7391068_초등학교,details/detail_part_004.parquet
F10_7391069_초등학교,details/detail_part_004.parquet
F10_7391070_초등학교,details/detail_part_004.parquet
F10_7391071_초등학교,details/detail_part_004.parquet
F10_7391072_초등학교,details/detail_part_004.parquet
F10_7391073_초등학교,details/detail_part_004.parquet
F10_7391074_초등학교,details/detail_part_004.parquet
F10_7391075_초등학교,details/detail_part_004.parquet
F10_7391076_초등학교,details/detail_part_004.parquet
F10_7391077_초등학교,details/detail_part_004.parquet
F10_7391078_초등학교,details/detail_part_004.parquet
F10_7391079_초등학교,details/detail_part_004.parquet
F10_7391080_초등학교,details/detail_part_004.parquet
F10_7391081_초등학교,details/detail_part_004.parquet
F10_7391082_초등학교,details/detail_part_004.parquet
F10_7391083_초등학교,details/detail_part_004.parquet
F10_7391084_초등학교,details/detail_part_004.parquet
F10_7391085_초등학교,details/detail_part_004.parquet
F10_7391086_초등학교,details/detail_part_004.parquet
F10_7391087_초등학교,details/detail_part_004.parquet
F10_7391088_초등학교,details/detail_part_004.parquet
F10_7391089_초등학교,details/detail_part_004.parquet
F10_7391090_초등학교,details/detail_part_004.parquet
F10_7391091_초등학교,details/detail_part_004.parquet
F10_7391092_초등학교,details/detail_part_004.parquet
F10_7391093_초등학교,details/detail_part_004.parquet
F10_7391094_초등학교,details/detail_part_004.parquet
F10_7391095_초등학교,details/detail_part_004.parquet
F10_7391096_초등학교,details/detail_part_004.parquet
F10_7391097_초등학교,details/detail_part_004.parquet
F10_7391098_초등학교,details/detail_part_004.parquet
F10_7391099_초등학교,details/detail_part_004.parquet
F10_7391100_초등학교,details/detail_part_004.parquet
F10_7391101_초등학교,details/detail_part_004.parquet
F10_7391102_초등학교,details/detail_part_004.parquet
F10_7391103_초등학교,details/detail_part_004.parquet
F10_7391104_초등학교,details/detail_part_004.parquet
F10_7391105_초등학교,details/detail_part_004.parquet
F10_7391106_초등학교,details/detail_part_004.parquet
F10_7391107_초등학교,details/detail_part_004.parquet
F10_7391108_초등학교,details/detail_part_004.parquet
F10_7391109_초등학교,details/detail_part_004.parquet
F10_7391110_초등학교,details/detail_part_004.parquet
F10_7391111_초등학교,details/detail_part_004.parquet
F10_7391112_초등학교,details/detail_part_004.parquet
F10_7391113_초등학교,details/detail_part_004.parquet
F10_7391114_초등학교,details/detail_part_004.parquet
F10_7391115_초등학교,details/detail_part_004.parquet
F10_7391116_초등학교,details/detail_part_004.parquet
F10_7391119_초등학교,details/detail_part_004.parquet
F10_7391120_초등학교,details/detail_part_004.parquet
F10_7391122_중학교,details/detail_part_004.parquet
F10_7391123_중학교,details/detail_part_004.parquet
F10_7391124_중학교,details/detail_part_004.parquet
F10_7391125_중학교,details/detail_part_004.parquet
F10_7391126_중학교,details/detail_part_004.parquet
F10_7391127_중학교,details/detail_part_004.parquet
F10_7391128_중학교,details/detail_part_004.parquet
F10_7391129_중학교,details/detail_part_004.parquet
F10_7391130_중학교,details/detail_part_004.parquet
F10_7391131_중학교,details/detail_part_004.parquet
F10_7391132_중학교,details/detail_part_004.parquet
F10_7391133_중학교,details/detail_part_004.parquet
F10_7391134_중학교,details/detail_part_004.parquet
F10_7391135_중학교,details/detail_part_004.parquet
F10_7391136_중학교,details/detail_part_004.parquet
F10_7391137_중학교,details/detail_part_004.parquet
F10_7391138_중학교,details/detail_part_004.parquet
F10_7391139_중학교,details/detail_part_004.parquet
F10_7391140_중학교,details/detail_part_004.parquet
F10_7391141_중학교,details/detail_part_004.parquet
F10_7391143_중학교,details/detail_part_004.parquet
F10_7391144_중학교,details/detail_part_004.parquet
F10_7391145_중학교,details/detail_part_004.parquet
F10_7391146_중학교,details/detail_part_004.parquet
F10_7391147_중학교,details/detail_part_004.parquet
F10_7391148_중학교,details/detail_part_004.parquet
F10_7391150_중학교,details/detail_part_004.parquet
F10_7391151_중학교,details/detail_part_004.parquet
F10_7391152_중학교,details/detail_part_004.parquet
F10_7391153_중학교,details/detail_part_004.parquet
F10_7391154_중학교,details/detail_part_004.parquet
F10_7391198_초등학교,details/detail_part_004.parquet
F10_7391237_중학교,details/detail_part_004.parquet
F10_7391240_초등학교,details/detail_part_004.parquet
F10_7391241_중학교,details/detail_part_004.parquet
F10_7391248_중학교,details/detail_part_004.parquet
F10_7391250_초등학교,details/detail_part_004.parquet
F10_7391264_초등학교,details/detail_part_004.parquet
F10_7391274_중학교,details/detail_part_004.parquet
F10_7401123_초등학교,details/detail_part_004.parquet
F10_7401124_초등학교,details/detail_part_004.parquet
F10_7401125_초등학교,details/detail_part_004.parquet
F10_7401126_초등학교,details/detail_part_004.parquet
F10_7401127_초등학교,details/detail_part_004.parquet
F10_7401128_초등학교,details/detail_part_004.parquet
F10_7401129_초등학교,details/detail_part_004.parquet
F10_7401130_초등학교,details/detail_part_004.parquet
F10_7401131_초등학교,details/detail_part_004.parquet
F10_7401132_초등학교,details/detail_part_004.parquet
F10_7401133_초등학교,details/detail_part_004.parquet
F10_7401134_초등학교,details/detail_part_004.parquet
F10_7401135_초등학교,details/detail_part_004.parquet
F10_7401136_초등학교,details/detail_part_004.parquet
F10_7401137_초등학교,details/detail_part_004.parquet
F10_7401138_초등학교,details/detail_part_004.parquet
F10_7401139_초등학교,details/detail_part_004.parquet
F10_7401140_초등학교,details/detail_part_004.parquet
F10_7401141_초등학교,details/detail_part_004.parquet
F10_7401142_초등학교,details/detail_part_004.parquet
F10_7401143_초등학교,details/detail_part_005.parquet
F10_7401144_초등학교,details/detail_part_005.parquet
F10_7401146_초등학교,details/detail_part_005.parquet
F10_7401147_초등학교,details/detail_part_005.parquet
F10_7401148_초등학교,details/detail_part_005.parquet
F10_7401149_초등학교,details/detail_part_005.parquet
F10_7401150_초등학교,details/detail_part_005.parquet
F10_7401151_초등학교,details/detail_part_005.parquet
F10_7401152_초등학교,details/detail_part_005.parquet
F10_7401153_초등학교,details/detail_part_005.parquet
F10_7401154_초등학교,details/detail_part_005.parquet
F10_7401155_초등학교,details/detail_part_005.parquet
F10_7401156_초등학교,details/detail_part_005.parquet
F10_7401157_초등학교,details/detail_part_005.parquet
F10_7401158_초등학교,details/detail_part_005.parquet
F10_7401159_초등학교,details/detail_part_005.parquet
F10_7401160_초등학교,details/detail_part_005.parquet
F10_7401161_초등학교,details/detail_part_005.parquet
F10_7401162_초등학교,details/detail_part_005.parquet
F10_7401163_초등학교,details/detail_part_005.parquet
F10_7401164_초등학교,details/detail_part_005.parquet
F10_7401165_초등학교,details/detail_part_005.parquet
F10_7401166_초등학교,details/detail_part_005.parquet
F10_7401167_초등학교,details/detail_part_005.parquet
F10_7401168_초등학교,details/detail_part_005.parquet
F10_7401169_초등학교,details/detail_part_005.parquet
F10_7401170_초등학교,details/detail_part_005.parquet
F10_7401171_초등학교,details/detail_part_005.parquet
F10_7401172_초등학교,details/detail_part_005.parquet
F10_7401173_초등학교,details/detail_part_005.parquet
F10_7401174_초등학교,details/detail_part_005.parquet
F10_7401175_초등학교,details/detail_part_005.parquet
F10_7401177_초등학교,details/detail_part_005.parquet
F10_7401178_초등학교,details/detail_part_005.parquet
F10_7401179_초등학교,details/detail_part_005.parquet
F10_7401180_초등학교,details/detail_part_005.parquet
F10_7401181_초등학교,details/detail_part_005.parquet
F10_7401182_초등학교,details/detail_part_005.parquet
F10_7401183_초등학교,details/detail_part_005.parquet
F10_7401184_초등학교,details/detail_part_005.parquet
F10_7401185_초등학교,details/detail_part_005.parquet
F10_7401186_초등학교,details/detail_part_005.parquet
F10_7401187_초등학교,details/detail_part_005.parquet
F10_7401188_초등학교,details/detail_part_005.parquet
F10_7401189_초등학교,details/detail_part_005.parquet
F10_7401190_초등학교,details/detail_part_005.parquet
F10_7401191_초등학교,details/detail_part_005.parquet
F10_7401192_초등학교,details/detail_part_005.parquet
F10_7401193_초등학교,details/detail_part_005.parquet
F10_7401194_초등학교,details/detail_part_005.parquet
F10_7401195_초등학교,details/detail_part_005.parquet
F10_7401196_초등학교,details/detail_part_005.parquet
F10_7401197_초등학교,details/detail_part_005.parquet
F10_7401198_초등학교,details/detail_part_005.parquet
F10_7401199_초등학교,details/detail_part_005.parquet
F10_7401200_초등학교,details/detail_part_005.parquet
F10_7401201_초등학교,details/detail_part_005.parquet
F10_7401202_초등학교,details/detail_part_005.parquet
F10_7401203_초등학교,details/detail_part_005.parquet
F10_7401204_초등학교,details/detail_part_005.parquet
F10_7401205_초등학교,details/detail_part_005.parquet
F10_7401206_초등학교,details/detail_part_005.parquet
F10_7401207_초등학교,details/detail_part_005.parquet
F10_7401208_초등학교,details/detail_part_005.parquet
F10_7401209_초등학교,details/detail_part_005.parquet
F10_7401210_초등학교,details/detail_part_005.parquet
F10_7401211_초등학교,details/detail_part_005.parquet
F10_7401212_중학교,details/detail_part_005.parquet
F10_7401213_중학교,details/detail_part_005.parquet
F10_7401214_중학교,details/detail_part_005.parquet
F10_7401215_중학교,details/detail_part_005.parquet
F10_7401216_중학교,details/detail_part_005.parquet
F10_7401217_중학교,details/detail_part_005.parquet
F10_7401218_중학교,details/detail_part_005.parquet
F10_7401219_중학교,details/detail_part_005.parquet
F10_7401220_중학교,details/detail_part_005.parquet
F10_7401221_중학교,details/detail_part_005.parquet
F10_7401222_중학교,details/detail_part_005.parquet
F10_7401223_중학교,details/detail_part_005.parquet
F10_7401224_중학교,details/detail_part_005.parquet
F10_7401225_중학교,details/detail_part_005.parquet
F10_7401226_중학교,details/detail_part_005.parquet
F10_7401227_중학교,details/detail_part_005.parquet
F10_7401228_중학교,details/detail_part_005.parquet
F10_7401229_중학교,details/detail_part_005.parquet
F10_7401230_중학교,details/detail_part_005.parquet
F10_7401231_중학교,details/detail_part_005.parquet
F10_7401232_중학교,details/detail_part_005.parquet
F10_7401233_중학교,details/detail_part_005.parquet
F10_7401234_중학교,details/detail_part_005.parquet
F10_7401235_중학교,details/detail_part_005.parquet
F10_7401236_중학교,details/detail_part_005.parquet
F10_7401237_중학교,details/detail_part_005.parquet
F10_7401238_중학교,details/detail_part_005.parquet
F10_7401239_중학교,details/detail_part_005.parquet
F10_7401240_중학교,details/detail_part_005.parquet
F10_7401241_중학교,details/detail_part_005.parquet
F10_7401242_중학교,details/detail_part_005.parquet
F10_7401243_중학교,details/detail_part_005.parquet
F10_7401244_중학교,details/detail_part_005.parquet
F10_7401245_중학교,details/detail_part_005.parquet
F10_7401246_중학교,details/detail_part_005.parquet
F10_7401247_중학교,details/detail_part_005.parquet
F10_7401248_중학교,details/detail_part_005.parquet
F10_7401249_중학교,details/detail_part_005.parquet
F10_7401250_중학교,details/detail_part_005.parquet
F10_7401251_중학교,details/detail_part_005.parquet
F10_7401252_중학교,details/detail_part_005.parquet
F10_7401253_중학교,details/detail_part_005.parquet
F10_7401254_중학교,details/detail_part_005.parquet
F10_7401257_중학교,details/detail_part_005.parquet
F10_7401258_중학교,details/detail_part_005.parquet
F10_7401260_중학교,details/detail_part_005.parquet
F10_7401261_중학교,details/detail_part_005.parquet
F10_7401342_중학교,details/detail_part_005.parquet
F10_7401344_초등학교,details/detail_part_005.parquet
F10_7401361_초등학교,details/detail_part_005.parquet
F10_7401362_초등학교,details/detail_part_005.parquet
F10_7401363_중학교,details/detail_part_005.parquet
F10_7401366_초등학교,details/detail_part_005.parquet
F10_7401387_초등학교,details/detail_part_005.parquet
F10_7401388_중학교,details/detail_part_005.parquet
F10_7401398_초등학교,details/detail_part_005.parquet
F10_7401399_초등학교,details/detail_part_005.parquet
F10_7401402_초등학교,details/detail_part_005.parquet
F10_7401416_초등학교,details/detail_part_005.parquet
F10_7401426_중학교,details/detail_part_005.parquet
F10_7401435_중학교,details/detail_part_005.parquet
F10_7401444_중학교,details/detail_part_005.parquet
F10_7401445_중학교,details/detail_part_005.parquet
F10_7401446_중학교,details/detail_part_005.parquet
F10_7401447_초등학교,details/detail_part_005.parquet
F10_7401453_초등학교,details/detail_part_005.parquet
F10_7401459_중학교,details/detail_part_005.parquet
F10_7401463_중학교,details/detail_part_005.parquet
F10_7401464_중학교,details/detail_part_005.parquet
G10_7430030_고등학교,details/detail_part_005.parquet
G10_7430031_고등학교,details/detail_part_005.parquet
G10_7430032_고등학교,details/detail_part_005.parquet
G10_7430033_고등학교,details/detail_part_005.parquet
G10_7430034_고등학교,details/detail_part_005.parquet
G10_7430035_고등학교,details/detail_part_005.parquet
G10_7430036_고등학교,details/detail_part_005.parquet
G10_7430037_고등학교,details/detail_part_005.parquet
G10_7430038_고등학교,details/detail_part_005.parquet
G10_7430039_고등학교,details/detail_part_005.parquet
G10_7430041_고등학교,details/detail_part_005.parquet
G10_7430042_고등학교,details/detail_part_005.parquet
G10_7430043_고등학교,details/detail_part_005.parquet
G10_7430044_고등학교,details/detail_part_005.parquet
G10_7430045_고등학교,details/detail_part_005.parquet
G10_7430046_고등학교,details/detail_part_005.parquet
G10_7430048_고등학교,details/detail_part_005.parquet
G10_7430049_고등학교,details/detail_part_005.parquet
G10_7430051_고등학교,details/detail_part_005.parquet
G10_7430052_고등학교,details/detail_part_005.parquet
G10_7430053_고등학교,details/detail_part_005.parquet
G10_7430056_고등학교,details/detail_part_005.parquet
G10_7430057_고등학교,details/detail_part_005.parquet
G10_7430059_고등학교,details/detail_part_005.parquet
G10_7430060_고등학교,details/detail_part_005.parquet
G10_7430061_고등학교,details/detail_part_005.parquet
G10_7430062_고등학교,details/detail_part_005.parquet
G10_7430064_고등학교,details/detail_part_005.parquet
G10_7430065_고등학교,details/detail_part_005.parquet
G10_7430066_고등학교,details/detail_part_005.parquet
G10_7430067_고등학교,details/detail_part_005.parquet
G10_7430073_고등학교,details/detail_part_005.parquet
G10_7430083_고등학교,details/detail_part_005.parquet
G10_7430089_고등학교,details/detail_part_005.parquet
G10_7430090_고등학교,details/detail_part_005.parquet
G10_7430110_고등학교,details/detail_part_005.parquet
G10_7430110_중학교,details/detail_part_005.parquet
G10_7430110_초등학교,details/detail_part_005.parquet
G10_7430111_고등학교,details/detail_part_005.parquet
G10_7430111_중학교,details/detail_part_005.parquet
G10_7430111_초등학교,details/detail_part_005.parquet
G10_7430112_고등학교,details/detail_part_005.parquet
G10_7430112_중학교,details/detail_part_005.parquet
G10_7430112_초등학교,details/detail_part_005.parquet
G10_7430113_고등학교,details/detail_part_005.parquet
G10_7430113_중학교,details/detail_part_005.parquet
G10_7430113_초등학교,details/detail_part_005.parquet
G10_7430132_고등학교,details/detail_part_005.parquet
G10_7430133_고등학교,details/detail_part_005.parquet
G10_7430135_고등학교,details/detail_part_005.parquet
G10_7430138_고등학교,details/detail_part_005.parquet
G10_7430140_고등학교,details/detail_part_005.parquet
G10_7430142_고등학교,details/detail_part_005.parquet
G10_7430143_고등학교,details/detail_part_005.parquet
G10_7430148_고등학교,details/detail_part_005.parquet
G10_7430149_고등학교,details/detail_part_005.parquet
G10_7430150_고등학교,details/detail_part_005.parquet
G10_7430237_고등학교,details/detail_part_005.parquet
G10_7430238_고등학교,details/detail_part_005.parquet
G10_7430239_고등학교,details/detail_part_005.parquet
G10_7430240_고등학교,details/detail_part_005.parquet
G10_7430241_고등학교,details/detail_part_005.parquet
G10_7430242_고등학교,details/detail_part_005.parquet
G10_7430244_고등학교,details/detail_part_005.parquet
G10_7430252_고등학교,details/detail_part_005.parquet
G10_7430253_고등학교,details/detail_part_005.parquet
G10_7430256_고등학교,details/detail_part_005.parquet
G10_7430280_고등학교,details/detail_part_005.parquet
G10_7430281_고등학교,details/detail_part_005.parquet
G10_7430281_중학교,details/detail_part_005.parquet
G10_7430281_초등학교,details/detail_part_005.parquet
G10_7430290_고등학교,details/detail_part_005.parquet
G10_7430295_고등학교,details/detail_part_005.parquet
G10_7430310_고등학교,details/detail_part_005.parquet
G10_7430311_고등학교,details/detail_part_005.parquet
G10_7430322_고등학교,details/detail_part_005.parquet
G10_7430324_고등학교,details/detail_part_005.parquet
G10_7430325_고등학교,details/detail_part_005.parquet
G10_7430326_고등학교,details/detail_part_005.parquet
G10_7430329_고등학교,details/detail_part_005.parquet
G10_7430330_고등학교,details/detail_part_005.parquet
G10_7430331_중학교,details/detail_part_005.parquet
G10_7430341_고등학교,details/detail_part_005.parquet
G10_7430342_중학교,details/detail_part_005.parquet
G10_7430349_고등학교,details/detail_part_005.parquet
G10_7430349_중학교,details/detail_part_005.parquet
G10_7430349_초등학교,details/detail_part_005.parquet
G10_7430351_고등학교,details/detail_part_005.parquet
G10_7430357_고등학교,details/detail_part_005.parquet
G10_7441012_중학교,details/detail_part_005.parquet
G10_7441013_중학교,details/detail_part_005.parquet
G10_7441014_중학교,details/detail_part_005.parquet
G10_7441015_중학교,details/detail_part_005.parquet
G10_7441016_중학교,details/detail_part_005.parquet
G10_7441017_중학교,details/detail_part_005.parquet
G10_7441018_중학교,details/detail_part_005.parquet
G10_7441019_중학교,details/detail_part_005.parquet
G10_7441020_중학교,details/detail_part_005.parquet
G10_7441021_중학교,details/detail_part_005.parquet
G10_7441022_중학교,details/detail_part_005.parquet
G10_7441023_중학교,details/detail_part_005.parquet
G10_7441024_중학교,details/detail_part_005.parquet
G10_7441025_중학교,details/detail_part_005.parquet
G10_7441026_중학교,details/detail_part_005.parquet
G10_7441028_중학교,details/detail_part_005.parquet
G10_7441029_중학교,details/detail_part_005.parquet
G10_7441030_중학교,details/detail_part_005.parquet
G10_7441031_중학교,details/detail_part_005.parquet
G10_7441032_중학교,details/detail_part_005.parquet
G10_7441033_중학교,details/detail_part_005.parquet
G10_7441034_중학교,details/detail_part_005.parquet
G10_7441036_중학교,details/detail_part_005.parquet
G10_7441037_중학교,details/detail_part_005.parquet
G10_7441038_중학교,details/detail_part_005.parquet
G10_7441039_중학교,details/detail_part_005.parquet
G10_7441040_중학교,details/detail_part_005.parquet
G10_7441041_중학교,details/detail_part_005.parquet
G10_7441042_중학교,details/detail_part_005.parquet
G10_7441043_중학교,details/detail_part_005.parquet
G10_7441044_중학교,details/detail_part_005.parquet
G10_7441045_중학교,details/detail_part_005.parquet
G10_7441046_중학교,details/detail_part_005.parquet
G10_7441047_중학교,details/detail_part_005.parquet
G10_7441048_초등학교,details/detail_part_005.parquet
G10_7441049_초등학교,details/detail_part_005.parquet
G10_7441050_초등학교,details/detail_part_005.parquet
G10_7441051_초등학교,details/detail_part_005.parquet
G10_7441052_초등학교,details/detail_part_005.parquet
G10_7441053_초등학교,details/detail_part_005.parquet
G10_7441054_초등학교,details/detail_part_005.parquet
G10_7441055_초등학교,details/detail_part_005.parquet
G10_7441056_초등학교,details/detail_part_005.parquet
G10_7441057_초등학교,details/detail_part_005.parquet
G10_7441058_초등학교,details/detail_part_005.parquet
G10_7441059_초등학교,details/detail_part_005.parquet
G10_7441060_초등학교,details/detail_part_005.parquet
G10_7441061_초등학교,details/detail_part_005.parquet
G10_7441062_초등학교,details/detail_part_005.parquet
G10_7441063_초등학교,details/detail_part_005.parquet
G10_7441064_초등학교,details/detail_part_005.parquet
G10_7441065_초등학교,details/detail_part_005.parquet
G10_7441066_초등학교,details/detail_part_005.parquet
G10_7441067_초등학교,details/detail_part_005.parquet
G10_7441068_초등학교,details/detail_part_005.parquet
G10_7441069_초등학교,details/detail_part_005.parquet
G10_7441070_초등학교,details/detail_part_005.parquet
G10_7441071_초등학교,details/detail_part_005.parquet
G10_7441072_초등학교,details/detail_part_005.parquet
G10_7441073_초등학교,details/detail_part_005.parquet
G10_7441074_초등학교,details/detail_part_005.parquet
G10_7441075_초등학교,details/detail_part_005.parquet
G10_7441076_초등학교,details/detail_part_005.parquet
G10_7441077_초등학교,details/detail_part_005.parquet
G10_7441078_초등학교,details/detail_part_005.parquet
G10_7441079_초등학교,details/detail_part_005.parquet
G10_7441080_초등학교,details/detail_part_005.parquet
G10_7441081_초등학교,details/detail_part_005.parquet
G10_7441082_초등학교,details/detail_part_005.parquet
G10_7441083_초등학교,details/detail_part_005.parquet
G10_7441084_초등학교,details/detail_part_005.parquet
G10_7441085_초등학교,details/detail_part_005.parquet
G10_7441086_초등학교,details/detail_part_005.parquet
G10_7441087_초등학교,details/detail_part_005.parquet
G10_7441088_초등학교,details/detail_part_005.parquet
G10_7441089_초등학교,details/detail_part_005.parquet
G10_7441090_초등학교,details/detail_part_005.parquet
G10_7441091_초등학교,details/detail_part_005.parquet
G10_7441092_초등학교,details/detail_part_005.parquet
G10_7441093_초등학교,details/detail_part_005.parquet
G10_7441094_초등학교,details/detail_part_005.parquet
G10_7441095_초등학교,details/detail_part_005.parquet
G10_7441096_초등학교,details/detail_part_005.parquet
G10_7441097_초등학교,details/detail_part_005.parquet
G10_7441098_초등학교,details/detail_part_005.parquet
G10_7441099_초등학교,details/detail_part_005.parquet
G10_7441100_초등학교,details/detail_part_005.parquet
G10_7441101_초등학교,details/detail_part_005.parquet
G10_7441102_초등학교,details/detail_part_005.parquet
G10_7441103_초등학교,details/detail_part_005.parquet
G10_7441104_초등학교,details/detail_part_005.parquet
G10_7441105_초등학교,details/detail_part_005.parquet
G10_7441106_초등학교,details/detail_part_005.parquet
G10_7441107_초등학교,details/detail_part_005.parquet
G10_7441108_초등학교,details/detail_part_005.parquet
G10_7441109_초등학교,details/detail_part_005.parquet
G10_7441110_초등학교,details/detail_part_005.parquet
G10_7441111_초등학교,details/detail_part_005.parquet
G10_7441112_초등학교,details/detail_part_005.parquet
G10_7441113_초등학교,details/detail_part_005.parquet
G10_7441114_초등학교,details/detail_part_005.parquet
G10_7441115_초등학교,details/detail_part_005.parquet
G10_7441116_초등학교,details/detail_part_005.parquet
G10_7441117_초등학교,details/detail_part_005.parquet
G10_7441256_초등학교,details/detail_part_005.parquet
G10_7441263_중학교,details/detail_part_005.parquet
G10_7441264_중학교,details/detail_part_005.parquet
G10_7441266_중학교,details/detail_part_005.parquet
G10_7441277_중학교,details/detail_part_005.parquet
G10_7451009_중학교,details/detail_part_005.parquet
G10_7451010_중학교,details/detail_part_005.parquet
G10_7451011_중학교,details/detail_part_005.parquet
G10_7451012_중학교,details/detail_part_005.parquet
G10_7451013_중학교,details/detail_part_005.parquet
G10_7451014_중학교,details/detail_part_005.parquet
G10_7451015_중학교,details/detail_part_005.parquet
G10_7451016_중학교,details/detail_part_005.parquet
G10_7451017_중학교,details/detail_part_005.parquet
G10_7451018_중학교,details/detail_part_005.parquet
G10_7451019_중학교,details/detail_part_005.parquet
G10_7451020_중학교,details/detail_part_005.parquet
G10_7451021_중학교,details/detail_part_005.parquet
G10_7451022_중학교,details/detail_part_005.parquet
G10_7451023_중학교,details/detail_part_005.parquet
G10_7451024_중학교,details/detail_part_005.parquet
G10_7451025_중학교,details/detail_part_005.parquet
G10_7451026_중학교,details/detail_part_005.parquet
G10_7451027_중학교,details/detail_part_005.parquet
G10_7451028_중학교,details/detail_part_005.parquet
G10_7451029_중학교,details/detail_part_005.parquet
G10_7451030_중학교,details/detail_part_005.parquet
G10_7451031_중학교,details/detail_part_005.parquet
G10_7451032_중학교,details/detail_part_005.parquet
G10_7451033_중학교,details/detail_part_005.parquet
G10_7451034_중학교,details/detail_part_005.parquet
G10_7451035_중학교,details/detail_part_005.parquet
G10_7451036_중학교,details/detail_part_005.parquet
G10_7451037_중학교,details/detail_part_005.parquet
G10_7451038_중학교,details/detail_part_005.parquet
G10_7451039_중학교,details/detail_part_005.parquet
G10_7451040_중학교,details/detail_part_005.parquet
G10_7451041_중학교,details/detail_part_005.parquet
G10_7451042_중학교,details/detail_part_005.parquet
G10_7451043_중학교,details/detail_part_005.parquet
G10_7451044_중학교,details/detail_part_005.parquet
G10_7451045_중학교,details/detail_part_005.parquet
G10_7451046_중학교,details/detail_part_005.parquet
G10_7451048_중학교,details/detail_part_005.parquet
G10_7451049_중학교,details/detail_part_005.parquet
G10_7451050_중학교,details/detail_part_005.parquet
G10_7451051_중학교,details/detail_part_005.parquet
G10_7451052_중학교,details/detail_part_005.parquet
G10_7451053_중학교,details/detail_part_005.parquet
G10_7451054_중학교,details/detail_part_005.parquet
G10_7451055_중학교,details/detail_part_005.parquet
G10_7451056_중학교,details/detail_part_005.parquet
G10_7451057_초등학교,details/detail_part_005.parquet
G10_7451058_초등학교,details/detail_part_005.parquet
G10_7451059_초등학교,details/detail_part_005.parquet
G10_7451060_초등학교,details/detail_part_005.parquet
G10_7451061_초등학교,details/detail_part_005.parquet
G10_7451062_초등학교,details/detail_part_005.parquet
G10_7451063_초등학교,details/detail_part_005.parquet
G10_7451064_초등학교,details/detail_part_005.parquet
G10_7451065_초등학교,details/detail_part_005.parquet
G10_7451066_초등학교,details/detail_part_005.parquet
G10_7451067_초등학교,details/detail_part_005.parquet
G10_7451068_초등학교,details/detail_part_005.parquet
G10_7451069_초등학교,details/detail_part_005.parquet
G10_7451070_초등학교,details/detail_part_005.parquet
G10_7451071_초등학교,details/detail_part_005.parquet
G10_7451072_초등학교,details/detail_part_005.parquet
G10_7451073_초등학교,details/detail_part_005.parquet
G10_7451074_초등학교,details/detail_part_005.parquet
G10_7451075_초등학교,details/detail_part_005.parquet
G10_7451076_초등학교,details/detail_part_005.parquet
G10_7451077_초등학교,details/detail_part_005.parquet
G10_7451078_초등학교,details/detail_part_005.parquet
G10_7451079_초등학교,details/detail_part_005.parquet
G10_7451080_초등학교,details/detail_part_005.parquet
G10_7451081_초등학교,details/detail_part_005.parquet
G10_7451082_초등학교,details/detail_part_005.parquet
G10_7451083_초등학교,details/detail_part_005.parquet
G10_7451084_초등학교,details/detail_part_005.parquet
G10_7451085_초등학교,details/detail_part_005.parquet
G10_7451086_초등학교,details/detail_part_005.parquet
G10_7451087_초등학교,details/detail_part_005.parquet
G10_7451088_초등학교,details/detail_part_005.parquet
G10_7451089_초등학교,details/detail_part_005.parquet
G10_7451090_초등학교,details/detail_part_005.parquet
G10_7451091_초등학교,details/detail_part_005.parquet
G10_7451092_초등학교,details/detail_part_005.parquet
G10_7451093_초등학교,details/detail_part_005.parquet
G10_7451094_초등학교,details/detail_part_005.parquet
G10_7451095_초등학교,details/detail_part_005.parquet
G10_7451096_초등학교,details/detail_part_005.parquet
G10_7451097_초등학교,details/detail_part_005.parquet
G10_7451098_초등학교,details/detail_part_005.parquet
G10_7451099_초등학교,details/detail_part_005.parquet
G10_7451100_초등학교,details/detail_part_005.parquet
G10_7451101_초등학교,details/detail_part_005.parquet
G10_7451102_초등학교,details/detail_part_005.parquet
G10_7451103_초등학교,details/detail_part_005.parquet
G10_7451104_초등학교,details/detail_part_005.parquet
G10_7451105_초등학교,details/detail_part_005.parquet
G10_7451106_초등학교,details/detail_part_005.parquet
G10_7451107_초등학교,details/detail_part_005.parquet
G10_7451108_초등학교,details/detail_part_005.parquet
G10_7451109_초등학교,details/detail_part_005.parquet
G10_7451110_초등학교,details/detail_part_005.parquet
G10_7451111_초등학교,details/detail_part_005.parquet
G10_7451112_초등학교,details/detail_part_005.parquet
G10_7451113_초등학교,details/detail_part_005.parquet
G10_7451114_초등학교,details/detail_part_005.parquet
G10_7451115_초등학교,details/detail_part_005.parquet
G10_7451116_초등학교,details/detail_part_005.parquet
G10_7451117_초등학교,details/detail_part_005.parquet
G10_7451118_초등학교,details/detail_part_005.parquet
G10_7451119_초등학교,details/detail_part_005.parquet
G10_7451120_초등학교,details/detail_part_005.parquet
G10_7451121_초등학교,details/detail_part_005.parquet
G10_7451122_초등학교,details/detail_part_005.parquet
G10_7451123_초등학교,details/detail_part_005.parquet
G10_7451124_초등학교,details/detail_part_005.parquet
G10_7451125_초등학교,details/detail_part_005.parquet
G10_7451126_초등학교,details/detail_part_005.parquet
G10_7451255_중학교,details/detail_part_005.parquet
G10_7451256_초등학교,details/detail_part_005.parquet
G10_7451257_초등학교,details/detail_part_005.parquet
G10_7451258_초등학교,details/detail_part_005.parquet
G10_7451263_초등학교,details/detail_part_005.parquet
G10_7451264_초등학교,details/detail_part_005.parquet
G10_7451265_중학교,details/detail_part_005.parquet
G10_7451266_중학교,details/detail_part_005.parquet
G10_7451303_중학교,details/detail_part_005.parquet
G10_7451304_중학교,details/detail_part_005.parquet
G10_7451309_초등학교,details/detail_part_005.parquet
G10_7451311_초등학교,details/detail_part_005.parquet
G10_7451324_초등학교,details/detail_part_005.parquet
G10_7451327_초등학교,details/detail_part_005.parquet
G10_7451340_초등학교,details/detail_part_005.parquet
G10_7451342_중학교,details/detail_part_005.parquet
G10_7451344_초등학교,details/detail_part_005.parquet
G10_7451347_초등학교,details/detail_part_005.parquet
G10_7451349_초등학교,details/detail_part_005.parquet
G10_7451350_중학교,details/detail_part_005.parquet
G10_7451353_초등학교,details/detail_part_005.parquet
H10_7480023_고등학교,details/detail_part_005.parquet
H10_7480024_고등학교,details/detail_part_005.parquet
H10_7480026_고등학교,details/detail_part_005.parquet
H10_7480027_고등학교,details/detail_part_005.parquet
H10_7480029_고등학교,details/detail_part_005.parquet
H10_7480030_고등학교,details/detail_part_005.parquet
H10_7480033_고등학교,details/detail_part_005.parquet
H10_7480034_고등학교,details/detail_part_005.parquet
H10_7480035_고등학교,details/detail_part_005.parquet
H10_7480036_고등학교,details/detail_part_005.parquet
H10_7480037_고등학교,details/detail_part_005.parquet
H10_7480039_고등학교,details/detail_part_005.parquet
H10_7480044_고등학교,details/detail_part_005.parquet
H10_7480047_고등학교,details/detail_part_005.parquet
H10_7480048_고등학교,details/detail_part_005.parquet
H10_7480054_고등학교,details/detail_part_005.parquet
H10_7480054_중학교,details/detail_part_005.parquet
H10_7480054_초등학교,details/detail_part_005.parquet
H10_7480055_고등학교,details/detail_part_005.parquet
H10_7480055_중학교,details/detail_part_005.parquet
H10_7480055_초등학교,details/detail_part_005.parquet
H10_7480069_고등학교,details/detail_part_005.parquet
H10_7480070_고등학교,details/detail_part_005.parquet
H10_7480072_고등학교,details/detail_part_005.parquet
H10_7480073_고등학교,details/detail_part_005.parquet
H10_7480074_고등학교,details/detail_part_005.parquet
H10_7480075_고등학교,details/detail_part_005.parquet
H10_7480083_고등학교,details/detail_part_005.parquet
H10_7480085_고등학교,details/detail_part_005.parquet
H10_7480087_고등학교,details/detail_part_005.parquet
H10_7480088_고등학교,details/detail_part_005.parquet
H10_7480093_고등학교,details/detail_part_005.parquet
H10_7480094_고등학교,details/detail_part_005.parquet
H10_7480095_고등학교,details/detail_part_005.parquet
H10_7480096_고등학교,details/detail_part_005.parquet
H10_7480107_고등학교,details/detail_part_005.parquet
H10_7480108_고등학교,details/detail_part_005.parquet
H10_7480109_고등학교,details/detail_part_005.parquet
H10_7480110_고등학교,details/detail_part_005.parquet
H10_7480123_고등학교,details/detail_part_005.parquet
H10_7480123_중학교,details/detail_part_005.parquet
H10_7480123_초등학교,details/detail_part_005.parquet
H10_7480124_고등학교,details/detail_part_005.parquet
H10_7480125_고등학교,details/detail_part_005.parquet
H10_7480126_고등학교,details/detail_part_005.parquet
H10_7480135_고등학교,details/detail_part_005.parquet
H10_7480141_고등학교,details/detail_part_005.parquet
H10_7480142_고등학교,details/detail_part_005.parquet
H10_7480143_고등학교,details/detail_part_005.parquet
H10_7480171_고등학교,details/detail_part_005.parquet
H10_7480172_고등학교,details/detail_part_005.parquet
H10_7480173_고등학교,details/detail_part_005.parquet
H10_7480183_고등학교,details/detail_part_005.parquet
H10_7480186_고등학교,details/detail_part_005.parquet
H10_7480188_고등학교,details/detail_part_005.parquet
H10_7480189_고등학교,details/detail_part_005.parquet
H10_7480190_고등학교,details/detail_part_005.parquet
H10_7480191_고등학교,details/detail_part_005.parquet
H10_7480198_고등학교,details/detail_part_005.parquet
H10_7480199_고등학교,details/detail_part_005.parquet
H10_7480200_고등학교,details/detail_part_005.parquet
H10_7480200_중학교,details/detail_part_005.parquet
H10_7480200_초등학교,details/detail_part_005.parquet
H10_7480205_고등학교,details/detail_part_005.parquet
H10_7480208_고등학교,details/detail_part_005.parquet
H10_7480209_고등학교,details/detail_part_005.parquet
H10_7480237_고등학교,details/detail_part_005.parquet
H10_7480244_중학교,details/detail_part_005.parquet
H10_7480247_중학교,details/detail_part_005.parquet
H10_7480248_고등학교,details/detail_part_005.parquet
H10_7480253_고등학교,details/detail_part_005.parquet
H10_7480254_고등학교,details/detail_part_005.parquet
H10_7480255_고등학교,details/detail_part_005.parquet
H10_7480255_중학교,details/detail_part_005.parquet
H10_7480255_초등학교,details/detail_part_005.parquet
H10_7491093_초등학교,details/detail_part_005.parquet
H10_7491094_초등학교,details/detail_part_005.parquet
H10_7491095_초등학교,details/detail_part_005.parquet
H10_7491096_초등학교,details/detail_part_005.parquet
H10_7491097_초등학교,details/detail_part_005.parquet
H10_7491098_초등학교,details/detail_part_005.parquet
H10_7491099_초등학교,details/detail_part_005.parquet
H10_7491100_초등학교,details/detail_part_005.parquet
H10_7491101_초등학교,details/detail_part_005.parquet
H10_7491102_초등학교,details/detail_part_005.parquet
H10_7491103_초등학교,details/detail_part_005.parquet
H10_7491104_초등학교,details/detail_part_005.parquet
H10_7491105_초등학교,details/detail_part_005.parquet
H10_7491106_초등학교,details/detail_part_005.parquet
H10_7491107_초등학교,details/detail_part_005.parquet
H10_7491108_초등학교,details/detail_part_005.parquet
H10_7491109_초등학교,details/detail_part_005.parquet
H10_7491110_초등학교,details/detail_part_005.parquet
H10_7491111_초등학교,details/detail_part_005.parquet
H10_7491112_초등학교,details/detail_part_005.parquet
H10_7491113_초등학교,details/detail_part_005.parquet
H10_7491114_초등학교,details/detail_part_005.parquet
H10_7491115_초등학교,details/detail_part_005.parquet
H10_7491116_초등학교,details/detail_part_005.parquet
H10_7491117_초등학교,details/detail_part_005.parquet
H10_7491118_초등학교,details/detail_part_005.parquet
H10_7491119_초등학교,details/detail_part_005.parquet
H10_7491120_초등학교,details/detail_part_005.parquet
H10_7491121_초등학교,details/detail_part_005.parquet
H10_7491122_초등학교,details/detail_part_005.parquet
H10_7491123_초등학교,details/detail_part_005.parquet
H10_7491124_초등학교,details/detail_part_005.parquet
H10_7491125_초등학교,details/detail_part_005.parquet
H10_7491126_초등학교,details/detail_part_005.parquet
H10_7491127_초등학교,details/detail_part_005.parquet
H10_7491128_초등학교,details/detail_part_005.parquet
H10_7491129_초등학교,details/detail_part_005.parquet
H10_7491130_초등학교,details/detail_part_005.parquet
H10_7491131_초등학교,details/detail_part_005.parquet
H10_7491132_초등학교,details/detail_part_005.parquet
H10_7491133_초등학교,details/detail_part_005.parquet
H10_7491134_초등학교,details/detail_part_005.parquet
H10_7491135_초등학교,details/detail_part_005.parquet
H10_7491136_초등학교,details/detail_part_005.parquet
H10_7491137_초등학교,details/detail_part_005.parquet
H10_7491138_초등학교,details/detail_part_005.parquet
H10_7491139_초등학교,details/detail_part_005.parquet
H10_7491140_초등학교,details/detail_part_005.parquet
H10_7491141_초등학교,details/detail_part_005.parquet
H10_7491142_초등학교,details/detail_part_005.parquet
H10_7491143_초등학교,details/detail_part_005.parquet
H10_7491144_초등학교,details/detail_part_005.parquet
H10_7491145_초등학교,details/detail_part_005.parquet
H10_7491146_초등학교,details/detail_part_005.parquet
H10_7491148_중학교,details/detail_part_005.parquet
H10_7491149_중학교,details/detail_part_005.parquet
H10_7491150_중학교,details/detail_part_005.parquet
H10_7491151_중학교,details/detail_part_005.parquet
H10_7491152_중학교,details/detail_part_005.parquet
H10_7491153_중학교,details/detail_part_005.parquet
H10_7491154_중학교,details/detail_part_005.parquet
H10_7491155_중학교,details/detail_part_005.parquet
H10_7491156_중학교,details/detail_part_005.parquet
H10_7491157_중학교,details/detail_part_005.parquet
H10_7491158_중학교,details/detail_part_005.parquet
H10_7491159_중학교,details/detail_part_005.parquet
H10_7491160_중학교,details/detail_part_005.parquet
H10_7491161_중학교,details/detail_part_005.parquet
H10_7491165_중학교,details/detail_part_005.parquet
H10_7491166_중학교,details/detail_part_005.parquet
H10_7491167_중학교,details/detail_part_005.parquet
H10_7491168_중학교,details/detail_part_005.parquet
H10_7491169_중학교,details/detail_part_005.parquet
H10_7491170_중학교,details/detail_part_005.parquet
H10_7491171_중학교,details/detail_part_005.parquet
H10_7491172_중학교,details/detail_part_005.parquet
H10_7491173_중학교,details/detail_part_005.parquet
H10_7491174_중학교,details/detail_part_005.parquet
H10_7491175_중학교,details/detail_part_005.parquet
H10_7491176_중학교,details/detail_part_005.parquet
H10_7491177_중학교,details/detail_part_005.parquet
H10_7491178_중학교,details/detail_part_005.parquet
H10_7491179_중학교,details/detail_part_005.parquet
H10_7491181_초등학교,details/detail_part_005.parquet
H10_7491197_중학교,details/detail_part_005.parquet
H10_7491198_초등학교,details/detail_part_005.parquet
H10_7491199_중학교,details/detail_part_005.parquet
H10_7491206_중학교,details/detail_part_005.parquet
H10_7491210_초등학교,details/detail_part_005.parquet
H10_7491218_초등학교,details/detail_part_005.parquet
H10_7491219_초등학교,details/detail_part_005.parquet
H10_7491238_중학교,details/detail_part_005.parquet
H10_7491245_중학교,details/detail_part_005.parquet
H10_7491252_초등학교,details/detail_part_005.parquet
H10_7491254_중학교,details/detail_part_005.parquet
H10_7501009_중학교,details/detail_part_005.parquet
H10_7501010_중학교,details/detail_part_005.parquet
H10_7501011_중학교,details/detail_part_005.parquet
H10_7501012_중학교,details/detail_part_005.parquet
H10_7501013_중학교,details/detail_part_005.parquet
H10_7501014_중학교,details/detail_part_005.parquet
H10_7501015_중학교,details/detail_part_005.parquet
H10_7501016_중학교,details/detail_part_005.parquet
H10_7501017_중학교,details/detail_part_005.parquet
H10_7501018_중학교,details/detail_part_005.parquet
H10_7501019_중학교,details/detail_part_005.parquet
H10_7501020_중학교,details/detail_part_005.parquet
H10_7501021_중학교,details/detail_part_005.parquet
H10_7501022_중학교,details/detail_part_005.parquet
H10_7501023_중학교,details/detail_part_005.parquet
H10_7501024_중학교,details/detail_part_005.parquet
H10_7501025_중학교,details/detail_part_005.parquet
H10_7501026_중학교,details/detail_part_005.parquet
H10_7501027_중학교,details/detail_part_005.parquet
H10_7501028_중학교,details/detail_part_005.parquet
H10_7501029_중학교,details/detail_part_005.parquet
H10_7501030_중학교,details/detail_part_005.parquet
H10_7501031_중학교,details/detail_part_005.parquet
H10_7501032_중학교,details/detail_part_005.parquet
H10_7501033_중학교,details/detail_part_005.parquet
H10_7501034_중학교,details/detail_part_005.parquet
H10_7501035_중학교,details/detail_part_005.parquet
H10_7501036_중학교,details/detail_part_005.parquet
H10_7501037_중학교,details/detail_part_005.parquet
H10_7501038_초등학교,details/detail_part_005.parquet
H10_7501039_초등학교,details/detail_part_005.parquet
H10_7501040_초등학교,details/detail_part_005.parquet
H10_7501041_초등학교,details/detail_part_005.parquet
H10_7501042_초등학교,details/detail_part_005.parquet
H10_7501043_초등학교,details/detail_part_005.parquet
H10_7501044_초등학교,details/detail_part_005.parquet
H10_7501045_초등학교,details/detail_part_005.parquet
H10_7501046_초등학교,details/detail_part_005.parquet
H10_7501047_초등학교,details/detail_part_005.parquet
H10_7501048_초등학교,details/detail_part_005.parquet
H10_7501049_초등학교,details/detail_part_005.parquet
H10_7501050_초등학교,details/detail_part_005.parquet
H10_7501051_초등학교,details/detail_part_006.parquet
H10_7501052_초등학교,details/detail_part_006.parquet
H10_7501053_초등학교,details/detail_part_006.parquet
H10_7501054_초등학교,details/detail_part_006.parquet
H10_7501055_초등학교,details/detail_part_006.parquet
H10_7501056_초등학교,details/detail_part_006.parquet
H10_7501057_초등학교,details/detail_part_006.parquet
H10_7501058_초등학교,details/detail_part_006.parquet
H10_7501059_초등학교,details/detail_part_006.parquet
H10_7501060_초등학교,details/detail_part_006.parquet
H10_7501061_초등학교,details/detail_part_006.parquet
H10_7501062_초등학교,details/detail_part_006.parquet
H10_7501063_초등학교,details/detail_part_006.parquet
H10_7501064_초등학교,details/detail_part_006.parquet
H10_7501065_초등학교,details/detail_part_006.parquet
H10_7501066_초등학교,details/detail_part_006.parquet
H10_7501067_초등학교,details/detail_part_006.parquet
H10_7501069_초등학교,details/detail_part_006.parquet
H10_7501070_초등학교,details/detail_part_006.parquet
H10_7501075_초등학교,details/detail_part_006.parquet
H10_7501076_초등학교,details/detail_part_006.parquet
H10_7501077_초등학교,details/detail_part_006.parquet
H10_7501078_초등학교,details/detail_part_006.parquet
H10_7501079_초등학교,details/detail_part_006.parquet
H10_7501080_초등학교,details/detail_part_006.parquet
H10_7501081_초등학교,details/detail_part_006.parquet
H10_7501082_초등학교,details/detail_part_006.parquet
H10_7501083_초등학교,details/detail_part_006.parquet
H10_7501085_초등학교,details/detail_part_006.parquet
H10_7501086_초등학교,details/detail_part_006.parquet
H10_7501087_초등학교,details/detail_part_006.parquet
H10_7501088_초등학교,details/detail_part_006.parquet
H10_7501089_초등학교,details/detail_part_006.parquet
H10_7501090_초등학교,details/detail_part_006.parquet
H10_7501091_초등학교,details/detail_part_006.parquet
H10_7501092_초등학교,details/detail_part_006.parquet
H10_7501093_초등학교,details/detail_part_006.parquet
H10_7501094_초등학교,details/detail_part_006.parquet
H10_7501095_초등학교,details/detail_part_006.parquet
H10_7501096_초등학교,details/detail_part_006.parquet
H10_7501097_초등학교,details/detail_part_006.parquet
H10_7501098_초등학교,details/detail_part_006.parquet
H10_7501099_초등학교,details/detail_part_006.parquet
H10_7501100_초등학교,details/detail_part_006.parquet
H10_7501103_초등학교,details/detail_part_006.parquet
H10_7501211_초등학교,details/detail_part_006.parquet
H10_7501223_초등학교,details/detail_part_006.parquet
H10_7501224_초등학교,details/detail_part_006.parquet
H10_7501225_중학교,details/detail_part_006.parquet
H10_7501246_초등학교,details/detail_part_006.parquet
H10_7501247_초등학교,details/detail_part_006.parquet
I10_9300025_초등학교,details/detail_part_006.parquet
I10_9300026_초등학교,details/detail_part_006.parquet
I10_9300027_초등학교,details/detail_part_006.parquet
I10_9300028_초등학교,details/detail_part_006.parquet
I10_9300029_초등학교,details/detail_part_006.parquet
I10_9300031_초등학교,details/detail_part_006.parquet
I10_9300032_초등학교,details/detail_part_006.parquet
I10_9300033_초등학교,details/detail_part_006.parquet
I10_9300034_초등학교,details/detail_part_006.parquet
I10_9300035_초등학교,details/detail_part_006.parquet
I10_9300036_초등학교,details/detail_part_006.parquet
I10_9300037_초등학교,details/detail_part_006.parquet
I10_9300038_초등학교,details/detail_part_006.parquet
I10_9300039_초등학교,details/detail_part_006.parquet
I10_9300040_초등학교,details/detail_part_006.parquet
I10_9300041_초등학교,details/detail_part_006.parquet
I10_9300042_초등학교,details/detail_part_006.parquet
I10_9300043_초등학교,details/detail_part_006.parquet
I10_9300044_초등학교,details/detail_part_006.parquet
I10_9300045_중학교,details/detail_part_006.parquet
I10_9300047_중학교,details/detail_part_006.parquet
I10_9300048_중학교,details/detail_part_006.parquet
I10_9300049_중학교,details/detail_part_006.parquet
I10_9300050_중학교,details/detail_part_006.parquet
I10_9300051_중학교,details/detail_part_006.parquet
I10_9300052_중학교,details/detail_part_006.parquet
I10_9300053_중학교,details/detail_part_006.parquet
I10_9300054_고등학교,details/detail_part_006.parquet
I10_9300058_고등학교,details/detail_part_006.parquet
I10_9300087_초등학교,details/detail_part_006.parquet
I10_9300105_초등학교,details/detail_part_006.parquet
I10_9300106_중학교,details/detail_part_006.parquet
I10_9300107_고등학교,details/detail_part_006.parquet
I10_9300108_고등학교,details/detail_part_006.parquet
I10_9300111_초등학교,details/detail_part_006.parquet
I10_9300115_초등학교,details/detail_part_006.parquet
I10_9300116_중학교,details/detail_part_006.parquet
I10_9300117_고등학교,details/detail_part_006.parquet
I10_9300119_초등학교,details/detail_part_006.parquet
I10_9300121_초등학교,details/detail_part_006.parquet
I10_9300123_중학교,details/detail_part_006.parquet
I10_9300126_초등학교,details/detail_part_006.parquet
I10_9300128_초등학교,details/detail_part_006.parquet
I10_9300166_초등학교,details/detail_part_006.parquet
I10_9300167_초등학교,details/detail_part_006.parquet
I10_9300168_초등학교,details/detail_part_006.parquet
I10_9300169_초등학교,details/detail_part_006.parquet
I10_9300170_초등학교,details/detail_part_006.parquet
I10_9300171_초등학교,details/detail_part_006.parquet
I10_9300172_초등학교,details/detail_part_006.parquet
I10_9300173_중학교,details/detail_part_006.parquet
I10_9300174_중학교,details/detail_part_006.parquet
I10_9300175_중학교,details/detail_part_006.parquet
I10_9300176_중학교,details/detail_part_006.parquet
I10_9300177_고등학교,details/detail_part_006.parquet
I10_9300178_고등학교,details/detail_part_006.parquet
I10_9300179_고등학교,details/detail_part_006.parquet
I10_9300180_고등학교,details/detail_part_006.parquet
I10_9300181_고등학교,details/detail_part_006.parquet
I10_9300184_초등학교,details/detail_part_006.parquet
I10_9300185_고등학교,details/detail_part_006.parquet
I10_9300187_초등학교,details/detail_part_006.parquet
I10_9300188_고등학교,details/detail_part_006.parquet
I10_9300188_중학교,details/detail_part_006.parquet
I10_9300188_초등학교,details/detail_part_006.parquet
I10_9300190_초등학교,details/detail_part_006.parquet
I10_9300191_고등학교,details/detail_part_006.parquet
I10_9300194_초등학교,details/detail_part_006.parquet
I10_9300195_중학교,details/detail_part_006.parquet
I10_9300201_중학교,details/detail_part_006.parquet
I10_9300210_초등학교,details/detail_part_006.parquet
I10_9300211_초등학교,details/detail_part_006.parquet
I10_9300212_초등학교,details/detail_part_006.parquet
I10_9300213_초등학교,details/detail_part_006.parquet
I10_9300214_초등학교,details/detail_part_006.parquet
I10_9300215_중학교,details/detail_part_006.parquet
I10_9300216_중학교,details/detail_part_006.parquet
I10_9300217_중학교,details/detail_part_006.parquet
I10_9300218_중학교,details/detail_part_006.parquet
I10_9300219_고등학교,details/detail_part_006.parquet
I10_9300220_고등학교,details/detail_part_006.parquet
I10_9300224_초등학교,details/detail_part_006.parquet
I10_9300226_초등학교,details/detail_part_006.parquet
I10_9300227_중학교,details/detail_part_006.parquet
I10_9300229_초등학교,details/detail_part_006.parquet
I10_9300231_초등학교,details/detail_part_006.parquet
I10_9300233_고등학교,details/detail_part_006.parquet
I10_9300235_고등학교,details/detail_part_006.parquet
I10_9300236_초등학교,details/detail_part_006.parquet
I10_9300238_중학교,details/detail_part_006.parquet
I10_9300239_초등학교,details/detail_part_006.parquet
I10_9300265_고등학교,details/detail_part_006.parquet
I10_9300266_고등학교,details/detail_part_006.parquet
I10_9300268_초등학교,details/detail_part_006.parquet
I10_9300269_중학교,details/detail_part_006.parquet
I10_9300270_고등학교,details/detail_part_006.parquet
I10_9300278_고등학교,details/detail_part_006.parquet
I10_9300285_초등학교,details/detail_part_006.parquet
I10_9300286_중학교,details/detail_part_006.parquet
I10_9300305_중학교,details/detail_part_006.parquet
I10_9300310_초등학교,details/detail_part_006.parquet
I10_9300311_중학교,details/detail_part_006.parquet
I10_9300315_초등학교,details/detail_part_006.parquet
I10_9300317_고등학교,details/detail_part_006.parquet
I10_9300317_중학교,details/detail_part_006.parquet
I10_9300317_초등학교,details/detail_part_006.parquet
I10_9300329_고등학교,details/detail_part_006.parquet
I10_9300347_초등학교,details/detail_part_006.parquet
I10_9300355_초등학교,details/detail_part_006.parquet
I10_9300356_중학교,details/detail_part_006.parquet
I10_9300357_고등학교,details/detail_part_006.parquet
I10_9300362_고등학교,details/detail_part_006.parquet
J10_1342100_고등학교,details/detail_part_006.parquet
J10_1342100_중학교,details/detail_part_006.parquet
J10_1342100_초등학교,details/detail_part_006.parquet
J10_1342101_고등학교,details/detail_part_006.parquet
J10_1342101_중학교,details/detail_part_006.parquet
J10_1342101_초등학교,details/detail_part_006.parquet
J10_7530045_고등학교,details/detail_part_006.parquet
J10_7530046_고등학교,details/detail_part_006.parquet
J10_7530047_고등학교,details/detail_part_006.parquet
J10_7530048_고등학교,details/detail_part_006.parquet
J10_7530049_고등학교,details/detail_part_006.parquet
J10_7530050_고등학교,details/detail_part_006.parquet
J10_7530051_고등학교,details/detail_part_006.parquet
J10_7530053_고등학교,details/detail_part_006.parquet
J10_7530054_고등학교,details/detail_part_006.parquet
J10_7530055_고등학교,details/detail_part_006.parquet
J10_7530057_고등학교,details/detail_part_006.parquet
J10_7530058_고등학교,details/detail_part_006.parquet
J10_7530059_고등학교,details/detail_part_006.parquet
J10_7530060_고등학교,details/detail_part_006.parquet
J10_7530063_고등학교,details/detail_part_006.parquet
J10_7530064_고등학교,details/detail_part_006.parquet
J10_7530065_고등학교,details/detail_part_006.parquet
J10_7530066_고등학교,details/detail_part_006.parquet
J10_7530067_고등학교,details/detail_part_006.parquet
J10_7530068_고등학교,details/detail_part_006.parquet
J10_7530069_고등학교,details/detail_part_006.parquet
J10_7530070_고등학교,details/detail_part_006.parquet
J10_7530071_고등학교,details/detail_part_006.parquet
J10_7530072_고등학교,details/detail_part_006.parquet
J10_7530073_고등학교,details/detail_part_006.parquet
J10_7530074_고등학교,details/detail_part_006.parquet
J10_7530075_고등학교,details/detail_part_006.parquet
J10_7530076_고등학교,details/detail_part_006.parquet
J10_7530077_고등학교,details/detail_part_006.parquet
J10_7530079_고등학교,details/detail_part_006.parquet
J10_7530081_고등학교,details/detail_part_006.parquet
J10_7530082_고등학교,details/detail_part_006.parquet
J10_7530083_고등학교,details/detail_part_006.parquet
J10_7530085_고등학교,details/detail_part_006.parquet
J10_7530086_고등학교,details/detail_part_006.parquet
J10_7530087_고등학교,details/detail_part_006.parquet
J10_7530088_고등학교,details/detail_part_006.parquet
J10_7530089_고등학교,details/detail_part_006.parquet
J10_7530090_고등학교,details/detail_part_006.parquet
J10_7530091_고등학교,details/detail_part_006.parquet
J10_7530092_고등학교,details/detail_part_006.parquet
J10_7530093_고등학교,details/detail_part_006.parquet
J10_7530094_고등학교,details/detail_part_006.parquet
J10_7530095_고등학교,details/detail_part_006.parquet
J10_7530096_고등학교,details/detail_part_006.parquet
J10_7530097_고등학교,details/detail_part_006.parquet
J10_7530098_고등학교,details/detail_part_006.parquet
J10_7530101_고등학교,details/detail_part_006.parquet
J10_7530102_고등학교,details/detail_part_006.parquet
J10_7530104_고등학교,details/detail_part_006.parquet
J10_7530105_고등학교,details/detail_part_006.parquet
J10_7530106_고등학교,details/detail_part_006.parquet
J10_7530107_고등학교,details/detail_part_006.parquet
J10_7530108_고등학교,details/detail_part_006.parquet
J10_7530109_고등학교,details/detail_part_006.parquet
J10_7530110_고등학교,details/detail_part_006.parquet
J10_7530111_고등학교,details/detail_part_006.parquet
J10_7530112_고등학교,details/detail_part_006.parquet
J10_7530113_고등학교,details/detail_part_006.parquet
J10_7530114_고등학교,details/detail_part_006.parquet
J10_7530115_고등학교,details/detail_part_006.parquet
J10_7530116_고등학교,details/detail_part_006.parquet
J10_7530117_고등학교,details/detail_part_006.parquet
J10_7530119_고등학교,details/detail_part_006.parquet
J10_7530120_고등학교,details/detail_part_006.parquet
J10_7530122_고등학교,details/detail_part_006.parquet
J10_7530123_고등학교,details/detail_part_006.parquet
J10_7530124_고등학교,details/detail_part_006.parquet
J10_7530125_고등학교,details/detail_part_006.parquet
J10_7530126_고등학교,details/detail_part_006.parquet
J10_7530127_고등학교,details/detail_part_006.parquet
J10_7530128_고등학교,details/detail_part_006.parquet
J10_7530129_고등학교,details/detail_part_006.parquet
J10_7530130_고등학교,details/detail_part_006.parquet
J10_7530131_고등학교,details/detail_part_006.parquet
J10_7530132_고등학교,details/detail_part_006.parquet
J10_7530133_고등학교,details/detail_part_006.parquet
J10_7530134_고등학교,details/detail_part_006.parquet
J10_7530135_고등학교,details/detail_part_006.parquet
J10_7530136_고등학교,details/detail_part_006.parquet
J10_7530137_고등학교,details/detail_part_006.parquet
J10_7530138_고등학교,details/detail_part_006.parquet
J10_7530139_고등학교,details/detail_part_006.parquet
J10_7530140_고등학교,details/detail_part_006.parquet
J10_7530141_고등학교,details/detail_part_006.parquet
J10_7530143_고등학교,details/detail_part_006.parquet
J10_7530144_고등학교,details/detail_part_006.parquet
J10_7530145_고등학교,details/detail_part_006.parquet
J10_7530146_고등학교,details/detail_part_006.parquet
J10_7530148_고등학교,details/detail_part_006.parquet
J10_7530149_고등학교,details/detail_part_006.parquet
J10_7530150_고등학교,details/detail_part_006.parquet
J10_7530151_고등학교,details/detail_part_006.parquet
J10_7530153_고등학교,details/detail_part_006.parquet
J10_7530154_고등학교,details/detail_part_006.parquet
J10_7530156_고등학교,details/detail_part_006.parquet
J10_7530157_고등학교,details/detail_part_006.parquet
J10_7530160_고등학교,details/detail_part_006.parquet
J10_7530163_고등학교,details/detail_part_006.parquet
J10_7530164_고등학교,details/detail_part_006.parquet
J10_7530167_고등학교,details/detail_part_006.parquet
J10_7530169_고등학교,details/detail_part_006.parquet
J10_7530170_고등학교,details/detail_part_006.parquet
J10_7530171_고등학교,details/detail_part_006.parquet
J10_7530174_고등학교,details/detail_part_006.parquet
J10_7530175_고등학교,details/detail_part_006.parquet
J10_7530176_고등학교,details/detail_part_006.parquet
J10_7530177_고등학교,details/detail_part_006.parquet
J10_7530178_고등학교,details/detail_part_006.parquet
J10_7530179_고등학교,details/detail_part_006.parquet
J10_7530180_고등학교,details/detail_part_006.parquet
J10_7530181_고등학교,details/detail_part_006.parquet
J10_7530182_고등학교,details/detail_part_006.parquet
J10_7530183_고등학교,details/detail_part_006.parquet
J10_7530184_고등학교,details/detail_part_006.parquet
J10_7530185_고등학교,details/detail_part_006.parquet
J10_7530187_고등학교,details/detail_part_006.parquet
J10_7530189_고등학교,details/detail_part_006.parquet
J10_7530190_고등학교,details/detail_part_006.parquet
J10_7530191_고등학교,details/detail_part_006.parquet
J10_7530194_고등학교,details/detail_part_006.parquet
J10_7530195_고등학교,details/detail_part_006.parquet
J10_7530197_고등학교,details/detail_part_006.parquet
J10_7530198_고등학교,details/detail_part_006.parquet
J10_7530200_고등학교,details/detail_part_006.parquet
J10_7530201_고등학교,details/detail_part_006.parquet
J10_7530202_고등학교,details/detail_part_006.parquet
J10_7530203_고등학교,details/detail_part_006.parquet
J10_7530204_고등학교,details/detail_part_006.parquet
J10_7530207_고등학교,details/detail_part_006.parquet
J10_7530208_고등학교,details/detail_part_006.parquet
J10_7530209_고등학교,details/detail_part_006.parquet
J10_7530210_고등학교,details/detail_part_006.parquet
J10_7530213_고등학교,details/detail_part_006.parquet
J10_7530214_고등학교,details/detail_part_006.parquet
J10_7530215_고등학교,details/detail_part_006.parquet
J10_7530216_고등학교,details/detail_part_006.parquet
J10_7530219_고등학교,details/detail_part_006.parquet
J10_7530254_고등학교,details/detail_part_006.parquet
J10_7530256_고등학교,details/detail_part_006.parquet
J10_7530262_고등학교,details/detail_part_006.parquet
J10_7530265_고등학교,details/detail_part_006.parquet
J10_7530270_고등학교,details/detail_part_006.parquet
J10_7530278_고등학교,details/detail_part_006.parquet
J10_7530283_고등학교,details/detail_part_006.parquet
J10_7530327_고등학교,details/detail_part_006.parquet
J10_7530335_고등학교,details/detail_part_006.parquet
J10_7530344_고등학교,details/detail_part_006.parquet
J10_7530348_고등학교,details/detail_part_006.parquet
J10_7530386_고등학교,details/detail_part_006.parquet
J10_7530387_고등학교,details/detail_part_006.parquet
J10_7530410_고등학교,details/detail_part_006.parquet
J10_7530415_고등학교,details/detail_part_006.parquet
J10_7530422_고등학교,details/detail_part_006.parquet
J10_7530422_중학교,details/detail_part_006.parquet
J10_7530422_초등학교,details/detail_part_006.parquet
J10_7530423_고등학교,details/detail_part_006.parquet
J10_7530423_중학교,details/detail_part_006.parquet
J10_7530423_초등학교,details/detail_part_006.parquet
J10_7530424_고등학교,details/detail_part_006.parquet
J10_7530424_중학교,details/detail_part_006.parquet
J10_7530424_초등학교,details/detail_part_006.parquet
J10_7530425_고등학교,details/detail_part_006.parquet
J10_7530425_중학교,details/detail_part_006.parquet
J10_7530425_초등학교,details/detail_part_006.parquet
J10_7530426_고등학교,details/detail_part_006.parquet
J10_7530426_중학교,details/detail_part_006.parquet
J10_7530426_초등학교,details/detail_part_006.parquet
J10_7530428_고등학교,details/detail_part_006.parquet
J10_7530428_중학교,details/detail_part_006.parquet
J10_7530428_초등학교,details/detail_part_006.parquet
J10_7530429_고등학교,details/detail_part_006.parquet
J10_7530429_중학교,details/detail_part_006.parquet
J10_7530429_초등학교,details/detail_part_006.parquet
J10_7530430_고등학교,details/detail_part_006.parquet
J10_7530430_중학교,details/detail_part_006.parquet
J10_7530430_초등학교,details/detail_part_006.parquet
J10_7530431_고등학교,details/detail_part_006.parquet
J10_7530431_중학교,details/detail_part_006.parquet
J10_7530431_초등학교,details/detail_part_006.parquet
J10_7530432_고등학교,details/detail_part_006.parquet
J10_7530432_중학교,details/detail_part_006.parquet
J10_7530432_초등학교,details/detail_part_006.parquet
J10_7530434_고등학교,details/detail_part_006.parquet
J10_7530434_중학교,details/detail_part_006.parquet
J10_7530434_초등학교,details/detail_part_006.parquet
J10_7530436_고등학교,details/detail_part_006.parquet
J10_7530436_중학교,details/detail_part_006.parquet
J10_7530436_초등학교,details/detail_part_006.parquet
J10_7530437_고등학교,details/detail_part_006.parquet
J10_7530437_중학교,details/detail_part_006.parquet
J10_7530437_초등학교,details/detail_part_006.parquet
J10_7530440_고등학교,details/detail_part_006.parquet
J10_7530440_중학교,details/detail_part_006.parquet
J10_7530440_초등학교,details/detail_part_006.parquet
J10_7530442_고등학교,details/detail_part_006.parquet
J10_7530442_중학교,details/detail_part_006.parquet
J10_7530442_초등학교,details/detail_part_006.parquet
J10_7530469_고등학교,details/detail_part_006.parquet
J10_7530470_고등학교,details/detail_part_006.parquet
J10_7530471_고등학교,details/detail_part_006.parquet
J10_7530472_고등학교,details/detail_part_006.parquet
J10_7530474_고등학교,details/detail_part_006.parquet
J10_7530475_고등학교,details/detail_part_006.parquet
J10_7530476_고등학교,details/detail_part_006.parquet
J10_7530477_고등학교,details/detail_part_006.parquet
J10_7530478_고등학교,details/detail_part_006.parquet
J10_7530479_고등학교,details/detail_part_006.parquet
J10_7530480_고등학교,details/detail_part_006.parquet
J10_7530481_고등학교,details/detail_part_006.parquet
J10_7530482_고등학교,details/detail_part_006.parquet
J10_7530483_고등학교,details/detail_part_006.parquet
J10_7530484_고등학교,details/detail_part_006.parquet
J10_7530485_고등학교,details/detail_part_006.parquet
J10_7530486_고등학교,details/detail_part_006.parquet
J10_7530488_고등학교,details/detail_part_006.parquet
J10_7530495_고등학교,details/detail_part_006.parquet
J10_7530497_고등학교,details/detail_part_006.parquet
J10_7530509_고등학교,details/detail_part_006.parquet
J10_7530509_중학교,details/detail_part_006.parquet
J10_7530509_초등학교,details/detail_part_006.parquet
J10_7530510_고등학교,details/detail_part_006.parquet
J10_7530510_중학교,details/detail_part_006.parquet
J10_7530510_초등학교,details/detail_part_006.parquet
J10_7530511_고등학교,details/detail_part_006.parquet
J10_7530511_중학교,details/detail_part_006.parquet
J10_7530511_초등학교,details/detail_part_006.parquet
J10_7530520_고등학교,details/detail_part_006.parquet
J10_7530521_고등학교,details/detail_part_006.parquet
J10_7530522_고등학교,details/detail_part_006.parquet
J10_7530523_고등학교,details/detail_part_006.parquet
J10_7530524_고등학교,details/detail_part_006.parquet
J10_7530525_고등학교,details/detail_part_006.parquet
J10_7530526_고등학교,details/detail_part_006.parquet
J10_7530527_고등학교,details/detail_part_006.parquet
J10_7530528_고등학교,details/detail_part_006.parquet
J10_7530531_고등학교,details/detail_part_006.parquet
J10_7530535_고등학교,details/detail_part_006.parquet
J10_7530538_고등학교,details/detail_part_006.parquet
J10_7530539_고등학교,details/detail_part_006.parquet
J10_7530542_고등학교,details/detail_part_006.parquet
J10_7530544_고등학교,details/detail_part_006.parquet
J10_7530546_고등학교,details/detail_part_006.parquet
J10_7530548_고등학교,details/detail_part_006.parquet
J10_7530550_고등학교,details/detail_part_006.parquet
J10_7530551_고등학교,details/detail_part_006.parquet
J10_7530552_고등학교,details/detail_part_006.parquet
J10_7530553_고등학교,details/detail_part_006.parquet
J10_7530554_고등학교,details/detail_part_006.parquet
J10_7530555_고등학교,details/detail_part_006.parquet
J10_7530557_고등학교,details/detail_part_006.parquet
J10_7530558_고등학교,details/detail_part_006.parquet
J10_7530559_고등학교,details/detail_part_006.parquet
J10_7530560_고등학교,details/detail_part_006.parquet
J10_7530569_고등학교,details/detail_part_006.parquet
J10_7530570_고등학교,details/detail_part_006.parquet
J10_7530571_고등학교,details/detail_part_006.parquet
J10_7530572_고등학교,details/detail_part_006.parquet
J10_7530573_고등학교,details/detail_part_006.parquet
J10_7530574_고등학교,details/detail_part_006.parquet
J10_7530575_고등학교,details/detail_part_006.parquet
J10_7530576_고등학교,details/detail_part_006.parquet
J10_7530577_고등학교,details/detail_part_006.parquet
J10_7530578_고등학교,details/detail_part_006.parquet
J10_7530579_고등학교,details/detail_part_006.parquet
J10_7530580_고등학교,details/detail_part_006.parquet
J10_7530581_고등학교,details/detail_part_006.parquet
J10_7530582_고등학교,details/detail_part_006.parquet
J10_7530583_고등학교,details/detail_part_006.parquet
J10_7530584_고등학교,details/detail_part_006.parquet
J10_7530586_고등학교,details/detail_part_006.parquet
J10_7530587_고등학교,details/detail_part_006.parquet
J10_7530588_고등학교,details/detail_part_006.parquet
J10_7530591_고등학교,details/detail_part_006.parquet
J10_7530594_고등학교,details/detail_part_006.parquet
J10_7530595_고등학교,details/detail_part_006.parquet
J10_7530596_고등학교,details/detail_part_006.parquet
J10_7530598_고등학교,details/detail_part_006.parquet
J10_7530600_고등학교,details/detail_part_006.parquet
J10_7530601_고등학교,details/detail_part_006.parquet
J10_7530603_고등학교,details/detail_part_006.parquet
J10_7530604_고등학교,details/detail_part_006.parquet
J10_7530605_고등학교,details/detail_part_006.parquet
J10_7530606_고등학교,details/detail_part_006.parquet
J10_7530607_고등학교,details/detail_part_006.parquet
J10_7530608_고등학교,details/detail_part_006.parquet
J10_7530609_고등학교,details/detail_part_006.parquet
J10_7530611_고등학교,details/detail_part_006.parquet
J10_7530612_고등학교,details/detail_part_006.parquet
J10_7530613_고등학교,details/detail_part_006.parquet
J10_7530616_고등학교,details/detail_part_006.parquet
J10_7530617_고등학교,details/detail_part_006.parquet
J10_7530619_고등학교,details/detail_part_006.parquet
J10_7530620_고등학교,details/detail_part_006.parquet
J10_7530621_고등학교,details/detail_part_006.parquet
J10_7530625_고등학교,details/detail_part_006.parquet
J10_7530626_고등학교,details/detail_part_006.parquet
J10_7530627_고등학교,details/detail_part_006.parquet
J10_7530628_고등학교,details/detail_part_006.parquet
J10_7530629_고등학교,details/detail_part_006.parquet
J10_7530630_고등학교,details/detail_part_006.parquet
J10_7530632_고등학교,details/detail_part_006.parquet
J10_7530633_고등학교,details/detail_part_006.parquet
J10_7530635_고등학교,details/detail_part_006.parquet
J10_7530635_중학교,details/detail_part_006.parquet
J10_7530635_초등학교,details/detail_part_006.parquet
J10_7530648_고등학교,details/detail_part_006.parquet
J10_7530649_고등학교,details/detail_part_006.parquet
J10_7530650_고등학교,details/detail_part_006.parquet
J10_7530651_고등학교,details/detail_part_006.parquet
J10_7530652_고등학교,details/detail_part_006.parquet
J10_7530654_고등학교,details/detail_part_006.parquet
J10_7530655_고등학교,details/detail_part_006.parquet
J10_7530656_고등학교,details/detail_part_006.parquet
J10_7530657_고등학교,details/detail_part_006.parquet
J10_7530658_고등학교,details/detail_part_006.parquet
J10_7530659_고등학교,details/detail_part_006.parquet
J10_7530659_중학교,details/detail_part_006.parquet
J10_7530659_초등학교,details/detail_part_006.parquet
J10_7530660_고등학교,details/detail_part_006.parquet
J10_7530661_고등학교,details/detail_part_006.parquet
J10_7530663_고등학교,details/detail_part_006.parquet
J10_7530664_고등학교,details/detail_part_006.parquet
J10_7530665_고등학교,details/detail_part_006.parquet
J10_7530745_고등학교,details/detail_part_006.parquet
J10_7530746_고등학교,details/detail_part_006.parquet
J10_7530761_고등학교,details/detail_part_006.parquet
J10_7530762_고등학교,details/detail_part_006.parquet
J10_7530763_고등학교,details/detail_part_006.parquet
J10_7530764_고등학교,details/detail_part_006.parquet
J10_7530765_고등학교,details/detail_part_006.parquet
J10_7530766_고등학교,details/detail_part_006.parquet
J10_7530767_고등학교,details/detail_part_006.parquet
J10_7530769_고등학교,details/detail_part_006.parquet
J10_7530770_고등학교,details/detail_part_006.parquet
J10_7530771_고등학교,details/detail_part_006.parquet
J10_7530772_고등학교,details/detail_part_006.parquet
J10_7530773_고등학교,details/detail_part_006.parquet
J10_7530774_고등학교,details/detail_part_006.parquet
J10_7530775_고등학교,details/detail_part_006.parquet
J10_7530776_고등학교,details/detail_part_006.parquet
J10_7530777_고등학교,details/detail_part_006.parquet
J10_7530778_고등학교,details/detail_part_006.parquet
J10_7530782_고등학교,details/detail_part_006.parquet
J10_7530783_고등학교,details/detail_part_006.parquet
J10_7530784_고등학교,details/detail_part_006.parquet
J10_7530785_고등학교,details/detail_part_006.parquet
J10_7530786_고등학교,details/detail_part_006.parquet
J10_7530789_고등학교,details/detail_part_006.parquet
J10_7530790_고등학교,details/detail_part_006.parquet
J10_7530791_고등학교,details/detail_part_006.parquet
J10_7530806_고등학교,details/detail_part_006.parquet
J10_7530818_고등학교,details/detail_part_006.parquet
J10_7530819_고등학교,details/detail_part_006.parquet
J10_7530820_고등학교,details/detail_part_006.parquet
J10_7530821_고등학교,details/detail_part_006.parquet
J10_7530822_고등학교,details/detail_part_006.parquet
J10_7530823_고등학교,details/detail_part_006.parquet
J10_7530824_고등학교,details/detail_part_006.parquet
J10_7530825_고등학교,details/detail_part_006.parquet
J10_7530836_고등학교,details/detail_part_006.parquet
J10_7530838_고등학교,details/detail_part_006.parquet
J10_7530840_고등학교,details/detail_part_006.parquet
J10_7530841_고등학교,details/detail_part_006.parquet
J10_7530842_고등학교,details/detail_part_006.parquet
J10_7530844_고등학교,details/detail_part_006.parquet
J10_7530845_고등학교,details/detail_part_006.parquet
J10_7530846_고등학교,details/detail_part_006.parquet
J10_7530847_고등학교,details/detail_part_006.parquet
J10_7530848_고등학교,details/detail_part_006.parquet
J10_7530849_고등학교,details/detail_part_006.parquet
J10_7530851_고등학교,details/detail_part_006.parquet
J10_7530852_고등학교,details/detail_part_006.parquet
J10_7530854_고등학교,details/detail_part_006.parquet
J10_7530855_고등학교,details/detail_part_006.parquet
J10_7530856_고등학교,details/detail_part_006.parquet
J10_7530857_고등학교,details/detail_part_006.parquet
J10_7530858_고등학교,details/detail_part_006.parquet
J10_7530859_고등학교,details/detail_part_006.parquet
J10_7530860_고등학교,details/detail_part_006.parquet
J10_7530860_중학교,details/detail_part_006.parquet
J10_7530860_초등학교,details/detail_part_006.parquet
J10_7530869_고등학교,details/detail_part_006.parquet
J10_7530870_고등학교,details/detail_part_006.parquet
J10_7530871_고등학교,details/detail_part_006.parquet
J10_7530878_고등학교,details/detail_part_006.parquet
J10_7530879_고등학교,details/detail_part_006.parquet
J10_7530880_고등학교,details/detail_part_006.parquet
J10_7530881_고등학교,details/detail_part_006.parquet
J10_7530882_고등학교,details/detail_part_006.parquet
J10_7530883_고등학교,details/detail_part_006.parquet
J10_7530884_고등학교,details/detail_part_006.parquet
J10_7530885_고등학교,details/detail_part_006.parquet
J10_7530886_고등학교,details/detail_part_006.parquet
J10_7530887_고등학교,details/detail_part_006.parquet
J10_7530889_고등학교,details/detail_part_006.parquet
J10_7530890_고등학교,details/detail_part_006.parquet
J10_7530891_고등학교,details/detail_part_006.parquet
J10_7530892_고등학교,details/detail_part_006.parquet
J10_7530893_고등학교,details/detail_part_006.parquet
J10_7530894_고등학교,details/detail_part_006.parquet
J10_7530898_고등학교,details/detail_part_006.parquet
J10_7530899_고등학교,details/detail_part_006.parquet
J10_7530900_고등학교,details/detail_part_006.parquet
J10_7530902_고등학교,details/detail_part_006.parquet
J10_7530903_고등학교,details/detail_part_006.parquet
J10_7530904_고등학교,details/detail_part_006.parquet
J10_7530905_고등학교,details/detail_part_006.parquet
J10_7530907_고등학교,details/detail_part_006.parquet
J10_7530908_고등학교,details/detail_part_006.parquet
J10_7530909_고등학교,details/detail_part_006.parquet
J10_7530910_고등학교,details/detail_part_006.parquet
J10_7530912_고등학교,details/detail_part_006.parquet
J10_7530921_고등학교,details/detail_part_006.parquet
J10_7530924_고등학교,details/detail_part_006.parquet
J10_7530929_고등학교,details/detail_part_006.parquet
J10_7530930_고등학교,details/detail_part_006.parquet
J10_7530932_고등학교,details/detail_part_006.parquet
J10_7530933_고등학교,details/detail_part_006.parquet
J10_7530934_고등학교,details/detail_part_006.parquet
J10_7530936_고등학교,details/detail_part_006.parquet
J10_7530937_고등학교,details/detail_part_006.parquet
J10_7530940_고등학교,details/detail_part_006.parquet
J10_7530941_고등학교,details/detail_part_006.parquet
J10_7530942_고등학교,details/detail_part_006.parquet
J10_7530943_고등학교,details/detail_part_006.parquet
J10_7530944_고등학교,details/detail_part_006.parquet
J10_7530945_고등학교,details/detail_part_006.parquet
J10_7530947_고등학교,details/detail_part_006.parquet
J10_7530969_고등학교,details/detail_part_006.parquet
J10_7530972_고등학교,details/detail_part_006.parquet
J10_7530973_고등학교,details/detail_part_006.parquet
J10_7530974_고등학교,details/detail_part_006.parquet
J10_7530976_고등학교,details/detail_part_006.parquet
J10_7530977_고등학교,details/detail_part_006.parquet
J10_7530979_고등학교,details/detail_part_006.parquet
J10_7530980_고등학교,details/detail_part_006.parquet
J10_7530981_고등학교,details/detail_part_006.parquet
J10_7530982_고등학교,details/detail_part_006.parquet
J10_7530983_고등학교,details/detail_part_006.parquet
J10_7530987_고등학교,details/detail_part_006.parquet
J10_7530987_중학교,details/detail_part_006.parquet
J10_7530987_초등학교,details/detail_part_006.parquet
J10_7530989_고등학교,details/detail_part_006.parquet
J10_7530990_고등학교,details/detail_part_006.parquet
J10_7530991_고등학교,details/detail_part_006.parquet
J10_7530992_고등학교,details/detail_part_006.parquet
J10_7530993_고등학교,details/detail_part_006.parquet
J10_7530995_고등학교,details/detail_part_006.parquet
J10_7530996_고등학교,details/detail_part_006.parquet
J10_7530996_중학교,details/detail_part_006.parquet
J10_7530996_초등학교,details/detail_part_006.parquet
J10_7530998_고등학교,details/detail_part_006.parquet
J10_7530999_고등학교,details/detail_part_006.parquet
J10_7531000_고등학교,details/detail_part_006.parquet
J10_7531010_고등학교,details/detail_part_006.parquet
J10_7531012_고등학교,details/detail_part_006.parquet
J10_7531013_고등학교,details/detail_part_006.parquet
J10_7531014_고등학교,details/detail_part_006.parquet
J10_7531040_고등학교,details/detail_part_006.parquet
J10_7531041_고등학교,details/detail_part_006.parquet
J10_7531042_고등학교,details/detail_part_006.parquet
J10_7531043_고등학교,details/detail_part_006.parquet
J10_7531044_고등학교,details/detail_part_006.parquet
J10_7531045_고등학교,details/detail_part_006.parquet
J10_7531046_고등학교,details/detail_part_006.parquet
J10_7531047_고등학교,details/detail_part_006.parquet
J10_7531048_고등학교,details/detail_part_006.parquet
J10_7531048_중학교,details/detail_part_006.parquet
J10_7531049_고등학교,details/detail_part_006.parquet
J10_7531050_고등학교,details/detail_part_006.parquet
J10_7531051_고등학교,details/detail_part_006.parquet
J10_7531053_고등학교,details/detail_part_006.parquet
J10_7531054_고등학교,details/detail_part_006.parquet
J10_7531055_고등학교,details/detail_part_006.parquet
J10_7531056_고등학교,details/detail_part_006.parquet
J10_7531057_고등학교,details/detail_part_006.parquet
J10_7531060_고등학교,details/detail_part_006.parquet
J10_7531061_고등학교,details/detail_part_006.parquet
J10_7531096_고등학교,details/detail_part_006.parquet
J10_7531099_고등학교,details/detail_part_006.parquet
J10_7531100_고등학교,details/detail_part_006.parquet
J10_7531102_고등학교,details/detail_part_006.parquet
J10_7531103_고등학교,details/detail_part_006.parquet
J10_7531105_고등학교,details/detail_part_006.parquet
J10_7531106_고등학교,details/detail_part_006.parquet
J10_7531107_고등학교,details/detail_part_006.parquet
J10_7531108_고등학교,details/detail_part_006.parquet
J10_7531109_고등학교,details/detail_part_006.parquet
J10_7531111_고등학교,details/detail_part_006.parquet
J10_7531111_중학교,details/detail_part_006.parquet
J10_7531111_초등학교,details/detail_part_006.parquet
J10_7531112_고등학교,details/detail_part_006.parquet
J10_7531112_중학교,details/detail_part_006.parquet
J10_7531112_초등학교,details/detail_part_006.parquet
J10_7531113_고등학교,details/detail_part_006.parquet
J10_7531114_고등학교,details/detail_part_006.parquet
J10_7531116_고등학교,details/detail_part_006.parquet
J10_7531117_고등학교,details/detail_part_006.parquet
J10_7531119_고등학교,details/detail_part_006.parquet
J10_7531134_고등학교,details/detail_part_006.parquet
J10_7531136_고등학교,details/detail_part_006.parquet
J10_7531137_고등학교,details/detail_part_006.parquet
J10_7531138_고등학교,details/detail_part_006.parquet
J10_7531139_고등학교,details/detail_part_006.parquet
J10_7531140_고등학교,details/detail_part_006.parquet
J10_7531140_중학교,details/detail_part_006.parquet
J10_7531140_초등학교,details/detail_part_006.parquet
J10_7531141_고등학교,details/detail_part_006.parquet
J10_7531142_고등학교,details/detail_part_006.parquet
J10_7531143_고등학교,details/detail_part_006.parquet
J10_7531144_고등학교,details/detail_part_006.parquet
J10_7531146_고등학교,details/detail_part_006.parquet
J10_7531149_고등학교,details/detail_part_006.parquet
J10_7531158_고등학교,details/detail_part_006.parquet
J10_7531159_고등학교,details/detail_part_007.parquet
J10_7531161_고등학교,details/detail_part_007.parquet
J10_7531162_고등학교,details/detail_part_007.parquet
J10_7531163_고등학교,details/detail_part_007.parquet
J10_7531164_고등학교,details/detail_part_007.parquet
J10_7531165_고등학교,details/detail_part_007.parquet
J10_7531166_고등학교,details/detail_part_007.parquet
J10_7531167_고등학교,details/detail_part_007.parquet
J10_7531236_고등학교,details/detail_part_007.parquet
J10_7531239_고등학교,details/detail_part_007.parquet
J10_7531240_고등학교,details/detail_part_007.parquet
J10_7531241_고등학교,details/detail_part_007.parquet
J10_7531242_고등학교,details/detail_part_007.parquet
J10_7531243_고등학교,details/detail_part_007.parquet
J10_7531244_고등학교,details/detail_part_007.parquet
J10_7531245_고등학교,details/detail_part_007.parquet
J10_7531246_고등학교,details/detail_part_007.parquet
J10_7531247_고등학교,details/detail_part_007.parquet
J10_7531248_고등학교,details/detail_part_007.parquet
J10_7531253_고등학교,details/detail_part_007.parquet
J10_7531253_중학교,details/detail_part_007.parquet
J10_7531253_초등학교,details/detail_part_007.parquet
J10_7531254_고등학교,details/detail_part_007.parquet
J10_7531254_중학교,details/detail_part_007.parquet
J10_7531254_초등학교,details/detail_part_007.parquet
J10_7531255_고등학교,details/detail_part_007.parquet
J10_7531256_고등학교,details/detail_part_007.parquet
J10_7531257_고등학교,details/detail_part_007.parquet
J10_7531270_고등학교,details/detail_part_007.parquet
J10_7531271_고등학교,details/detail_part_007.parquet
J10_7531271_중학교,details/detail_part_007.parquet
J10_7531271_초등학교,details/detail_part_007.parquet
J10_7531272_고등학교,details/detail_part_007.parquet
J10_7531275_고등학교,details/detail_part_007.parquet
J10_7531276_고등학교,details/detail_part_007.parquet
J10_7531289_고등학교,details/detail_part_007.parquet
J10_7531290_고등학교,details/detail_part_007.parquet
J10_7531291_고등학교,details/detail_part_007.parquet
J10_7531292_고등학교,details/detail_part_007.parquet
J10_7531293_고등학교,details/detail_part_007.parquet
J10_7531294_고등학교,details/detail_part_007.parquet
J10_7531295_고등학교,details/detail_part_007.parquet
J10_7531326_고등학교,details/detail_part_007.parquet
J10_7531326_중학교,details/detail_part_007.parquet
J10_7531326_초등학교,details/detail_part_007.parquet
J10_7531327_고등학교,details/detail_part_007.parquet
J10_7531328_고등학교,details/detail_part_007.parquet
J10_7531330_고등학교,details/detail_part_007.parquet
J10_7531360_고등학교,details/detail_part_007.parquet
J10_7531370_고등학교,details/detail_part_007.parquet
J10_7531371_고등학교,details/detail_part_007.parquet
J10_7531372_고등학교,details/detail_part_007.parquet
J10_7531373_고등학교,details/detail_part_007.parquet
J10_7531374_고등학교,details/detail_part_007.parquet
J10_7531375_고등학교,details/detail_part_007.parquet
J10_7531376_고등학교,details/detail_part_007.parquet
J10_7531377_고등학교,details/detail_part_007.parquet
J10_7531378_고등학교,details/detail_part_007.parquet
J10_7531379_고등학교,details/detail_part_007.parquet
J10_7531380_고등학교,details/detail_part_007.parquet
J10_7531381_고등학교,details/detail_part_007.parquet
J10_7531382_고등학교,details/detail_part_007.parquet
J10_7531389_고등학교,details/detail_part_007.parquet
J10_7531390_고등학교,details/detail_part_007.parquet
J10_7531392_고등학교,details/detail_part_007.parquet
J10_7531392_중학교,details/detail_part_007.parquet
J10_7531392_초등학교,details/detail_part_007.parquet
J10_7531393_고등학교,details/detail_part_007.parquet
J10_7531394_고등학교,details/detail_part_007.parquet
J10_7531395_고등학교,details/detail_part_007.parquet
J10_7531396_고등학교,details/detail_part_007.parquet
J10_7531396_중학교,details/detail_part_007.parquet
J10_7531396_초등학교,details/detail_part_007.parquet
J10_7531400_고등학교,details/detail_part_007.parquet
J10_7531405_고등학교,details/detail_part_007.parquet
J10_7531406_고등학교,details/detail_part_007.parquet
J10_7531407_고등학교,details/detail_part_007.parquet
J10_7531408_고등학교,details/detail_part_007.parquet
J10_7531409_고등학교,details/detail_part_007.parquet
J10_7531423_고등학교,details/detail_part_007.parquet
J10_7531424_고등학교,details/detail_part_007.parquet
J10_7531425_고등학교,details/detail_part_007.parquet
J10_7531426_고등학교,details/detail_part_007.parquet
J10_7531427_고등학교,details/detail_part_007.parquet
J10_7531428_고등학교,details/detail_part_007.parquet
J10_7531463_고등학교,details/detail_part_007.parquet
J10_7531467_고등학교,details/detail_part_007.parquet
J10_7531468_고등학교,details/detail_part_007.parquet
J10_7531469_고등학교,details/detail_part_007.parquet
J10_7531514_초등학교,details/detail_part_007.parquet
J10_7531515_중학교,details/detail_part_007.parquet
J10_7531516_고등학교,details/detail_part_007.parquet
J10_7531517_고등학교,details/detail_part_007.parquet
J10_7531527_고등학교,details/detail_part_007.parquet
J10_7531528_고등학교,details/detail_part_007.parquet
J10_7531529_고등학교,details/detail_part_007.parquet
J10_7531530_고등학교,details/detail_part_007.parquet
J10_7531531_고등학교,details/detail_part_007.parquet
J10_7531533_고등학교,details/detail_part_007.parquet
J10_7531598_고등학교,details/detail_part_007.parquet
J10_7531615_고등학교,details/detail_part_007.parquet
J10_7531616_고등학교,details/detail_part_007.parquet
J10_7531617_고등학교,details/detail_part_007.parquet
J10_7531618_고등학교,details/detail_part_007.parquet
J10_7541009_중학교,details/detail_part_007.parquet
J10_7541010_중학교,details/detail_part_007.parquet
J10_7541011_중학교,details/detail_part_007.parquet
J10_7541012_중학교,details/detail_part_007.parquet
J10_7541013_중학교,details/detail_part_007.parquet
J10_7541014_중학교,details/detail_part_007.parquet
J10_7541015_중학교,details/detail_part_007.parquet
J10_7541016_중학교,details/detail_part_007.parquet
J10_7541017_중학교,details/detail_part_007.parquet
J10_7541018_중학교,details/detail_part_007.parquet
J10_7541019_중학교,details/detail_part_007.parquet
J10_7541020_중학교,details/detail_part_007.parquet
J10_7541021_중학교,details/detail_part_007.parquet
J10_7541023_중학교,details/detail_part_007.parquet
J10_7541024_중학교,details/detail_part_007.parquet
J10_7541025_중학교,details/detail_part_007.parquet
J10_7541026_중학교,details/detail_part_007.parquet
J10_7541027_중학교,details/detail_part_007.parquet
J10_7541028_중학교,details/detail_part_007.parquet
J10_7541029_중학교,details/detail_part_007.parquet
J10_7541030_중학교,details/detail_part_007.parquet
J10_7541031_중학교,details/detail_part_007.parquet
J10_7541032_중학교,details/detail_part_007.parquet
J10_7541033_중학교,details/detail_part_007.parquet
J10_7541034_중학교,details/detail_part_007.parquet
J10_7541035_중학교,details/detail_part_007.parquet
J10_7541036_중학교,details/detail_part_007.parquet
J10_7541037_중학교,details/detail_part_007.parquet
J10_7541038_중학교,details/detail_part_007.parquet
J10_7541039_중학교,details/detail_part_007.parquet
J10_7541040_중학교,details/detail_part_007.parquet
J10_7541041_중학교,details/detail_part_007.parquet
J10_7541042_중학교,details/detail_part_007.parquet
J10_7541043_중학교,details/detail_part_007.parquet
J10_7541044_중학교,details/detail_part_007.parquet
J10_7541045_중학교,details/detail_part_007.parquet
J10_7541046_중학교,details/detail_part_007.parquet
J10_7541047_중학교,details/detail_part_007.parquet
J10_7541048_중학교,details/detail_part_007.parquet
J10_7541049_중학교,details/detail_part_007.parquet
J10_7541050_중학교,details/detail_part_007.parquet
J10_7541051_중학교,details/detail_part_007.parquet
J10_7541052_중학교,details/detail_part_007.parquet
J10_7541053_중학교,details/detail_part_007.parquet
J10_7541054_중학교,details/detail_part_007.parquet
J10_7541055_중학교,details/detail_part_007.parquet
J10_7541056_중학교,details/detail_part_007.parquet
J10_7541057_중학교,details/detail_part_007.parquet
J10_7541058_중학교,details/detail_part_007.parquet
J10_7541059_중학교,details/detail_part_007.parquet
J10_7541060_초등학교,details/detail_part_007.parquet
J10_7541061_초등학교,details/detail_part_007.parquet
J10_7541062_초등학교,details/detail_part_007.parquet
J10_7541063_초등학교,details/detail_part_007.parquet
J10_7541064_초등학교,details/detail_part_007.parquet
J10_7541065_초등학교,details/detail_part_007.parquet
J10_7541066_초등학교,details/detail_part_007.parquet
J10_7541067_초등학교,details/detail_part_007.parquet
J10_7541068_초등학교,details/detail_part_007.parquet
J10_7541069_초등학교,details/detail_part_007.parquet
J10_7541070_초등학교,details/detail_part_007.parquet
J10_7541071_초등학교,details/detail_part_007.parquet
J10_7541072_초등학교,details/detail_part_007.parquet
J10_7541073_초등학교,details/detail_part_007.parquet
J10_7541074_초등학교,details/detail_part_007.parquet
J10_7541075_초등학교,details/detail_part_007.parquet
J10_7541076_초등학교,details/detail_part_007.parquet
J10_7541077_초등학교,details/detail_part_007.parquet
J10_7541078_초등학교,details/detail_part_007.parquet
J10_7541079_초등학교,details/detail_part_007.parquet
J10_7541080_초등학교,details/detail_part_007.parquet
J10_7541081_초등학교,details/detail_part_007.parquet
J10_7541082_초등학교,details/detail_part_007.parquet
J10_7541083_초등학교,details/detail_part_007.parquet
J10_7541084_초등학교,details/detail_part_007.parquet
J10_7541085_초등학교,details/detail_part_007.parquet
J10_7541086_초등학교,details/detail_part_007.parquet
J10_7541087_초등학교,details/detail_part_007.parquet
J10_7541088_초등학교,details/detail_part_007.parquet
J10_7541089_초등학교,details/detail_part_007.parquet
J10_7541090_초등학교,details/detail_part_007.parquet
J10_7541091_초등학교,details/detail_part_007.parquet
J10_7541092_초등학교,details/detail_part_007.parquet
J10_7541093_초등학교,details/detail_part_007.parquet
J10_7541094_초등학교,details/detail_part_007.parquet
J10_7541095_초등학교,details/detail_part_007.parquet
J10_7541096_초등학교,details/detail_part_007.parquet
J10_7541097_초등학교,details/detail_part_007.parquet
J10_7541098_초등학교,details/detail_part_007.parquet
J10_7541099_초등학교,details/detail_part_007.parquet
J10_7541100_초등학교,details/detail_part_007.parquet
J10_7541101_초등학교,details/detail_part_007.parquet
J10_7541102_초등학교,details/detail_part_007.parquet
J10_7541103_초등학교,details/detail_part_007.parquet
J10_7541104_초등학교,details/detail_part_007.parquet
J10_7541105_초등학교,details/detail_part_007.parquet
J10_7541106_초등학교,details/detail_part_007.parquet
J10_7541107_초등학교,details/detail_part_007.parquet
J10_7541108_초등학교,details/detail_part_007.parquet
J10_7541109_초등학교,details/detail_part_007.parquet
J10_7541110_초등학교,details/detail_part_007.parquet
J10_7541111_초등학교,details/detail_part_007.parquet
J10_7541112_초등학교,details/detail_part_007.parquet
J10_7541113_초등학교,details/detail_part_007.parquet
J10_7541114_초등학교,details/detail_part_007.parquet
J10_7541115_초등학교,details/detail_part_007.parquet
J10_7541116_초등학교,details/detail_part_007.parquet
J10_7541117_초등학교,details/detail_part_007.parquet
J10_7541118_초등학교,details/detail_part_007.parquet
J10_7541119_초등학교,details/detail_part_007.parquet
J10_7541120_초등학교,details/detail_part_007.parquet
J10_7541121_초등학교,details/detail_part_007.parquet
J10_7541122_초등학교,details/detail_part_007.parquet
J10_7541123_초등학교,details/detail_part_007.parquet
J10_7541124_초등학교,details/detail_part_007.parquet
J10_7541125_초등학교,details/detail_part_007.parquet
J10_7541126_초등학교,details/detail_part_007.parquet
J10_7541127_초등학교,details/detail_part_007.parquet
J10_7541128_초등학교,details/detail_part_007.parquet
J10_7541129_초등학교,details/detail_part_007.parquet
J10_7541130_초등학교,details/detail_part_007.parquet
J10_7541131_초등학교,details/detail_part_007.parquet
J10_7541132_초등학교,details/detail_part_007.parquet
J10_7541133_초등학교,details/detail_part_007.parquet
J10_7541134_초등학교,details/detail_part_007.parquet
J10_7541136_초등학교,details/detail_part_007.parquet
J10_7541137_초등학교,details/detail_part_007.parquet
J10_7541138_초등학교,details/detail_part_007.parquet
J10_7541139_초등학교,details/detail_part_007.parquet
J10_7541140_초등학교,details/detail_part_007.parquet
J10_7541141_초등학교,details/detail_part_007.parquet
J10_7541142_초등학교,details/detail_part_007.parquet
J10_7541143_초등학교,details/detail_part_007.parquet
J10_7541144_초등학교,details/detail_part_007.parquet
J10_7541145_초등학교,details/detail_part_007.parquet
J10_7541146_초등학교,details/detail_part_007.parquet
J10_7541235_초등학교,details/detail_part_007.parquet
J10_7541236_중학교,details/detail_part_007.parquet
J10_7541327_중학교,details/detail_part_007.parquet
J10_7541328_초등학교,details/detail_part_007.parquet
J10_7541329_초등학교,details/detail_part_007.parquet
J10_7541330_초등학교,details/detail_part_007.parquet
J10_7541332_중학교,details/detail_part_007.parquet
J10_7541333_중학교,details/detail_part_007.parquet
J10_7541339_초등학교,details/detail_part_007.parquet
J10_7541341_초등학교,details/detail_part_007.parquet
J10_7541342_초등학교,details/detail_part_007.parquet
J10_7541354_중학교,details/detail_part_007.parquet
J10_7541355_중학교,details/detail_part_007.parquet
J10_7541356_초등학교,details/detail_part_007.parquet
J10_7541357_초등학교,details/detail_part_007.parquet
J10_7541375_중학교,details/detail_part_007.parquet
J10_7541381_초등학교,details/detail_part_007.parquet
J10_7541384_초등학교,details/detail_part_007.parquet
J10_7541399_초등학교,details/detail_part_007.parquet
J10_7541401_초등학교,details/detail_part_007.parquet
J10_7541405_중학교,details/detail_part_007.parquet
J10_7541453_초등학교,details/detail_part_007.parquet
J10_7541463_초등학교,details/detail_part_007.parquet
J10_7541465_초등학교,details/detail_part_007.parquet
J10_7541467_중학교,details/detail_part_007.parquet
J10_7551009_중학교,details/detail_part_007.parquet
J10_7551010_중학교,details/detail_part_007.parquet
J10_7551011_중학교,details/detail_part_007.parquet
J10_7551012_중학교,details/detail_part_007.parquet
J10_7551013_중학교,details/detail_part_007.parquet
J10_7551015_중학교,details/detail_part_007.parquet
J10_7551016_중학교,details/detail_part_007.parquet
J10_7551017_중학교,details/detail_part_007.parquet
J10_7551018_중학교,details/detail_part_007.parquet
J10_7551019_중학교,details/detail_part_007.parquet
J10_7551020_중학교,details/detail_part_007.parquet
J10_7551021_중학교,details/detail_part_007.parquet
J10_7551022_중학교,details/detail_part_007.parquet
J10_7551023_중학교,details/detail_part_007.parquet
J10_7551024_중학교,details/detail_part_007.parquet
J10_7551025_중학교,details/detail_part_007.parquet
J10_7551026_중학교,details/detail_part_007.parquet
J10_7551027_중학교,details/detail_part_007.parquet
J10_7551028_중학교,details/detail_part_007.parquet
J10_7551030_중학교,details/detail_part_007.parquet
J10_7551031_중학교,details/detail_part_007.parquet
J10_7551032_중학교,details/detail_part_007.parquet
J10_7551033_중학교,details/detail_part_007.parquet
J10_7551034_중학교,details/detail_part_007.parquet
J10_7551038_중학교,details/detail_part_007.parquet
J10_7551039_중학교,details/detail_part_007.parquet
J10_7551041_중학교,details/detail_part_007.parquet
J10_7551042_중학교,details/detail_part_007.parquet
J10_7551043_중학교,details/detail_part_007.parquet
J10_7551044_중학교,details/detail_part_007.parquet
J10_7551045_중학교,details/detail_part_007.parquet
J10_7551046_초등학교,details/detail_part_007.parquet
J10_7551047_초등학교,details/detail_part_007.parquet
J10_7551048_초등학교,details/detail_part_007.parquet
J10_7551049_초등학교,details/detail_part_007.parquet
J10_7551050_초등학교,details/detail_part_007.parquet
J10_7551051_초등학교,details/detail_part_007.parquet
J10_7551052_초등학교,details/detail_part_007.parquet
J10_7551053_초등학교,details/detail_part_007.parquet
J10_7551054_초등학교,details/detail_part_007.parquet
J10_7551055_초등학교,details/detail_part_007.parquet
J10_7551056_초등학교,details/detail_part_007.parquet
J10_7551057_초등학교,details/detail_part_007.parquet
J10_7551059_초등학교,details/detail_part_007.parquet
J10_7551060_초등학교,details/detail_part_007.parquet
J10_7551061_초등학교,details/detail_part_007.parquet
J10_7551062_초등학교,details/detail_part_007.parquet
J10_7551063_초등학교,details/detail_part_007.parquet
J10_7551064_초등학교,details/detail_part_007.parquet
J10_7551065_초등학교,details/detail_part_007.parquet
J10_7551066_초등학교,details/detail_part_007.parquet
J10_7551067_초등학교,details/detail_part_007.parquet
J10_7551068_초등학교,details/detail_part_007.parquet
J10_7551069_초등학교,details/detail_part_007.parquet
J10_7551070_초등학교,details/detail_part_007.parquet
J10_7551071_초등학교,details/detail_part_007.parquet
J10_7551072_초등학교,details/detail_part_007.parquet
J10_7551073_초등학교,details/detail_part_007.parquet
J10_7551074_초등학교,details/detail_part_007.parquet
J10_7551075_초등학교,details/detail_part_007.parquet
J10_7551076_초등학교,details/detail_part_007.parquet
J10_7551077_초등학교,details/detail_part_007.parquet
J10_7551078_초등학교,details/detail_part_007.parquet
J10_7551079_초등학교,details/detail_part_007.parquet
J10_7551080_초등학교,details/detail_part_007.parquet
J10_7551081_초등학교,details/detail_part_007.parquet
J10_7551082_초등학교,details/detail_part_007.parquet
J10_7551083_초등학교,details/detail_part_007.parquet
J10_7551084_초등학교,details/detail_part_007.parquet
J10_7551085_초등학교,details/detail_part_007.parquet
J10_7551086_초등학교,details/detail_part_007.parquet
J10_7551087_초등학교,details/detail_part_007.parquet
J10_7551088_초등학교,details/detail_part_007.parquet
J10_7551089_초등학교,details/detail_part_007.parquet
J10_7551090_초등학교,details/detail_part_007.parquet
J10_7551091_초등학교,details/detail_part_007.parquet
J10_7551092_초등학교,details/detail_part_007.parquet
J10_7551093_초등학교,details/detail_part_007.parquet
J10_7551094_초등학교,details/detail_part_007.parquet
J10_7551095_초등학교,details/detail_part_007.parquet
J10_7551096_초등학교,details/detail_part_007.parquet
J10_7551097_초등학교,details/detail_part_007.parquet
J10_7551098_초등학교,details/detail_part_007.parquet
J10_7551099_초등학교,details/detail_part_007.parquet
J10_7551100_초등학교,details/detail_part_007.parquet
J10_7551101_초등학교,details/detail_part_007.parquet
J10_7551102_초등학교,details/detail_part_007.parquet
J10_7551103_초등학교,details/detail_part_007.parquet
J10_7551149_초등학교,details/detail_part_007.parquet
J10_7551151_중학교,details/detail_part_007.parquet
J10_7551152_중학교,details/detail_part_007.parquet
J10_7551153_초등학교,details/detail_part_007.parquet
J10_7551154_초등학교,details/detail_part_007.parquet
J10_7551155_초등학교,details/detail_part_007.parquet
J10_7551156_중학교,details/detail_part_007.parquet
J10_7551157_중학교,details/detail_part_007.parquet
J10_7551158_중학교,details/detail_part_007.parquet
J10_7551159_중학교,details/detail_part_007.parquet
J10_7551164_초등학교,details/detail_part_007.parquet
J10_7551221_초등학교,details/detail_part_007.parquet
J10_7551232_초등학교,details/detail_part_007.parquet
J10_7551233_초등학교,details/detail_part_007.parquet
J10_7551234_초등학교,details/detail_part_007.parquet
J10_7551236_중학교,details/detail_part_007.parquet
J10_7551237_중학교,details/detail_part_007.parquet
J10_7551251_중학교,details/detail_part_007.parquet
J10_7551253_중학교,details/detail_part_007.parquet
J10_7551261_초등학교,details/detail_part_007.parquet
J10_7551269_중학교,details/detail_part_007.parquet
J10_7551276_초등학교,details/detail_part_007.parquet
J10_7551277_중학교,details/detail_part_007.parquet
J10_7551278_중학교,details/detail_part_007.parquet
J10_7551279_초등학교,details/detail_part_007.parquet
J10_7551280_초등학교,details/detail_part_007.parquet
J10_7551281_초등학교,details/detail_part_007.parquet
J10_7551282_중학교,details/detail_part_007.parquet
J10_7551287_중학교,details/detail_part_007.parquet
J10_7551295_중학교,details/detail_part_007.parquet
J10_7551297_중학교,details/detail_part_007.parquet
J10_7551298_초등학교,details/detail_part_007.parquet
J10_7551333_중학교,details/detail_part_007.parquet
J10_7551334_중학교,details/detail_part_007.parquet
J10_7561003_중학교,details/detail_part_007.parquet
J10_7561004_중학교,details/detail_part_007.parquet
J10_7561005_중학교,details/detail_part_007.parquet
J10_7561006_중학교,details/detail_part_007.parquet
J10_7561007_중학교,details/detail_part_007.parquet
J10_7561008_중학교,details/detail_part_007.parquet
J10_7561010_중학교,details/detail_part_007.parquet
J10_7561011_중학교,details/detail_part_007.parquet
J10_7561012_중학교,details/detail_part_007.parquet
J10_7561013_중학교,details/detail_part_007.parquet
J10_7561014_중학교,details/detail_part_007.parquet
J10_7561015_중학교,details/detail_part_007.parquet
J10_7561016_중학교,details/detail_part_007.parquet
J10_7561017_초등학교,details/detail_part_007.parquet
J10_7561019_초등학교,details/detail_part_007.parquet
J10_7561020_초등학교,details/detail_part_007.parquet
J10_7561021_초등학교,details/detail_part_007.parquet
J10_7561022_초등학교,details/detail_part_007.parquet
J10_7561023_초등학교,details/detail_part_007.parquet
J10_7561024_초등학교,details/detail_part_007.parquet
J10_7561025_초등학교,details/detail_part_007.parquet
J10_7561026_초등학교,details/detail_part_007.parquet
J10_7561027_초등학교,details/detail_part_007.parquet
J10_7561028_초등학교,details/detail_part_007.parquet
J10_7561029_초등학교,details/detail_part_007.parquet
J10_7561030_초등학교,details/detail_part_007.parquet
J10_7561031_초등학교,details/detail_part_007.parquet
J10_7561032_초등학교,details/detail_part_007.parquet
J10_7561033_초등학교,details/detail_part_007.parquet
J10_7561034_초등학교,details/detail_part_007.parquet
J10_7561035_초등학교,details/detail_part_007.parquet
J10_7561036_초등학교,details/detail_part_007.parquet
J10_7561037_초등학교,details/detail_part_007.parquet
J10_7561038_초등학교,details/detail_part_007.parquet
J10_7561039_초등학교,details/detail_part_007.parquet
J10_7561040_초등학교,details/detail_part_007.parquet
J10_7561041_초등학교,details/detail_part_007.parquet
J10_7561042_초등학교,details/detail_part_007.parquet
J10_7561043_초등학교,details/detail_part_007.parquet
J10_7561044_초등학교,details/detail_part_007.parquet
J10_7561045_초등학교,details/detail_part_007.parquet
J10_7561046_초등학교,details/detail_part_007.parquet
J10_7561073_초등학교,details/detail_part_007.parquet
J10_7561074_초등학교,details/detail_part_007.parquet
J10_7561075_중학교,details/detail_part_007.parquet
J10_7561080_중학교,details/detail_part_007.parquet
J10_7561081_중학교,details/detail_part_007.parquet
J10_7561082_중학교,details/detail_part_007.parquet
J10_7561125_중학교,details/detail_part_007.parquet
J10_7561126_중학교,details/detail_part_007.parquet
J10_7561127_초등학교,details/detail_part_007.parquet
J10_7561132_초등학교,details/detail_part_007.parquet
J10_7561134_중학교,details/detail_part_007.parquet
J10_7561135_초등학교,details/detail_part_007.parquet
J10_7561145_중학교,details/detail_part_007.parquet
J10_7569010_초등학교,details/detail_part_007.parquet
J10_7569011_초등학교,details/detail_part_007.parquet
J10_7569012_초등학교,details/detail_part_007.parquet
J10_7569013_초등학교,details/detail_part_007.parquet
J10_7569014_초등학교,details/detail_part_007.parquet
J10_7569015_초등학교,details/detail_part_007.parquet
J10_7569016_초등학교,details/detail_part_007.parquet
J10_7569017_초등학교,details/detail_part_007.parquet
J10_7569018_초등학교,details/detail_part_007.parquet
J10_7569019_초등학교,details/detail_part_007.parquet
J10_7569020_초등학교,details/detail_part_007.parquet
J10_7569021_초등학교,details/detail_part_007.parquet
J10_7569022_초등학교,details/detail_part_007.parquet
J10_7569023_초등학교,details/detail_part_007.parquet
J10_7569024_초등학교,details/detail_part_007.parquet
J10_7569025_초등학교,details/detail_part_007.parquet
J10_7569026_초등학교,details/detail_part_007.parquet
J10_7569027_초등학교,details/detail_part_007.parquet
J10_7569028_초등학교,details/detail_part_007.parquet
J10_7569029_초등학교,details/detail_part_007.parquet
J10_7569030_초등학교,details/detail_part_007.parquet
J10_7569031_초등학교,details/detail_part_007.parquet
J10_7569032_초등학교,details/detail_part_007.parquet
J10_7569033_초등학교,details/detail_part_007.parquet
J10_7569034_초등학교,details/detail_part_007.parquet
J10_7569035_초등학교,details/detail_part_007.parquet
J10_7569036_초등학교,details/detail_part_007.parquet
J10_7569037_초등학교,details/detail_part_007.parquet
J10_7569038_초등학교,details/detail_part_007.parquet
J10_7569039_초등학교,details/detail_part_007.parquet
J10_7569040_초등학교,details/detail_part_007.parquet
J10_7569041_초등학교,details/detail_part_007.parquet
J10_7569042_초등학교,details/detail_part_007.parquet
J10_7569043_초등학교,details/detail_part_007.parquet
J10_7569044_초등학교,details/detail_part_007.parquet
J10_7569045_초등학교,details/detail_part_007.parquet
J10_7569046_초등학교,details/detail_part_007.parquet
J10_7569047_초등학교,details/detail_part_007.parquet
J10_7569048_초등학교,details/detail_part_007.parquet
J10_7569049_초등학교,details/detail_part_007.parquet
J10_7569050_초등학교,details/detail_part_007.parquet
J10_7569051_초등학교,details/detail_part_007.parquet
J10_7569052_초등학교,details/detail_part_007.parquet
J10_7569053_중학교,details/detail_part_007.parquet
J10_7569054_중학교,details/detail_part_007.parquet
J10_7569055_중학교,details/detail_part_007.parquet
J10_7569056_중학교,details/detail_part_007.parquet
J10_7569057_중학교,details/detail_part_007.parquet
J10_7569058_중학교,details/detail_part_007.parquet
J10_7569059_중학교,details/detail_part_007.parquet
J10_7569060_중학교,details/detail_part_007.parquet
J10_7569061_중학교,details/detail_part_007.parquet
J10_7569062_중학교,details/detail_part_007.parquet
J10_7569063_중학교,details/detail_part_007.parquet
J10_7569064_중학교,details/detail_part_007.parquet
J10_7569065_중학교,details/detail_part_007.parquet
J10_7569066_중학교,details/detail_part_007.parquet
J10_7569067_중학교,details/detail_part_007.parquet
J10_7569069_중학교,details/detail_part_007.parquet
J10_7569070_중학교,details/detail_part_007.parquet
J10_7569071_중학교,details/detail_part_007.parquet
J10_7569072_중학교,details/detail_part_007.parquet
J10_7569073_중학교,details/detail_part_007.parquet
J10_7569074_중학교,details/detail_part_007.parquet
J10_7569075_중학교,details/detail_part_007.parquet
J10_7569076_중학교,details/detail_part_007.parquet
J10_7569077_중학교,details/detail_part_007.parquet
J10_7569109_초등학교,details/detail_part_007.parquet
J10_7569110_중학교,details/detail_part_007.parquet
J10_7569175_초등학교,details/detail_part_007.parquet
J10_7569192_중학교,details/detail_part_007.parquet
J10_7569213_초등학교,details/detail_part_007.parquet
J10_7569216_초등학교,details/detail_part_007.parquet
J10_7569217_중학교,details/detail_part_007.parquet
J10_7581010_중학교,details/detail_part_007.parquet
J10_7581011_중학교,details/detail_part_007.parquet
J10_7581012_중학교,details/detail_part_007.parquet
J10_7581013_중학교,details/detail_part_007.parquet
J10_7581014_중학교,details/detail_part_007.parquet
J10_7581015_중학교,details/detail_part_007.parquet
J10_7581016_중학교,details/detail_part_007.parquet
J10_7581017_중학교,details/detail_part_007.parquet
J10_7581018_중학교,details/detail_part_007.parquet
J10_7581019_중학교,details/detail_part_007.parquet
J10_7581020_중학교,details/detail_part_007.parquet
J10_7581023_중학교,details/detail_part_007.parquet
J10_7581024_중학교,details/detail_part_007.parquet
J10_7581025_중학교,details/detail_part_007.parquet
J10_7581026_중학교,details/detail_part_007.parquet
J10_7581027_중학교,details/detail_part_007.parquet
J10_7581028_중학교,details/detail_part_007.parquet
J10_7581029_중학교,details/detail_part_007.parquet
J10_7581030_중학교,details/detail_part_007.parquet
J10_7581031_중학교,details/detail_part_007.parquet
J10_7581032_중학교,details/detail_part_007.parquet
J10_7581033_중학교,details/detail_part_007.parquet
J10_7581034_중학교,details/detail_part_007.parquet
J10_7581035_중학교,details/detail_part_007.parquet
J10_7581036_중학교,details/detail_part_007.parquet
J10_7581037_중학교,details/detail_part_007.parquet
J10_7581038_중학교,details/detail_part_007.parquet
J10_7581039_중학교,details/detail_part_007.parquet
J10_7581040_초등학교,details/detail_part_007.parquet
J10_7581041_초등학교,details/detail_part_007.parquet
J10_7581042_초등학교,details/detail_part_007.parquet
J10_7581043_초등학교,details/detail_part_007.parquet
J10_7581044_초등학교,details/detail_part_007.parquet
J10_7581045_초등학교,details/detail_part_007.parquet
J10_7581046_초등학교,details/detail_part_007.parquet
J10_7581047_초등학교,details/detail_part_007.parquet
J10_7581048_초등학교,details/detail_part_007.parquet
J10_7581049_초등학교,details/detail_part_007.parquet
J10_7581050_초등학교,details/detail_part_007.parquet
J10_7581051_초등학교,details/detail_part_007.parquet
J10_7581052_초등학교,details/detail_part_007.parquet
J10_7581053_초등학교,details/detail_part_007.parquet
J10_7581054_초등학교,details/detail_part_007.parquet
J10_7581055_초등학교,details/detail_part_007.parquet
J10_7581056_초등학교,details/detail_part_007.parquet
J10_7581057_초등학교,details/detail_part_007.parquet
J10_7581058_초등학교,details/detail_part_007.parquet
J10_7581059_초등학교,details/detail_part_007.parquet
J10_7581060_초등학교,details/detail_part_007.parquet
J10_7581061_초등학교,details/detail_part_007.parquet
J10_7581062_초등학교,details/detail_part_007.parquet
J10_7581063_초등학교,details/detail_part_007.parquet
J10_7581064_초등학교,details/detail_part_007.parquet
J10_7581065_초등학교,details/detail_part_007.parquet
J10_7581066_초등학교,details/detail_part_007.parquet
J10_7581067_초등학교,details/detail_part_007.parquet
J10_7581068_초등학교,details/detail_part_007.parquet
J10_7581069_초등학교,details/detail_part_007.parquet
J10_7581070_초등학교,details/detail_part_007.parquet
J10_7581071_초등학교,details/detail_part_007.parquet
J10_7581072_초등학교,details/detail_part_007.parquet
J10_7581073_초등학교,details/detail_part_007.parquet
J10_7581074_초등학교,details/detail_part_007.parquet
J10_7581075_초등학교,details/detail_part_007.parquet
J10_7581076_초등학교,details/detail_part_007.parquet
J10_7581077_초등학교,details/detail_part_007.parquet
J10_7581078_초등학교,details/detail_part_007.parquet
J10_7581079_초등학교,details/detail_part_007.parquet
J10_7581080_초등학교,details/detail_part_007.parquet
J10_7581081_초등학교,details/detail_part_007.parquet
J10_7581082_초등학교,details/detail_part_007.parquet
J10_7581083_초등학교,details/detail_part_007.parquet
J10_7581084_초등학교,details/detail_part_007.parquet
J10_7581085_초등학교,details/detail_part_007.parquet
J10_7581086_초등학교,details/detail_part_007.parquet
J10_7581087_초등학교,details/detail_part_007.parquet
J10_7581088_초등학교,details/detail_part_007.parquet
J10_7581089_초등학교,details/detail_part_007.parquet
J10_7581090_초등학교,details/detail_part_007.parquet
J10_7581091_초등학교,details/detail_part_007.parquet
J10_7581092_초등학교,details/detail_part_007.parquet
J10_7581093_초등학교,details/detail_part_007.parquet
J10_7581094_초등학교,details/detail_part_007.parquet
J10_7581095_초등학교,details/detail_part_007.parquet
J10_7581096_초등학교,details/detail_part_007.parquet
J10_7581141_초등학교,details/detail_part_007.parquet
J10_7581142_초등학교,details/detail_part_007.parquet
J10_7581143_초등학교,details/detail_part_007.parquet
J10_7581148_초등학교,details/detail_part_007.parquet
J10_7581149_중학교,details/detail_part_007.parquet
J10_7581150_중학교,details/detail_part_007.parquet
J10_7581151_중학교,details/detail_part_007.parquet
J10_7581156_초등학교,details/detail_part_007.parquet
J10_7581258_중학교,details/detail_part_007.parquet
J10_7581259_초등학교,details/detail_part_007.parquet
J10_7581260_초등학교,details/detail_part_007.parquet
J10_7581267_중학교,details/detail_part_007.parquet
J10_7581289_중학교,details/detail_part_007.parquet
J10_7581293_중학교,details/detail_part_007.parquet
J10_7591003_중학교,details/detail_part_007.parquet
J10_7591004_중학교,details/detail_part_007.parquet
J10_7591005_중학교,details/detail_part_007.parquet
J10_7591006_중학교,details/detail_part_007.parquet
J10_7591007_중학교,details/detail_part_007.parquet
J10_7591008_중학교,details/detail_part_007.parquet
J10_7591009_중학교,details/detail_part_007.parquet
J10_7591010_중학교,details/detail_part_007.parquet
J10_7591011_중학교,details/detail_part_007.parquet
J10_7591012_중학교,details/detail_part_007.parquet
J10_7591013_중학교,details/detail_part_007.parquet
J10_7591014_초등학교,details/detail_part_007.parquet
J10_7591015_초등학교,details/detail_part_007.parquet
J10_7591016_초등학교,details/detail_part_007.parquet
J10_7591017_초등학교,details/detail_part_007.parquet
J10_7591018_초등학교,details/detail_part_007.parquet
J10_7591019_초등학교,details/detail_part_007.parquet
J10_7591020_초등학교,details/detail_part_007.parquet
J10_7591021_초등학교,details/detail_part_007.parquet
J10_7591022_초등학교,details/detail_part_007.parquet
J10_7591023_초등학교,details/detail_part_007.parquet
J10_7591024_초등학교,details/detail_part_007.parquet
J10_7591025_초등학교,details/detail_part_007.parquet
J10_7591026_초등학교,details/detail_part_007.parquet
J10_7591027_초등학교,details/detail_part_007.parquet
J10_7591028_초등학교,details/detail_part_007.parquet
J10_7591029_초등학교,details/detail_part_007.parquet
J10_7591030_초등학교,details/detail_part_007.parquet
J10_7591031_초등학교,details/detail_part_007.parquet
J10_7591032_초등학교,details/detail_part_007.parquet
J10_7591033_초등학교,details/detail_part_007.parquet
J10_7591034_초등학교,details/detail_part_007.parquet
J10_7591035_초등학교,details/detail_part_007.parquet
J10_7591087_초등학교,details/detail_part_007.parquet
J10_7591088_초등학교,details/detail_part_007.parquet
J10_7591094_중학교,details/detail_part_007.parquet
J10_7591095_초등학교,details/detail_part_007.parquet
J10_7591099_중학교,details/detail_part_007.parquet
J10_7602003_초등학교,details/detail_part_007.parquet
J10_7602005_중학교,details/detail_part_007.parquet
J10_7602006_초등학교,details/detail_part_007.parquet
J10_7602008_초등학교,details/detail_part_007.parquet
J10_7602010_초등학교,details/detail_part_007.parquet
J10_7602012_초등학교,details/detail_part_007.parquet
J10_7602013_중학교,details/detail_part_007.parquet
J10_7602014_중학교,details/detail_part_007.parquet
J10_7602015_초등학교,details/detail_part_007.parquet
J10_7602017_초등학교,details/detail_part_007.parquet
J10_7602019_중학교,details/detail_part_007.parquet
J10_7602020_초등학교,details/detail_part_007.parquet
J10_7602022_중학교,details/detail_part_007.parquet
J10_7602023_초등학교,details/detail_part_007.parquet
J10_7602024_초등학교,details/detail_part_007.parquet
J10_7602026_초등학교,details/detail_part_007.parquet
J10_7602028_중학교,details/detail_part_007.parquet
J10_7602030_중학교,details/detail_part_007.parquet
J10_7602031_초등학교,details/detail_part_007.parquet
J10_7602033_초등학교,details/detail_part_007.parquet
J10_7602035_초등학교,details/detail_part_007.parquet
J10_7602038_초등학교,details/detail_part_007.parquet
J10_7602040_초등학교,details/detail_part_007.parquet
J10_7602042_초등학교,details/detail_part_007.parquet
J10_7602044_초등학교,details/detail_part_007.parquet
J10_7602046_중학교,details/detail_part_007.parquet
J10_7602047_초등학교,details/detail_part_007.parquet
J10_7602049_초등학교,details/detail_part_007.parquet
J10_7602050_초등학교,details/detail_part_007.parquet
J10_7602052_중학교,details/detail_part_007.parquet
J10_7602053_초등학교,details/detail_part_007.parquet
J10_7602055_초등학교,details/detail_part_008.parquet
J10_7602057_초등학교,details/detail_part_008.parquet
J10_7602059_초등학교,details/detail_part_008.parquet
J10_7602060_중학교,details/detail_part_008.parquet
J10_7602061_초등학교,details/detail_part_008.parquet
J10_7602063_초등학교,details/detail_part_008.parquet
J10_7602065_중학교,details/detail_part_008.parquet
J10_7602066_초등학교,details/detail_part_008.parquet
J10_7602068_초등학교,details/detail_part_008.parquet
J10_7602070_초등학교,details/detail_part_008.parquet
J10_7602072_초등학교,details/detail_part_008.parquet
J10_7602074_초등학교,details/detail_part_008.parquet
J10_7602076_초등학교,details/detail_part_008.parquet
J10_7602078_중학교,details/detail_part_008.parquet
J10_7602079_초등학교,details/detail_part_008.parquet
J10_7602081_초등학교,details/detail_part_008.parquet
J10_7602083_초등학교,details/detail_part_008.parquet
J10_7602085_초등학교,details/detail_part_008.parquet
J10_7602087_초등학교,details/detail_part_008.parquet
J10_7602089_중학교,details/detail_part_008.parquet
J10_7602090_초등학교,details/detail_part_008.parquet
J10_7602092_초등학교,details/detail_part_008.parquet
J10_7602096_초등학교,details/detail_part_008.parquet
J10_7602099_중학교,details/detail_part_008.parquet
J10_7602120_초등학교,details/detail_part_008.parquet
J10_7602123_초등학교,details/detail_part_008.parquet
J10_7602131_초등학교,details/detail_part_008.parquet
J10_7602133_중학교,details/detail_part_008.parquet
J10_7602136_초등학교,details/detail_part_008.parquet
J10_7602140_초등학교,details/detail_part_008.parquet
J10_7602144_초등학교,details/detail_part_008.parquet
J10_7602145_중학교,details/detail_part_008.parquet
J10_7602151_초등학교,details/detail_part_008.parquet
J10_7602152_중학교,details/detail_part_008.parquet
J10_7602153_중학교,details/detail_part_008.parquet
J10_7602154_초등학교,details/detail_part_008.parquet
J10_7602155_초등학교,details/detail_part_008.parquet
J10_7602158_초등학교,details/detail_part_008.parquet
J10_7611009_중학교,details/detail_part_008.parquet
J10_7611010_중학교,details/detail_part_008.parquet
J10_7611011_중학교,details/detail_part_008.parquet
J10_7611012_중학교,details/detail_part_008.parquet
J10_7611013_중학교,details/detail_part_008.parquet
J10_7611014_중학교,details/detail_part_008.parquet
J10_7611015_중학교,details/detail_part_008.parquet
J10_7611016_중학교,details/detail_part_008.parquet
J10_7611017_중학교,details/detail_part_008.parquet
J10_7611018_중학교,details/detail_part_008.parquet
J10_7611019_중학교,details/detail_part_008.parquet
J10_7611020_중학교,details/detail_part_008.parquet
J10_7611021_중학교,details/detail_part_008.parquet
J10_7611022_중학교,details/detail_part_008.parquet
J10_7611023_중학교,details/detail_part_008.parquet
J10_7611024_중학교,details/detail_part_008.parquet
J10_7611025_중학교,details/detail_part_008.parquet
J10_7611026_중학교,details/detail_part_008.parquet
J10_7611027_중학교,details/detail_part_008.parquet
J10_7611028_중학교,details/detail_part_008.parquet
J10_7611029_중학교,details/detail_part_008.parquet
J10_7611030_중학교,details/detail_part_008.parquet
J10_7611031_초등학교,details/detail_part_008.parquet
J10_7611032_초등학교,details/detail_part_008.parquet
J10_7611033_초등학교,details/detail_part_008.parquet
J10_7611035_초등학교,details/detail_part_008.parquet
J10_7611036_초등학교,details/detail_part_008.parquet
J10_7611037_초등학교,details/detail_part_008.parquet
J10_7611038_초등학교,details/detail_part_008.parquet
J10_7611039_초등학교,details/detail_part_008.parquet
J10_7611040_초등학교,details/detail_part_008.parquet
J10_7611041_초등학교,details/detail_part_008.parquet
J10_7611042_초등학교,details/detail_part_008.parquet
J10_7611043_초등학교,details/detail_part_008.parquet
J10_7611044_초등학교,details/detail_part_008.parquet
J10_7611045_초등학교,details/detail_part_008.parquet
J10_7611046_초등학교,details/detail_part_008.parquet
J10_7611047_초등학교,details/detail_part_008.parquet
J10_7611048_초등학교,details/detail_part_008.parquet
J10_7611049_초등학교,details/detail_part_008.parquet
J10_7611050_초등학교,details/detail_part_008.parquet
J10_7611051_초등학교,details/detail_part_008.parquet
J10_7611052_초등학교,details/detail_part_008.parquet
J10_7611053_초등학교,details/detail_part_008.parquet
J10_7611054_초등학교,details/detail_part_008.parquet
J10_7611055_초등학교,details/detail_part_008.parquet
J10_7611056_초등학교,details/detail_part_008.parquet
J10_7611057_초등학교,details/detail_part_008.parquet
J10_7611058_초등학교,details/detail_part_008.parquet
J10_7611059_초등학교,details/detail_part_008.parquet
J10_7611060_초등학교,details/detail_part_008.parquet
J10_7611061_초등학교,details/detail_part_008.parquet
J10_7611062_초등학교,details/detail_part_008.parquet
J10_7611063_초등학교,details/detail_part_008.parquet
J10_7611064_초등학교,details/detail_part_008.parquet
J10_7611065_초등학교,details/detail_part_008.parquet
J10_7611066_초등학교,details/detail_part_008.parquet
J10_7611067_초등학교,details/detail_part_008.parquet
J10_7611068_초등학교,details/detail_part_008.parquet
J10_7611069_초등학교,details/detail_part_008.parquet
J10_7611070_초등학교,details/detail_part_008.parquet
J10_7611071_초등학교,details/detail_part_008.parquet
J10_7611072_초등학교,details/detail_part_008.parquet
J10_7611073_초등학교,details/detail_part_008.parquet
J10_7611074_초등학교,details/detail_part_008.parquet
J10_7611075_초등학교,details/detail_part_008.parquet
J10_7611076_초등학교,details/detail_part_008.parquet
J10_7611077_초등학교,details/detail_part_008.parquet
J10_7611115_초등학교,details/detail_part_008.parquet
J10_7611116_초등학교,details/detail_part_008.parquet
J10_7611117_초등학교,details/detail_part_008.parquet
J10_7611118_중학교,details/detail_part_008.parquet
J10_7611119_초등학교,details/detail_part_008.parquet
J10_7611120_중학교,details/detail_part_008.parquet
J10_7611122_중학교,details/detail_part_008.parquet
J10_7611124_중학교,details/detail_part_008.parquet
J10_7611128_초등학교,details/detail_part_008.parquet
J10_7611129_중학교,details/detail_part_008.parquet
J10_7611131_초등학교,details/detail_part_008.parquet
J10_7611132_초등학교,details/detail_part_008.parquet
J10_7611133_중학교,details/detail_part_008.parquet
J10_7611187_중학교,details/detail_part_008.parquet
J10_7611217_초등학교,details/detail_part_008.parquet
J10_7611223_중학교,details/detail_part_008.parquet
J10_7621009_중학교,details/detail_part_008.parquet
J10_7621010_중학교,details/detail_part_008.parquet
J10_7621011_중학교,details/detail_part_008.parquet
J10_7621012_중학교,details/detail_part_008.parquet
J10_7621013_중학교,details/detail_part_008.parquet
J10_7621014_중학교,details/detail_part_008.parquet
J10_7621015_중학교,details/detail_part_008.parquet
J10_7621016_초등학교,details/detail_part_008.parquet
J10_7621017_중학교,details/detail_part_008.parquet
J10_7621018_중학교,details/detail_part_008.parquet
J10_7621019_중학교,details/detail_part_008.parquet
J10_7621020_중학교,details/detail_part_008.parquet
J10_7621021_중학교,details/detail_part_008.parquet
J10_7621022_중학교,details/detail_part_008.parquet
J10_7621023_중학교,details/detail_part_008.parquet
J10_7621024_중학교,details/detail_part_008.parquet
J10_7621025_중학교,details/detail_part_008.parquet
J10_7621026_중학교,details/detail_part_008.parquet
J10_7621027_중학교,details/detail_part_008.parquet
J10_7621028_중학교,details/detail_part_008.parquet
J10_7621029_중학교,details/detail_part_008.parquet
J10_7621030_중학교,details/detail_part_008.parquet
J10_7621031_중학교,details/detail_part_008.parquet
J10_7621032_중학교,details/detail_part_008.parquet
J10_7621033_중학교,details/detail_part_008.parquet
J10_7621034_중학교,details/detail_part_008.parquet
J10_7621035_중학교,details/detail_part_008.parquet
J10_7621036_중학교,details/detail_part_008.parquet
J10_7621037_중학교,details/detail_part_008.parquet
J10_7621038_중학교,details/detail_part_008.parquet
J10_7621039_중학교,details/detail_part_008.parquet
J10_7621041_초등학교,details/detail_part_008.parquet
J10_7621042_초등학교,details/detail_part_008.parquet
J10_7621043_초등학교,details/detail_part_008.parquet
J10_7621044_초등학교,details/detail_part_008.parquet
J10_7621045_초등학교,details/detail_part_008.parquet
J10_7621046_초등학교,details/detail_part_008.parquet
J10_7621047_초등학교,details/detail_part_008.parquet
J10_7621048_초등학교,details/detail_part_008.parquet
J10_7621049_초등학교,details/detail_part_008.parquet
J10_7621050_초등학교,details/detail_part_008.parquet
J10_7621051_초등학교,details/detail_part_008.parquet
J10_7621052_초등학교,details/detail_part_008.parquet
J10_7621053_초등학교,details/detail_part_008.parquet
J10_7621054_초등학교,details/detail_part_008.parquet
J10_7621055_초등학교,details/detail_part_008.parquet
J10_7621056_초등학교,details/detail_part_008.parquet
J10_7621057_초등학교,details/detail_part_008.parquet
J10_7621058_초등학교,details/detail_part_008.parquet
J10_7621059_초등학교,details/detail_part_008.parquet
J10_7621060_초등학교,details/detail_part_008.parquet
J10_7621061_초등학교,details/detail_part_008.parquet
J10_7621062_초등학교,details/detail_part_008.parquet
J10_7621063_초등학교,details/detail_part_008.parquet
J10_7621064_초등학교,details/detail_part_008.parquet
J10_7621065_초등학교,details/detail_part_008.parquet
J10_7621066_초등학교,details/detail_part_008.parquet
J10_7621067_초등학교,details/detail_part_008.parquet
J10_7621068_초등학교,details/detail_part_008.parquet
J10_7621069_초등학교,details/detail_part_008.parquet
J10_7621070_초등학교,details/detail_part_008.parquet
J10_7621071_초등학교,details/detail_part_008.parquet
J10_7621072_초등학교,details/detail_part_008.parquet
J10_7621073_초등학교,details/detail_part_008.parquet
J10_7621074_초등학교,details/detail_part_008.parquet
J10_7621075_초등학교,details/detail_part_008.parquet
J10_7621076_초등학교,details/detail_part_008.parquet
J10_7621077_초등학교,details/detail_part_008.parquet
J10_7621078_초등학교,details/detail_part_008.parquet
J10_7621079_초등학교,details/detail_part_008.parquet
J10_7621080_초등학교,details/detail_part_008.parquet
J10_7621081_초등학교,details/detail_part_008.parquet
J10_7621082_초등학교,details/detail_part_008.parquet
J10_7621083_초등학교,details/detail_part_008.parquet
J10_7621084_초등학교,details/detail_part_008.parquet
J10_7621085_초등학교,details/detail_part_008.parquet
J10_7621086_초등학교,details/detail_part_008.parquet
J10_7621087_초등학교,details/detail_part_008.parquet
J10_7621088_초등학교,details/detail_part_008.parquet
J10_7621089_초등학교,details/detail_part_008.parquet
J10_7621090_초등학교,details/detail_part_008.parquet
J10_7621091_초등학교,details/detail_part_008.parquet
J10_7621092_초등학교,details/detail_part_008.parquet
J10_7621093_초등학교,details/detail_part_008.parquet
J10_7621095_초등학교,details/detail_part_008.parquet
J10_7621096_초등학교,details/detail_part_008.parquet
J10_7621097_초등학교,details/detail_part_008.parquet
J10_7621098_초등학교,details/detail_part_008.parquet
J10_7621099_초등학교,details/detail_part_008.parquet
J10_7621100_초등학교,details/detail_part_008.parquet
J10_7621101_초등학교,details/detail_part_008.parquet
J10_7621102_초등학교,details/detail_part_008.parquet
J10_7621103_초등학교,details/detail_part_008.parquet
J10_7621104_초등학교,details/detail_part_008.parquet
J10_7621105_초등학교,details/detail_part_008.parquet
J10_7621106_초등학교,details/detail_part_008.parquet
J10_7621151_초등학교,details/detail_part_008.parquet
J10_7621152_초등학교,details/detail_part_008.parquet
J10_7621162_초등학교,details/detail_part_008.parquet
J10_7621164_초등학교,details/detail_part_008.parquet
J10_7621165_초등학교,details/detail_part_008.parquet
J10_7621166_초등학교,details/detail_part_008.parquet
J10_7621167_중학교,details/detail_part_008.parquet
J10_7621168_중학교,details/detail_part_008.parquet
J10_7621178_초등학교,details/detail_part_008.parquet
J10_7621179_초등학교,details/detail_part_008.parquet
J10_7621180_중학교,details/detail_part_008.parquet
J10_7621181_중학교,details/detail_part_008.parquet
J10_7621185_초등학교,details/detail_part_008.parquet
J10_7621186_중학교,details/detail_part_008.parquet
J10_7621187_중학교,details/detail_part_008.parquet
J10_7621288_초등학교,details/detail_part_008.parquet
J10_7621289_초등학교,details/detail_part_008.parquet
J10_7621290_중학교,details/detail_part_008.parquet
J10_7621292_초등학교,details/detail_part_008.parquet
J10_7621293_중학교,details/detail_part_008.parquet
J10_7621297_초등학교,details/detail_part_008.parquet
J10_7621298_초등학교,details/detail_part_008.parquet
J10_7621299_중학교,details/detail_part_008.parquet
J10_7621314_중학교,details/detail_part_008.parquet
J10_7621316_초등학교,details/detail_part_008.parquet
J10_7621320_중학교,details/detail_part_008.parquet
J10_7621326_초등학교,details/detail_part_008.parquet
J10_7621327_중학교,details/detail_part_008.parquet
J10_7621331_중학교,details/detail_part_008.parquet
J10_7621342_초등학교,details/detail_part_008.parquet
J10_7621360_초등학교,details/detail_part_008.parquet
J10_7621361_초등학교,details/detail_part_008.parquet
J10_7621362_초등학교,details/detail_part_008.parquet
J10_7621364_초등학교,details/detail_part_008.parquet
J10_7621365_중학교,details/detail_part_008.parquet
J10_7621369_초등학교,details/detail_part_008.parquet
J10_7621372_초등학교,details/detail_part_008.parquet
J10_7621375_중학교,details/detail_part_008.parquet
J10_7621394_초등학교,details/detail_part_008.parquet
J10_7621395_중학교,details/detail_part_008.parquet
J10_7621397_초등학교,details/detail_part_008.parquet
J10_7621407_초등학교,details/detail_part_008.parquet
J10_7621408_중학교,details/detail_part_008.parquet
J10_7631003_중학교,details/detail_part_008.parquet
J10_7631004_중학교,details/detail_part_008.parquet
J10_7631005_중학교,details/detail_part_008.parquet
J10_7631006_중학교,details/detail_part_008.parquet
J10_7631007_중학교,details/detail_part_008.parquet
J10_7631008_중학교,details/detail_part_008.parquet
J10_7631009_중학교,details/detail_part_008.parquet
J10_7631010_중학교,details/detail_part_008.parquet
J10_7631011_중학교,details/detail_part_008.parquet
J10_7631012_중학교,details/detail_part_008.parquet
J10_7631013_중학교,details/detail_part_008.parquet
J10_7631014_중학교,details/detail_part_008.parquet
J10_7631015_중학교,details/detail_part_008.parquet
J10_7631016_중학교,details/detail_part_008.parquet
J10_7631017_중학교,details/detail_part_008.parquet
J10_7631018_중학교,details/detail_part_008.parquet
J10_7631019_중학교,details/detail_part_008.parquet
J10_7631020_중학교,details/detail_part_008.parquet
J10_7631021_초등학교,details/detail_part_008.parquet
J10_7631022_초등학교,details/detail_part_008.parquet
J10_7631023_초등학교,details/detail_part_008.parquet
J10_7631024_초등학교,details/detail_part_008.parquet
J10_7631025_초등학교,details/detail_part_008.parquet
J10_7631026_초등학교,details/detail_part_008.parquet
J10_7631027_초등학교,details/detail_part_008.parquet
J10_7631028_초등학교,details/detail_part_008.parquet
J10_7631029_초등학교,details/detail_part_008.parquet
J10_7631030_초등학교,details/detail_part_008.parquet
J10_7631031_초등학교,details/detail_part_008.parquet
J10_7631032_초등학교,details/detail_part_008.parquet
J10_7631033_초등학교,details/detail_part_008.parquet
J10_7631034_초등학교,details/detail_part_008.parquet
J10_7631035_초등학교,details/detail_part_008.parquet
J10_7631036_초등학교,details/detail_part_008.parquet
J10_7631037_초등학교,details/detail_part_008.parquet
J10_7631038_초등학교,details/detail_part_008.parquet
J10_7631039_초등학교,details/detail_part_008.parquet
J10_7631040_초등학교,details/detail_part_008.parquet
J10_7631041_초등학교,details/detail_part_008.parquet
J10_7631042_초등학교,details/detail_part_008.parquet
J10_7631043_초등학교,details/detail_part_008.parquet
J10_7631044_초등학교,details/detail_part_008.parquet
J10_7631045_초등학교,details/detail_part_008.parquet
J10_7631046_초등학교,details/detail_part_008.parquet
J10_7631047_초등학교,details/detail_part_008.parquet
J10_7631048_초등학교,details/detail_part_008.parquet
J10_7631049_초등학교,details/detail_part_008.parquet
J10_7631050_초등학교,details/detail_part_008.parquet
J10_7631051_초등학교,details/detail_part_008.parquet
J10_7631052_초등학교,details/detail_part_008.parquet
J10_7631053_초등학교,details/detail_part_008.parquet
J10_7631054_초등학교,details/detail_part_008.parquet
J10_7631055_초등학교,details/detail_part_008.parquet
J10_7631056_초등학교,details/detail_part_008.parquet
J10_7631057_초등학교,details/detail_part_008.parquet
J10_7631058_초등학교,details/detail_part_008.parquet
J10_7631059_초등학교,details/detail_part_008.parquet
J10_7631060_초등학교,details/detail_part_008.parquet
J10_7631061_초등학교,details/detail_part_008.parquet
J10_7631062_초등학교,details/detail_part_008.parquet
J10_7631063_초등학교,details/detail_part_008.parquet
J10_7631064_초등학교,details/detail_part_008.parquet
J10_7631065_초등학교,details/detail_part_008.parquet
J10_7631066_초등학교,details/detail_part_008.parquet
J10_7631068_초등학교,details/detail_part_008.parquet
J10_7631069_초등학교,details/detail_part_008.parquet
J10_7631070_초등학교,details/detail_part_008.parquet
J10_7631119_중학교,details/detail_part_008.parquet
J10_7631121_초등학교,details/detail_part_008.parquet
J10_7631122_중학교,details/detail_part_008.parquet
J10_7631123_초등학교,details/detail_part_008.parquet
J10_7631124_중학교,details/detail_part_008.parquet
J10_7631125_중학교,details/detail_part_008.parquet
J10_7631134_초등학교,details/detail_part_008.parquet
J10_7631177_초등학교,details/detail_part_008.parquet
J10_7631178_초등학교,details/detail_part_008.parquet
J10_7631183_중학교,details/detail_part_008.parquet
J10_7631188_초등학교,details/detail_part_008.parquet
J10_7631198_초등학교,details/detail_part_008.parquet
J10_7631205_초등학교,details/detail_part_008.parquet
J10_7631209_초등학교,details/detail_part_008.parquet
J10_7631212_초등학교,details/detail_part_008.parquet
J10_7631216_중학교,details/detail_part_008.parquet
J10_7631217_초등학교,details/detail_part_008.parquet
J10_7631222_초등학교,details/detail_part_008.parquet
J10_7631223_중학교,details/detail_part_008.parquet
J10_7631226_초등학교,details/detail_part_008.parquet
J10_7631227_초등학교,details/detail_part_008.parquet
J10_7631231_초등학교,details/detail_part_008.parquet
J10_7631242_초등학교,details/detail_part_008.parquet
J10_7631262_초등학교,details/detail_part_008.parquet
J10_7631263_초등학교,details/detail_part_008.parquet
J10_7631265_중학교,details/detail_part_008.parquet
J10_7631266_중학교,details/detail_part_008.parquet
J10_7631268_초등학교,details/detail_part_008.parquet
J10_7631269_중학교,details/detail_part_008.parquet
J10_7631275_초등학교,details/detail_part_008.parquet
J10_7631276_초등학교,details/detail_part_008.parquet
J10_7631277_초등학교,details/detail_part_008.parquet
J10_7631278_중학교,details/detail_part_008.parquet
J10_7631282_초등학교,details/detail_part_008.parquet
J10_7631283_중학교,details/detail_part_008.parquet
J10_7631289_초등학교,details/detail_part_008.parquet
J10_7631290_초등학교,details/detail_part_008.parquet
J10_7631291_중학교,details/detail_part_008.parquet
J10_7642003_초등학교,details/detail_part_008.parquet
J10_7642004_초등학교,details/detail_part_008.parquet
J10_7642005_초등학교,details/detail_part_008.parquet
J10_7642006_초등학교,details/detail_part_008.parquet
J10_7642007_초등학교,details/detail_part_008.parquet
J10_7642008_초등학교,details/detail_part_008.parquet
J10_7642009_초등학교,details/detail_part_008.parquet
J10_7642010_초등학교,details/detail_part_008.parquet
J10_7642011_초등학교,details/detail_part_008.parquet
J10_7642012_초등학교,details/detail_part_008.parquet
J10_7642013_초등학교,details/detail_part_008.parquet
J10_7642014_초등학교,details/detail_part_008.parquet
J10_7642015_초등학교,details/detail_part_008.parquet
J10_7642016_초등학교,details/detail_part_008.parquet
J10_7642017_초등학교,details/detail_part_008.parquet
J10_7642018_초등학교,details/detail_part_008.parquet
J10_7642019_초등학교,details/detail_part_008.parquet
J10_7642020_초등학교,details/detail_part_008.parquet
J10_7642021_초등학교,details/detail_part_008.parquet
J10_7642022_초등학교,details/detail_part_008.parquet
J10_7642023_초등학교,details/detail_part_008.parquet
J10_7642024_초등학교,details/detail_part_008.parquet
J10_7642025_초등학교,details/detail_part_008.parquet
J10_7642026_초등학교,details/detail_part_008.parquet
J10_7642027_초등학교,details/detail_part_008.parquet
J10_7642028_초등학교,details/detail_part_008.parquet
J10_7642029_초등학교,details/detail_part_008.parquet
J10_7642030_초등학교,details/detail_part_008.parquet
J10_7642031_초등학교,details/detail_part_008.parquet
J10_7642032_초등학교,details/detail_part_008.parquet
J10_7642033_초등학교,details/detail_part_008.parquet
J10_7642034_초등학교,details/detail_part_008.parquet
J10_7642035_중학교,details/detail_part_008.parquet
J10_7642036_중학교,details/detail_part_008.parquet
J10_7642037_중학교,details/detail_part_008.parquet
J10_7642038_중학교,details/detail_part_008.parquet
J10_7642039_중학교,details/detail_part_008.parquet
J10_7642040_중학교,details/detail_part_008.parquet
J10_7642041_중학교,details/detail_part_008.parquet
J10_7642042_중학교,details/detail_part_008.parquet
J10_7642043_중학교,details/detail_part_008.parquet
J10_7642044_중학교,details/detail_part_008.parquet
J10_7642045_중학교,details/detail_part_008.parquet
J10_7642046_중학교,details/detail_part_008.parquet
J10_7642047_중학교,details/detail_part_008.parquet
J10_7642048_중학교,details/detail_part_008.parquet
J10_7642049_중학교,details/detail_part_008.parquet
J10_7642050_중학교,details/detail_part_008.parquet
J10_7642073_중학교,details/detail_part_008.parquet
J10_7642075_초등학교,details/detail_part_008.parquet
J10_7642076_초등학교,details/detail_part_008.parquet
J10_7642077_초등학교,details/detail_part_008.parquet
J10_7642121_초등학교,details/detail_part_008.parquet
J10_7642122_초등학교,details/detail_part_008.parquet
J10_7642123_중학교,details/detail_part_008.parquet
J10_7642124_중학교,details/detail_part_008.parquet
J10_7642126_초등학교,details/detail_part_008.parquet
J10_7642128_초등학교,details/detail_part_008.parquet
J10_7642141_초등학교,details/detail_part_008.parquet
J10_7642143_초등학교,details/detail_part_008.parquet
J10_7642151_중학교,details/detail_part_008.parquet
J10_7652009_초등학교,details/detail_part_008.parquet
J10_7652010_초등학교,details/detail_part_008.parquet
J10_7652011_초등학교,details/detail_part_008.parquet
J10_7652013_중학교,details/detail_part_008.parquet
J10_7652014_초등학교,details/detail_part_008.parquet
J10_7652016_중학교,details/detail_part_008.parquet
J10_7652017_초등학교,details/detail_part_008.parquet
J10_7652019_중학교,details/detail_part_008.parquet
J10_7652020_중학교,details/detail_part_008.parquet
J10_7652021_초등학교,details/detail_part_008.parquet
J10_7652023_초등학교,details/detail_part_008.parquet
J10_7652025_중학교,details/detail_part_008.parquet
J10_7652026_초등학교,details/detail_part_008.parquet
J10_7652028_초등학교,details/detail_part_008.parquet
J10_7652030_초등학교,details/detail_part_008.parquet
J10_7652031_초등학교,details/detail_part_008.parquet
J10_7652033_초등학교,details/detail_part_008.parquet
J10_7652035_초등학교,details/detail_part_008.parquet
J10_7652037_초등학교,details/detail_part_008.parquet
J10_7652038_초등학교,details/detail_part_008.parquet
J10_7652040_초등학교,details/detail_part_008.parquet
J10_7652041_초등학교,details/detail_part_008.parquet
J10_7652043_초등학교,details/detail_part_008.parquet
J10_7652045_초등학교,details/detail_part_008.parquet
J10_7652047_초등학교,details/detail_part_008.parquet
J10_7652049_초등학교,details/detail_part_008.parquet
J10_7652051_초등학교,details/detail_part_008.parquet
J10_7652053_중학교,details/detail_part_008.parquet
J10_7652054_초등학교,details/detail_part_008.parquet
J10_7652056_중학교,details/detail_part_008.parquet
J10_7652057_초등학교,details/detail_part_008.parquet
J10_7652059_초등학교,details/detail_part_008.parquet
J10_7652061_초등학교,details/detail_part_008.parquet
J10_7652063_초등학교,details/detail_part_008.parquet
J10_7652065_중학교,details/detail_part_008.parquet
J10_7652066_초등학교,details/detail_part_008.parquet
J10_7652068_초등학교,details/detail_part_008.parquet
J10_7652070_중학교,details/detail_part_008.parquet
J10_7652071_중학교,details/detail_part_008.parquet
J10_7652072_초등학교,details/detail_part_008.parquet
J10_7652076_중학교,details/detail_part_008.parquet
J10_7652077_초등학교,details/detail_part_008.parquet
J10_7652079_중학교,details/detail_part_008.parquet
J10_7652080_초등학교,details/detail_part_008.parquet
J10_7652082_초등학교,details/detail_part_008.parquet
J10_7652084_초등학교,details/detail_part_008.parquet
J10_7652085_중학교,details/detail_part_008.parquet
J10_7652086_중학교,details/detail_part_008.parquet
J10_7652087_초등학교,details/detail_part_008.parquet
J10_7652089_초등학교,details/detail_part_008.parquet
J10_7652090_초등학교,details/detail_part_008.parquet
J10_7652092_중학교,details/detail_part_008.parquet
J10_7652093_초등학교,details/detail_part_008.parquet
J10_7652094_중학교,details/detail_part_008.parquet
J10_7652095_초등학교,details/detail_part_008.parquet
J10_7652096_초등학교,details/detail_part_008.parquet
J10_7652097_중학교,details/detail_part_008.parquet
J10_7652098_중학교,details/detail_part_008.parquet
J10_7652099_초등학교,details/detail_part_008.parquet
J10_7652101_중학교,details/detail_part_008.parquet
J10_7652102_초등학교,details/detail_part_008.parquet
J10_7652104_초등학교,details/detail_part_008.parquet
J10_7652106_중학교,details/detail_part_008.parquet
J10_7652107_초등학교,details/detail_part_008.parquet
J10_7652109_중학교,details/detail_part_008.parquet
J10_7652110_초등학교,details/detail_part_008.parquet
J10_7652112_초등학교,details/detail_part_008.parquet
J10_7652114_중학교,details/detail_part_008.parquet
J10_7652115_초등학교,details/detail_part_008.parquet
J10_7652117_초등학교,details/detail_part_008.parquet
J10_7652119_초등학교,details/detail_part_008.parquet
J10_7652121_중학교,details/detail_part_008.parquet
J10_7652122_초등학교,details/detail_part_008.parquet
J10_7652124_중학교,details/detail_part_008.parquet
J10_7652125_초등학교,details/detail_part_008.parquet
J10_7652127_초등학교,details/detail_part_008.parquet
J10_7652129_중학교,details/detail_part_008.parquet
J10_7652130_초등학교,details/detail_part_008.parquet
J10_7652132_중학교,details/detail_part_008.parquet
J10_7652133_초등학교,details/detail_part_008.parquet
J10_7652135_중학교,details/detail_part_008.parquet
J10_7652136_초등학교,details/detail_part_008.parquet
J10_7652138_중학교,details/detail_part_008.parquet
J10_7652139_초등학교,details/detail_part_008.parquet
J10_7652141_초등학교,details/detail_part_008.parquet
J10_7652143_초등학교,details/detail_part_008.parquet
J10_7652145_중학교,details/detail_part_008.parquet
J10_7652146_초등학교,details/detail_part_008.parquet
J10_7652148_중학교,details/detail_part_008.parquet
J10_7652149_초등학교,details/detail_part_008.parquet
J10_7652156_중학교,details/detail_part_008.parquet
J10_7652161_초등학교,details/detail_part_008.parquet
J10_7652162_초등학교,details/detail_part_008.parquet
J10_7652163_중학교,details/detail_part_008.parquet
J10_7652164_중학교,details/detail_part_008.parquet
J10_7652166_초등학교,details/detail_part_008.parquet
J10_7652167_초등학교,details/detail_part_008.parquet
J10_7652168_초등학교,details/detail_part_008.parquet
J10_7652169_초등학교,details/detail_part_008.parquet
J10_7652170_중학교,details/detail_part_008.parquet
J10_7652171_중학교,details/detail_part_008.parquet
J10_7652237_초등학교,details/detail_part_008.parquet
J10_7652238_초등학교,details/detail_part_008.parquet
J10_7652239_초등학교,details/detail_part_008.parquet
J10_7652240_초등학교,details/detail_part_008.parquet
J10_7652241_중학교,details/detail_part_008.parquet
J10_7652249_초등학교,details/detail_part_008.parquet
J10_7652250_중학교,details/detail_part_008.parquet
J10_7652261_초등학교,details/detail_part_008.parquet
J10_7652262_초등학교,details/detail_part_008.parquet
J10_7652263_중학교,details/detail_part_008.parquet
J10_7652272_중학교,details/detail_part_008.parquet
J10_7652273_초등학교,details/detail_part_008.parquet
J10_7652274_초등학교,details/detail_part_008.parquet
J10_7652275_초등학교,details/detail_part_008.parquet
J10_7652287_중학교,details/detail_part_008.parquet
J10_7652288_초등학교,details/detail_part_008.parquet
J10_7652291_중학교,details/detail_part_008.parquet
J10_7652294_초등학교,details/detail_part_008.parquet
J10_7652298_중학교,details/detail_part_008.parquet
J10_7652300_초등학교,details/detail_part_008.parquet
J10_7652304_초등학교,details/detail_part_008.parquet
J10_7652305_초등학교,details/detail_part_008.parquet
J10_7652309_중학교,details/detail_part_008.parquet
J10_7652311_초등학교,details/detail_part_008.parquet
J10_7652318_초등학교,details/detail_part_008.parquet
J10_7652319_중학교,details/detail_part_008.parquet
J10_7652324_초등학교,details/detail_part_008.parquet
J10_7652326_초등학교,details/detail_part_008.parquet
J10_7652343_중학교,details/detail_part_008.parquet
J10_7652350_중학교,details/detail_part_008.parquet
J10_7661004_중학교,details/detail_part_008.parquet
J10_7661005_중학교,details/detail_part_008.parquet
J10_7661006_중학교,details/detail_part_008.parquet
J10_7661007_중학교,details/detail_part_008.parquet
J10_7661008_중학교,details/detail_part_008.parquet
J10_7661009_중학교,details/detail_part_008.parquet
J10_7661010_중학교,details/detail_part_008.parquet
J10_7661011_중학교,details/detail_part_008.parquet
J10_7661012_중학교,details/detail_part_008.parquet
J10_7661013_중학교,details/detail_part_008.parquet
J10_7661014_중학교,details/detail_part_008.parquet
J10_7661015_중학교,details/detail_part_008.parquet
J10_7661016_초등학교,details/detail_part_008.parquet
J10_7661017_초등학교,details/detail_part_008.parquet
J10_7661018_초등학교,details/detail_part_008.parquet
J10_7661019_초등학교,details/detail_part_008.parquet
J10_7661020_초등학교,details/detail_part_008.parquet
J10_7661021_초등학교,details/detail_part_008.parquet
J10_7661022_초등학교,details/detail_part_008.parquet
J10_7661023_초등학교,details/detail_part_008.parquet
J10_7661024_초등학교,details/detail_part_008.parquet
J10_7661025_초등학교,details/detail_part_008.parquet
J10_7661026_초등학교,details/detail_part_008.parquet
J10_7661027_초등학교,details/detail_part_008.parquet
J10_7661028_초등학교,details/detail_part_008.parquet
J10_7661029_초등학교,details/detail_part_008.parquet
J10_7661030_초등학교,details/detail_part_008.parquet
J10_7661031_초등학교,details/detail_part_008.parquet
J10_7661032_초등학교,details/detail_part_008.parquet
J10_7661033_초등학교,details/detail_part_008.parquet
J10_7661034_초등학교,details/detail_part_008.parquet
J10_7661035_초등학교,details/detail_part_008.parquet
J10_7661036_초등학교,details/detail_part_008.parquet
J10_7661037_초등학교,details/detail_part_008.parquet
J10_7661038_초등학교,details/detail_part_008.parquet
J10_7661039_초등학교,details/detail_part_008.parquet
J10_7661042_초등학교,details/detail_part_008.parquet
J10_7661072_중학교,details/detail_part_008.parquet
J10_7661094_중학교,details/detail_part_008.parquet
J10_7679009_초등학교,details/detail_part_008.parquet
J10_7679010_초등학교,details/detail_part_008.parquet
J10_7679011_초등학교,details/detail_part_008.parquet
J10_7679012_초등학교,details/detail_part_008.parquet
J10_7679013_초등학교,details/detail_part_008.parquet
J10_7679014_초등학교,details/detail_part_008.parquet
J10_7679015_초등학교,details/detail_part_008.parquet
J10_7679016_초등학교,details/detail_part_008.parquet
J10_7679017_초등학교,details/detail_part_008.parquet
J10_7679018_초등학교,details/detail_part_008.parquet
J10_7679019_초등학교,details/detail_part_008.parquet
J10_7679020_초등학교,details/detail_part_008.parquet
J10_7679021_초등학교,details/detail_part_008.parquet
J10_7679022_초등학교,details/detail_part_008.parquet
J10_7679023_초등학교,details/detail_part_008.parquet
J10_7679024_초등학교,details/detail_part_008.parquet
J10_7679025_초등학교,details/detail_part_008.parquet
J10_7679026_초등학교,details/detail_part_008.parquet
J10_7679027_초등학교,details/detail_part_008.parquet
J10_7679028_초등학교,details/detail_part_008.parquet
J10_7679029_초등학교,details/detail_part_008.parquet
J10_7679030_초등학교,details/detail_part_008.parquet
J10_7679031_초등학교,details/detail_part_008.parquet
J10_7679032_초등학교,details/detail_part_008.parquet
J10_7679033_초등학교,details/detail_part_008.parquet
J10_7679034_초등학교,details/detail_part_008.parquet
J10_7679035_초등학교,details/detail_part_008.parquet
J10_7679036_초등학교,details/detail_part_008.parquet
J10_7679037_초등학교,details/detail_part_008.parquet
J10_7679038_초등학교,details/detail_part_008.parquet
J10_7679039_초등학교,details/detail_part_008.parquet
J10_7679040_초등학교,details/detail_part_008.parquet
J10_7679041_초등학교,details/detail_part_008.parquet
J10_7679042_초등학교,details/detail_part_008.parquet
J10_7679043_초등학교,details/detail_part_008.parquet
J10_7679044_초등학교,details/detail_part_008.parquet
J10_7679045_초등학교,details/detail_part_008.parquet
J10_7679046_초등학교,details/detail_part_008.parquet
J10_7679047_초등학교,details/detail_part_008.parquet
J10_7679048_초등학교,details/detail_part_008.parquet
J10_7679049_초등학교,details/detail_part_008.parquet
J10_7679050_초등학교,details/detail_part_008.parquet
J10_7679051_초등학교,details/detail_part_008.parquet
J10_7679052_초등학교,details/detail_part_008.parquet
J10_7679053_초등학교,details/detail_part_008.parquet
J10_7679054_초등학교,details/detail_part_008.parquet
J10_7679055_초등학교,details/detail_part_008.parquet
J10_7679056_초등학교,details/detail_part_008.parquet
J10_7679057_초등학교,details/detail_part_008.parquet
J10_7679058_초등학교,details/detail_part_008.parquet
J10_7679059_초등학교,details/detail_part_008.parquet
J10_7679060_초등학교,details/detail_part_008.parquet
J10_7679061_초등학교,details/detail_part_008.parquet
J10_7679062_초등학교,details/detail_part_008.parquet
J10_7679063_초등학교,details/detail_part_008.parquet
J10_7679064_초등학교,details/detail_part_008.parquet
J10_7679065_초등학교,details/detail_part_008.parquet
J10_7679066_초등학교,details/detail_part_008.parquet
J10_7679067_초등학교,details/detail_part_008.parquet
J10_7679068_초등학교,details/detail_part_008.parquet
J10_7679069_초등학교,details/detail_part_008.parquet
J10_7679070_초등학교,details/detail_part_008.parquet
J10_7679071_초등학교,details/detail_part_008.parquet
J10_7679072_초등학교,details/detail_part_008.parquet
J10_7679073_초등학교,details/detail_part_008.parquet
J10_7679074_초등학교,details/detail_part_008.parquet
J10_7679075_초등학교,details/detail_part_008.parquet
J10_7679076_초등학교,details/detail_part_008.parquet
J10_7679077_초등학교,details/detail_part_008.parquet
J10_7679078_초등학교,details/detail_part_008.parquet
J10_7679079_초등학교,details/detail_part_008.parquet
J10_7679080_초등학교,details/detail_part_008.parquet
J10_7679081_초등학교,details/detail_part_008.parquet
J10_7679082_초등학교,details/detail_part_008.parquet
J10_7679083_초등학교,details/detail_part_008.parquet
J10_7679084_초등학교,details/detail_part_008.parquet
J10_7679085_초등학교,details/detail_part_008.parquet
J10_7679086_초등학교,details/detail_part_008.parquet
J10_7679087_초등학교,details/detail_part_008.parquet
J10_7679088_초등학교,details/detail_part_008.parquet
J10_7679089_초등학교,details/detail_part_008.parquet
J10_7679090_초등학교,details/detail_part_008.parquet
J10_7679091_초등학교,details/detail_part_008.parquet
J10_7679092_초등학교,details/detail_part_008.parquet
J10_7679096_초등학교,details/detail_part_008.parquet
J10_7679097_초등학교,details/detail_part_008.parquet
J10_7679099_초등학교,details/detail_part_008.parquet
J10_7679100_중학교,details/detail_part_009.parquet
J10_7679101_중학교,details/detail_part_009.parquet
J10_7679102_중학교,details/detail_part_009.parquet
J10_7679103_중학교,details/detail_part_009.parquet
J10_7679104_중학교,details/detail_part_009.parquet
J10_7679105_중학교,details/detail_part_009.parquet
J10_7679106_중학교,details/detail_part_009.parquet
J10_7679107_중학교,details/detail_part_009.parquet
J10_7679108_중학교,details/detail_part_009.parquet
J10_7679109_중학교,details/detail_part_009.parquet
J10_7679110_중학교,details/detail_part_009.parquet
J10_7679111_중학교,details/detail_part_009.parquet
J10_7679112_중학교,details/detail_part_009.parquet
J10_7679113_중학교,details/detail_part_009.parquet
J10_7679114_중학교,details/detail_part_009.parquet
J10_7679115_중학교,details/detail_part_009.parquet
J10_7679116_중학교,details/detail_part_009.parquet
J10_7679117_중학교,details/detail_part_009.parquet
J10_7679118_중학교,details/detail_part_009.parquet
J10_7679119_중학교,details/detail_part_009.parquet
J10_7679120_중학교,details/detail_part_009.parquet
J10_7679121_중학교,details/detail_part_009.parquet
J10_7679122_중학교,details/detail_part_009.parquet
J10_7679123_중학교,details/detail_part_009.parquet
J10_7679124_중학교,details/detail_part_009.parquet
J10_7679125_중학교,details/detail_part_009.parquet
J10_7679126_중학교,details/detail_part_009.parquet
J10_7679127_중학교,details/detail_part_009.parquet
J10_7679128_중학교,details/detail_part_009.parquet
J10_7679129_중학교,details/detail_part_009.parquet
J10_7679130_중학교,details/detail_part_009.parquet
J10_7679131_중학교,details/detail_part_009.parquet
J10_7679132_중학교,details/detail_part_009.parquet
J10_7679133_중학교,details/detail_part_009.parquet
J10_7679134_중학교,details/detail_part_009.parquet
J10_7679220_중학교,details/detail_part_009.parquet
J10_7679280_초등학교,details/detail_part_009.parquet
J10_7679281_초등학교,details/detail_part_009.parquet
J10_7679282_초등학교,details/detail_part_009.parquet
J10_7679283_초등학교,details/detail_part_009.parquet
J10_7679284_중학교,details/detail_part_009.parquet
J10_7679285_중학교,details/detail_part_009.parquet
J10_7679295_중학교,details/detail_part_009.parquet
J10_7679304_초등학교,details/detail_part_009.parquet
J10_7679321_초등학교,details/detail_part_009.parquet
J10_7679328_중학교,details/detail_part_009.parquet
J10_7679329_중학교,details/detail_part_009.parquet
J10_7679330_중학교,details/detail_part_009.parquet
J10_7679331_중학교,details/detail_part_009.parquet
J10_7679332_초등학교,details/detail_part_009.parquet
J10_7679333_초등학교,details/detail_part_009.parquet
J10_7679334_초등학교,details/detail_part_009.parquet
J10_7679335_초등학교,details/detail_part_009.parquet
J10_7679336_초등학교,details/detail_part_009.parquet
J10_7679337_초등학교,details/detail_part_009.parquet
J10_7679338_초등학교,details/detail_part_009.parquet
J10_7679339_초등학교,details/detail_part_009.parquet
J10_7679341_초등학교,details/detail_part_009.parquet
J10_7679365_중학교,details/detail_part_009.parquet
J10_7679366_초등학교,details/detail_part_009.parquet
J10_7679367_초등학교,details/detail_part_009.parquet
J10_7679368_초등학교,details/detail_part_009.parquet
J10_7679369_초등학교,details/detail_part_009.parquet
J10_7679378_초등학교,details/detail_part_009.parquet
J10_7679380_초등학교,details/detail_part_009.parquet
J10_7679386_초등학교,details/detail_part_009.parquet
J10_7679387_초등학교,details/detail_part_009.parquet
J10_7679395_초등학교,details/detail_part_009.parquet
J10_7679396_초등학교,details/detail_part_009.parquet
J10_7679397_초등학교,details/detail_part_009.parquet
J10_7679398_초등학교,details/detail_part_009.parquet
J10_7679399_중학교,details/detail_part_009.parquet
J10_7679400_중학교,details/detail_part_009.parquet
J10_7679401_중학교,details/detail_part_009.parquet
J10_7679405_초등학교,details/detail_part_009.parquet
J10_7679409_중학교,details/detail_part_009.parquet
J10_7679419_초등학교,details/detail_part_009.parquet
J10_7679420_초등학교,details/detail_part_009.parquet
J10_7679421_초등학교,details/detail_part_009.parquet
J10_7679422_중학교,details/detail_part_009.parquet
J10_7679423_중학교,details/detail_part_009.parquet
J10_7679430_초등학교,details/detail_part_009.parquet
J10_7679434_초등학교,details/detail_part_009.parquet
J10_7679440_초등학교,details/detail_part_009.parquet
J10_7679441_초등학교,details/detail_part_009.parquet
J10_7679442_중학교,details/detail_part_009.parquet
J10_7679453_초등학교,details/detail_part_009.parquet
J10_7679464_초등학교,details/detail_part_009.parquet
J10_7679465_초등학교,details/detail_part_009.parquet
J10_7679466_초등학교,details/detail_part_009.parquet
J10_7679467_초등학교,details/detail_part_009.parquet
J10_7679468_초등학교,details/detail_part_009.parquet
J10_7679469_중학교,details/detail_part_009.parquet
J10_7679488_중학교,details/detail_part_009.parquet
J10_7679489_중학교,details/detail_part_009.parquet
J10_7679492_초등학교,details/detail_part_009.parquet
J10_7679498_초등학교,details/detail_part_009.parquet
J10_7679508_초등학교,details/detail_part_009.parquet
J10_7679512_초등학교,details/detail_part_009.parquet
J10_7679515_중학교,details/detail_part_009.parquet
J10_7679516_초등학교,details/detail_part_009.parquet
J10_7679518_중학교,details/detail_part_009.parquet
J10_7679519_중학교,details/detail_part_009.parquet
J10_7679520_중학교,details/detail_part_009.parquet
J10_7679521_중학교,details/detail_part_009.parquet
J10_7679527_초등학교,details/detail_part_009.parquet
J10_7679529_초등학교,details/detail_part_009.parquet
J10_7679531_초등학교,details/detail_part_009.parquet
J10_7681003_중학교,details/detail_part_009.parquet
J10_7681004_중학교,details/detail_part_009.parquet
J10_7681005_중학교,details/detail_part_009.parquet
J10_7681006_중학교,details/detail_part_009.parquet
J10_7681007_중학교,details/detail_part_009.parquet
J10_7681008_중학교,details/detail_part_009.parquet
J10_7681009_중학교,details/detail_part_009.parquet
J10_7681010_중학교,details/detail_part_009.parquet
J10_7681011_중학교,details/detail_part_009.parquet
J10_7681012_중학교,details/detail_part_009.parquet
J10_7681013_중학교,details/detail_part_009.parquet
J10_7681014_중학교,details/detail_part_009.parquet
J10_7681015_중학교,details/detail_part_009.parquet
J10_7681016_중학교,details/detail_part_009.parquet
J10_7681017_중학교,details/detail_part_009.parquet
J10_7681018_초등학교,details/detail_part_009.parquet
J10_7681019_초등학교,details/detail_part_009.parquet
J10_7681020_초등학교,details/detail_part_009.parquet
J10_7681021_초등학교,details/detail_part_009.parquet
J10_7681022_초등학교,details/detail_part_009.parquet
J10_7681023_초등학교,details/detail_part_009.parquet
J10_7681024_초등학교,details/detail_part_009.parquet
J10_7681025_초등학교,details/detail_part_009.parquet
J10_7681026_초등학교,details/detail_part_009.parquet
J10_7681027_초등학교,details/detail_part_009.parquet
J10_7681028_초등학교,details/detail_part_009.parquet
J10_7681029_초등학교,details/detail_part_009.parquet
J10_7681030_초등학교,details/detail_part_009.parquet
J10_7681031_초등학교,details/detail_part_009.parquet
J10_7681032_초등학교,details/detail_part_009.parquet
J10_7681033_초등학교,details/detail_part_009.parquet
J10_7681034_초등학교,details/detail_part_009.parquet
J10_7681035_초등학교,details/detail_part_009.parquet
J10_7681036_초등학교,details/detail_part_009.parquet
J10_7681037_초등학교,details/detail_part_009.parquet
J10_7681038_초등학교,details/detail_part_009.parquet
J10_7681040_초등학교,details/detail_part_009.parquet
J10_7681041_초등학교,details/detail_part_009.parquet
J10_7681042_초등학교,details/detail_part_009.parquet
J10_7681043_초등학교,details/detail_part_009.parquet
J10_7681044_초등학교,details/detail_part_009.parquet
J10_7681045_초등학교,details/detail_part_009.parquet
J10_7681046_초등학교,details/detail_part_009.parquet
J10_7681047_초등학교,details/detail_part_009.parquet
J10_7681048_초등학교,details/detail_part_009.parquet
J10_7681049_초등학교,details/detail_part_009.parquet
J10_7681050_초등학교,details/detail_part_009.parquet
J10_7681051_초등학교,details/detail_part_009.parquet
J10_7681052_초등학교,details/detail_part_009.parquet
J10_7681053_초등학교,details/detail_part_009.parquet
J10_7681054_초등학교,details/detail_part_009.parquet
J10_7681055_초등학교,details/detail_part_009.parquet
J10_7681056_초등학교,details/detail_part_009.parquet
J10_7681057_초등학교,details/detail_part_009.parquet
J10_7681058_초등학교,details/detail_part_009.parquet
J10_7681059_초등학교,details/detail_part_009.parquet
J10_7681060_초등학교,details/detail_part_009.parquet
J10_7681061_초등학교,details/detail_part_009.parquet
J10_7681062_초등학교,details/detail_part_009.parquet
J10_7681063_초등학교,details/detail_part_009.parquet
J10_7681064_초등학교,details/detail_part_009.parquet
J10_7681106_초등학교,details/detail_part_009.parquet
J10_7681107_초등학교,details/detail_part_009.parquet
J10_7681108_초등학교,details/detail_part_009.parquet
J10_7681109_중학교,details/detail_part_009.parquet
J10_7681110_중학교,details/detail_part_009.parquet
J10_7681113_중학교,details/detail_part_009.parquet
J10_7681123_중학교,details/detail_part_009.parquet
J10_7681125_중학교,details/detail_part_009.parquet
J10_7681147_초등학교,details/detail_part_009.parquet
J10_7681148_초등학교,details/detail_part_009.parquet
J10_7681149_초등학교,details/detail_part_009.parquet
J10_7681150_초등학교,details/detail_part_009.parquet
J10_7681151_중학교,details/detail_part_009.parquet
J10_7681152_중학교,details/detail_part_009.parquet
J10_7681161_초등학교,details/detail_part_009.parquet
J10_7681162_초등학교,details/detail_part_009.parquet
J10_7681164_중학교,details/detail_part_009.parquet
J10_7681165_중학교,details/detail_part_009.parquet
J10_7681178_초등학교,details/detail_part_009.parquet
J10_7681189_중학교,details/detail_part_009.parquet
J10_7681194_초등학교,details/detail_part_009.parquet
J10_7681201_초등학교,details/detail_part_009.parquet
J10_7681202_중학교,details/detail_part_009.parquet
J10_7681204_중학교,details/detail_part_009.parquet
J10_7681205_초등학교,details/detail_part_009.parquet
J10_7681213_초등학교,details/detail_part_009.parquet
J10_7681214_중학교,details/detail_part_009.parquet
J10_7681216_중학교,details/detail_part_009.parquet
J10_7681228_초등학교,details/detail_part_009.parquet
J10_7681229_초등학교,details/detail_part_009.parquet
J10_7681234_초등학교,details/detail_part_009.parquet
J10_7692003_초등학교,details/detail_part_009.parquet
J10_7692005_초등학교,details/detail_part_009.parquet
J10_7692006_초등학교,details/detail_part_009.parquet
J10_7692007_초등학교,details/detail_part_009.parquet
J10_7692008_초등학교,details/detail_part_009.parquet
J10_7692009_초등학교,details/detail_part_009.parquet
J10_7692010_초등학교,details/detail_part_009.parquet
J10_7692011_초등학교,details/detail_part_009.parquet
J10_7692012_초등학교,details/detail_part_009.parquet
J10_7692013_초등학교,details/detail_part_009.parquet
J10_7692014_초등학교,details/detail_part_009.parquet
J10_7692015_초등학교,details/detail_part_009.parquet
J10_7692016_초등학교,details/detail_part_009.parquet
J10_7692017_초등학교,details/detail_part_009.parquet
J10_7692018_초등학교,details/detail_part_009.parquet
J10_7692019_초등학교,details/detail_part_009.parquet
J10_7692020_초등학교,details/detail_part_009.parquet
J10_7692021_초등학교,details/detail_part_009.parquet
J10_7692022_초등학교,details/detail_part_009.parquet
J10_7692023_초등학교,details/detail_part_009.parquet
J10_7692024_초등학교,details/detail_part_009.parquet
J10_7692025_초등학교,details/detail_part_009.parquet
J10_7692026_초등학교,details/detail_part_009.parquet
J10_7692027_초등학교,details/detail_part_009.parquet
J10_7692028_초등학교,details/detail_part_009.parquet
J10_7692029_초등학교,details/detail_part_009.parquet
J10_7692030_초등학교,details/detail_part_009.parquet
J10_7692031_초등학교,details/detail_part_009.parquet
J10_7692032_초등학교,details/detail_part_009.parquet
J10_7692033_초등학교,details/detail_part_009.parquet
J10_7692034_초등학교,details/detail_part_009.parquet
J10_7692035_초등학교,details/detail_part_009.parquet
J10_7692036_초등학교,details/detail_part_009.parquet
J10_7692037_초등학교,details/detail_part_009.parquet
J10_7692038_중학교,details/detail_part_009.parquet
J10_7692039_중학교,details/detail_part_009.parquet
J10_7692040_중학교,details/detail_part_009.parquet
J10_7692041_중학교,details/detail_part_009.parquet
J10_7692042_중학교,details/detail_part_009.parquet
J10_7692043_중학교,details/detail_part_009.parquet
J10_7692044_중학교,details/detail_part_009.parquet
J10_7692045_중학교,details/detail_part_009.parquet
J10_7692046_중학교,details/detail_part_009.parquet
J10_7692047_중학교,details/detail_part_009.parquet
J10_7692048_중학교,details/detail_part_009.parquet
J10_7692082_중학교,details/detail_part_009.parquet
J10_7692084_중학교,details/detail_part_009.parquet
J10_7692085_초등학교,details/detail_part_009.parquet
J10_7692088_중학교,details/detail_part_009.parquet
J10_7692113_초등학교,details/detail_part_009.parquet
J10_7692115_초등학교,details/detail_part_009.parquet
J10_7692119_중학교,details/detail_part_009.parquet
J10_7692122_초등학교,details/detail_part_009.parquet
J10_7692123_초등학교,details/detail_part_009.parquet
J10_7692124_중학교,details/detail_part_009.parquet
J10_7692127_초등학교,details/detail_part_009.parquet
J10_7692128_초등학교,details/detail_part_009.parquet
J10_7692129_중학교,details/detail_part_009.parquet
J10_7692130_중학교,details/detail_part_009.parquet
J10_7692131_중학교,details/detail_part_009.parquet
J10_7692151_중학교,details/detail_part_009.parquet
J10_7692152_중학교,details/detail_part_009.parquet
J10_7692153_초등학교,details/detail_part_009.parquet
J10_7692154_초등학교,details/detail_part_009.parquet
J10_7692155_초등학교,details/detail_part_009.parquet
J10_7692156_초등학교,details/detail_part_009.parquet
J10_7692162_중학교,details/detail_part_009.parquet
J10_7692165_초등학교,details/detail_part_009.parquet
J10_7692181_초등학교,details/detail_part_009.parquet
J10_7692182_초등학교,details/detail_part_009.parquet
J10_7692183_중학교,details/detail_part_009.parquet
J10_7692188_초등학교,details/detail_part_009.parquet
J10_7692192_초등학교,details/detail_part_009.parquet
J10_7692194_초등학교,details/detail_part_009.parquet
J10_7692196_초등학교,details/detail_part_009.parquet
J10_7692198_초등학교,details/detail_part_009.parquet
J10_7692200_초등학교,details/detail_part_009.parquet
J10_7692219_초등학교,details/detail_part_009.parquet
J10_7692222_초등학교,details/detail_part_009.parquet
J10_7692223_중학교,details/detail_part_009.parquet
J10_7692224_중학교,details/detail_part_009.parquet
J10_7692226_초등학교,details/detail_part_009.parquet
J10_7692230_초등학교,details/detail_part_009.parquet
J10_7701004_중학교,details/detail_part_009.parquet
J10_7701005_중학교,details/detail_part_009.parquet
J10_7701006_중학교,details/detail_part_009.parquet
J10_7701007_중학교,details/detail_part_009.parquet
J10_7701008_중학교,details/detail_part_009.parquet
J10_7701009_중학교,details/detail_part_009.parquet
J10_7701010_초등학교,details/detail_part_009.parquet
J10_7701011_초등학교,details/detail_part_009.parquet
J10_7701012_초등학교,details/detail_part_009.parquet
J10_7701013_초등학교,details/detail_part_009.parquet
J10_7701014_초등학교,details/detail_part_009.parquet
J10_7701015_초등학교,details/detail_part_009.parquet
J10_7701016_초등학교,details/detail_part_009.parquet
J10_7701017_초등학교,details/detail_part_009.parquet
J10_7701018_초등학교,details/detail_part_009.parquet
J10_7701019_초등학교,details/detail_part_009.parquet
J10_7701020_초등학교,details/detail_part_009.parquet
J10_7701021_초등학교,details/detail_part_009.parquet
J10_7701022_초등학교,details/detail_part_009.parquet
J10_7711004_중학교,details/detail_part_009.parquet
J10_7711005_중학교,details/detail_part_009.parquet
J10_7711006_중학교,details/detail_part_009.parquet
J10_7711007_중학교,details/detail_part_009.parquet
J10_7711008_중학교,details/detail_part_009.parquet
J10_7711009_중학교,details/detail_part_009.parquet
J10_7711010_중학교,details/detail_part_009.parquet
J10_7711011_중학교,details/detail_part_009.parquet
J10_7711012_중학교,details/detail_part_009.parquet
J10_7711013_중학교,details/detail_part_009.parquet
J10_7711014_중학교,details/detail_part_009.parquet
J10_7711015_중학교,details/detail_part_009.parquet
J10_7711016_중학교,details/detail_part_009.parquet
J10_7711017_초등학교,details/detail_part_009.parquet
J10_7711018_초등학교,details/detail_part_009.parquet
J10_7711019_초등학교,details/detail_part_009.parquet
J10_7711021_초등학교,details/detail_part_009.parquet
J10_7711022_초등학교,details/detail_part_009.parquet
J10_7711024_초등학교,details/detail_part_009.parquet
J10_7711025_초등학교,details/detail_part_009.parquet
J10_7711026_초등학교,details/detail_part_009.parquet
J10_7711027_초등학교,details/detail_part_009.parquet
J10_7711030_초등학교,details/detail_part_009.parquet
J10_7711031_초등학교,details/detail_part_009.parquet
J10_7711032_초등학교,details/detail_part_009.parquet
J10_7711033_초등학교,details/detail_part_009.parquet
J10_7711034_초등학교,details/detail_part_009.parquet
J10_7711035_초등학교,details/detail_part_009.parquet
J10_7711036_초등학교,details/detail_part_009.parquet
J10_7711037_초등학교,details/detail_part_009.parquet
J10_7711039_초등학교,details/detail_part_009.parquet
J10_7711040_초등학교,details/detail_part_009.parquet
J10_7711041_초등학교,details/detail_part_009.parquet
J10_7711042_초등학교,details/detail_part_009.parquet
J10_7711043_초등학교,details/detail_part_009.parquet
J10_7711044_초등학교,details/detail_part_009.parquet
J10_7711045_초등학교,details/detail_part_009.parquet
J10_7711046_초등학교,details/detail_part_009.parquet
J10_7711047_초등학교,details/detail_part_009.parquet
J10_7711079_초등학교,details/detail_part_009.parquet
J10_7711080_중학교,details/detail_part_009.parquet
J10_7711103_초등학교,details/detail_part_009.parquet
J10_7721004_중학교,details/detail_part_009.parquet
J10_7721005_중학교,details/detail_part_009.parquet
J10_7721006_중학교,details/detail_part_009.parquet
J10_7721007_중학교,details/detail_part_009.parquet
J10_7721008_중학교,details/detail_part_009.parquet
J10_7721009_초등학교,details/detail_part_009.parquet
J10_7721010_초등학교,details/detail_part_009.parquet
J10_7721011_초등학교,details/detail_part_009.parquet
J10_7721012_초등학교,details/detail_part_009.parquet
J10_7721013_초등학교,details/detail_part_009.parquet
J10_7721014_초등학교,details/detail_part_009.parquet
J10_7721015_초등학교,details/detail_part_009.parquet
J10_7721016_초등학교,details/detail_part_009.parquet
J10_7721017_초등학교,details/detail_part_009.parquet
J10_7721018_초등학교,details/detail_part_009.parquet
J10_7721019_초등학교,details/detail_part_009.parquet
J10_7721020_초등학교,details/detail_part_009.parquet
J10_7721021_초등학교,details/detail_part_009.parquet
J10_7721022_초등학교,details/detail_part_009.parquet
J10_7721023_초등학교,details/detail_part_009.parquet
J10_7721024_초등학교,details/detail_part_009.parquet
J10_7721038_중학교,details/detail_part_009.parquet
J10_7731004_중학교,details/detail_part_009.parquet
J10_7731005_중학교,details/detail_part_009.parquet
J10_7731006_중학교,details/detail_part_009.parquet
J10_7731007_중학교,details/detail_part_009.parquet
J10_7731008_중학교,details/detail_part_009.parquet
J10_7731009_중학교,details/detail_part_009.parquet
J10_7731010_중학교,details/detail_part_009.parquet
J10_7731011_중학교,details/detail_part_009.parquet
J10_7731012_중학교,details/detail_part_009.parquet
J10_7731013_중학교,details/detail_part_009.parquet
J10_7731014_중학교,details/detail_part_009.parquet
J10_7731015_중학교,details/detail_part_009.parquet
J10_7731016_초등학교,details/detail_part_009.parquet
J10_7731017_초등학교,details/detail_part_009.parquet
J10_7731018_초등학교,details/detail_part_009.parquet
J10_7731019_초등학교,details/detail_part_009.parquet
J10_7731020_초등학교,details/detail_part_009.parquet
J10_7731021_초등학교,details/detail_part_009.parquet
J10_7731022_초등학교,details/detail_part_009.parquet
J10_7731023_초등학교,details/detail_part_009.parquet
J10_7731024_초등학교,details/detail_part_009.parquet
J10_7731025_초등학교,details/detail_part_009.parquet
J10_7731027_초등학교,details/detail_part_009.parquet
J10_7731028_초등학교,details/detail_part_009.parquet
J10_7731029_초등학교,details/detail_part_009.parquet
J10_7731030_초등학교,details/detail_part_009.parquet
J10_7731031_초등학교,details/detail_part_009.parquet
J10_7731032_초등학교,details/detail_part_009.parquet
J10_7731033_초등학교,details/detail_part_009.parquet
J10_7731034_초등학교,details/detail_part_009.parquet
J10_7731035_초등학교,details/detail_part_009.parquet
J10_7731036_초등학교,details/detail_part_009.parquet
J10_7731038_초등학교,details/detail_part_009.parquet
J10_7731063_초등학교,details/detail_part_009.parquet
J10_7731075_초등학교,details/detail_part_009.parquet
J10_7741003_중학교,details/detail_part_009.parquet
J10_7741004_중학교,details/detail_part_009.parquet
J10_7741005_중학교,details/detail_part_009.parquet
J10_7741006_중학교,details/detail_part_009.parquet
J10_7741007_중학교,details/detail_part_009.parquet
J10_7741008_중학교,details/detail_part_009.parquet
J10_7741009_중학교,details/detail_part_009.parquet
J10_7741010_중학교,details/detail_part_009.parquet
J10_7741011_중학교,details/detail_part_009.parquet
J10_7741012_중학교,details/detail_part_009.parquet
J10_7741013_중학교,details/detail_part_009.parquet
J10_7741014_중학교,details/detail_part_009.parquet
J10_7741015_초등학교,details/detail_part_009.parquet
J10_7741016_초등학교,details/detail_part_009.parquet
J10_7741017_초등학교,details/detail_part_009.parquet
J10_7741018_초등학교,details/detail_part_009.parquet
J10_7741019_초등학교,details/detail_part_009.parquet
J10_7741020_초등학교,details/detail_part_009.parquet
J10_7741021_초등학교,details/detail_part_009.parquet
J10_7741022_초등학교,details/detail_part_009.parquet
J10_7741023_초등학교,details/detail_part_009.parquet
J10_7741025_초등학교,details/detail_part_009.parquet
J10_7741026_초등학교,details/detail_part_009.parquet
J10_7741027_초등학교,details/detail_part_009.parquet
J10_7741028_초등학교,details/detail_part_009.parquet
J10_7741029_초등학교,details/detail_part_009.parquet
J10_7741030_초등학교,details/detail_part_009.parquet
J10_7741031_초등학교,details/detail_part_009.parquet
J10_7741032_초등학교,details/detail_part_009.parquet
J10_7741033_초등학교,details/detail_part_009.parquet
J10_7741034_초등학교,details/detail_part_009.parquet
J10_7741035_초등학교,details/detail_part_009.parquet
J10_7741036_초등학교,details/detail_part_009.parquet
J10_7741037_초등학교,details/detail_part_009.parquet
J10_7741038_초등학교,details/detail_part_009.parquet
J10_7741039_초등학교,details/detail_part_009.parquet
J10_7741040_초등학교,details/detail_part_009.parquet
J10_7741041_초등학교,details/detail_part_009.parquet
J10_7741042_초등학교,details/detail_part_009.parquet
J10_7741044_초등학교,details/detail_part_009.parquet
J10_7741045_초등학교,details/detail_part_009.parquet
J10_7741046_초등학교,details/detail_part_009.parquet
J10_7741080_중학교,details/detail_part_009.parquet
J10_7741082_중학교,details/detail_part_009.parquet
J10_7741101_초등학교,details/detail_part_009.parquet
J10_7741102_중학교,details/detail_part_009.parquet
J10_7751010_중학교,details/detail_part_009.parquet
J10_7751011_중학교,details/detail_part_009.parquet
J10_7751012_중학교,details/detail_part_009.parquet
J10_7751013_중학교,details/detail_part_009.parquet
J10_7751014_중학교,details/detail_part_009.parquet
J10_7751015_중학교,details/detail_part_009.parquet
J10_7751016_중학교,details/detail_part_009.parquet
J10_7751017_중학교,details/detail_part_009.parquet
J10_7751018_중학교,details/detail_part_009.parquet
J10_7751019_중학교,details/detail_part_009.parquet
J10_7751021_중학교,details/detail_part_009.parquet
J10_7751022_중학교,details/detail_part_009.parquet
J10_7751023_중학교,details/detail_part_009.parquet
J10_7751024_중학교,details/detail_part_009.parquet
J10_7751025_중학교,details/detail_part_009.parquet
J10_7751026_중학교,details/detail_part_009.parquet
J10_7751027_중학교,details/detail_part_009.parquet
J10_7751028_중학교,details/detail_part_009.parquet
J10_7751029_중학교,details/detail_part_009.parquet
J10_7751030_중학교,details/detail_part_009.parquet
J10_7751031_중학교,details/detail_part_009.parquet
J10_7751032_중학교,details/detail_part_009.parquet
J10_7751033_중학교,details/detail_part_009.parquet
J10_7751034_중학교,details/detail_part_009.parquet
J10_7751035_중학교,details/detail_part_009.parquet
J10_7751036_중학교,details/detail_part_009.parquet
J10_7751037_중학교,details/detail_part_009.parquet
J10_7751038_중학교,details/detail_part_009.parquet
J10_7751039_중학교,details/detail_part_009.parquet
J10_7751040_중학교,details/detail_part_009.parquet
J10_7751041_중학교,details/detail_part_009.parquet
J10_7751042_중학교,details/detail_part_009.parquet
J10_7751043_중학교,details/detail_part_009.parquet
J10_7751044_중학교,details/detail_part_009.parquet
J10_7751045_초등학교,details/detail_part_009.parquet
J10_7751046_초등학교,details/detail_part_009.parquet
J10_7751047_초등학교,details/detail_part_009.parquet
J10_7751048_초등학교,details/detail_part_009.parquet
J10_7751049_초등학교,details/detail_part_009.parquet
J10_7751050_초등학교,details/detail_part_009.parquet
J10_7751051_초등학교,details/detail_part_009.parquet
J10_7751052_초등학교,details/detail_part_009.parquet
J10_7751053_초등학교,details/detail_part_009.parquet
J10_7751054_초등학교,details/detail_part_009.parquet
J10_7751055_초등학교,details/detail_part_009.parquet
J10_7751056_초등학교,details/detail_part_009.parquet
J10_7751057_초등학교,details/detail_part_009.parquet
J10_7751058_초등학교,details/detail_part_009.parquet
J10_7751059_초등학교,details/detail_part_009.parquet
J10_7751060_초등학교,details/detail_part_009.parquet
J10_7751061_초등학교,details/detail_part_009.parquet
J10_7751062_초등학교,details/detail_part_009.parquet
J10_7751063_초등학교,details/detail_part_009.parquet
J10_7751064_초등학교,details/detail_part_009.parquet
J10_7751065_초등학교,details/detail_part_009.parquet
J10_7751066_초등학교,details/detail_part_009.parquet
J10_7751067_초등학교,details/detail_part_009.parquet
J10_7751068_초등학교,details/detail_part_009.parquet
J10_7751069_초등학교,details/detail_part_009.parquet
J10_7751070_초등학교,details/detail_part_009.parquet
J10_7751071_초등학교,details/detail_part_009.parquet
J10_7751072_초등학교,details/detail_part_009.parquet
J10_7751073_초등학교,details/detail_part_009.parquet
J10_7751074_초등학교,details/detail_part_009.parquet
J10_7751075_초등학교,details/detail_part_009.parquet
J10_7751076_초등학교,details/detail_part_009.parquet
J10_7751077_초등학교,details/detail_part_009.parquet
J10_7751078_초등학교,details/detail_part_009.parquet
J10_7751079_초등학교,details/detail_part_009.parquet
J10_7751080_초등학교,details/detail_part_009.parquet
J10_7751081_초등학교,details/detail_part_009.parquet
J10_7751082_초등학교,details/detail_part_009.parquet
J10_7751083_초등학교,details/detail_part_009.parquet
J10_7751084_초등학교,details/detail_part_009.parquet
J10_7751085_초등학교,details/detail_part_009.parquet
J10_7751086_초등학교,details/detail_part_009.parquet
J10_7751087_초등학교,details/detail_part_009.parquet
J10_7751088_초등학교,details/detail_part_009.parquet
J10_7751089_초등학교,details/detail_part_009.parquet
J10_7751090_초등학교,details/detail_part_009.parquet
J10_7751091_초등학교,details/detail_part_009.parquet
J10_7751092_초등학교,details/detail_part_009.parquet
J10_7751093_초등학교,details/detail_part_009.parquet
J10_7751094_초등학교,details/detail_part_009.parquet
J10_7751095_초등학교,details/detail_part_009.parquet
J10_7751096_초등학교,details/detail_part_009.parquet
J10_7751097_초등학교,details/detail_part_009.parquet
J10_7751098_초등학교,details/detail_part_009.parquet
J10_7751099_초등학교,details/detail_part_009.parquet
J10_7751100_초등학교,details/detail_part_009.parquet
J10_7751101_초등학교,details/detail_part_009.parquet
J10_7751102_초등학교,details/detail_part_009.parquet
J10_7751103_중학교,details/detail_part_009.parquet
J10_7751104_초등학교,details/detail_part_009.parquet
J10_7751105_초등학교,details/detail_part_009.parquet
J10_7751106_초등학교,details/detail_part_009.parquet
J10_7751107_초등학교,details/detail_part_009.parquet
J10_7751108_초등학교,details/detail_part_009.parquet
J10_7751109_초등학교,details/detail_part_009.parquet
J10_7751110_초등학교,details/detail_part_009.parquet
J10_7751111_초등학교,details/detail_part_009.parquet
J10_7751112_초등학교,details/detail_part_009.parquet
J10_7751113_초등학교,details/detail_part_009.parquet
J10_7751114_초등학교,details/detail_part_009.parquet
J10_7751115_초등학교,details/detail_part_009.parquet
J10_7751116_초등학교,details/detail_part_009.parquet
J10_7751117_초등학교,details/detail_part_009.parquet
J10_7751118_초등학교,details/detail_part_009.parquet
J10_7751119_초등학교,details/detail_part_009.parquet
J10_7751120_초등학교,details/detail_part_009.parquet
J10_7751121_초등학교,details/detail_part_009.parquet
J10_7751122_초등학교,details/detail_part_009.parquet
J10_7751123_초등학교,details/detail_part_009.parquet
J10_7751124_초등학교,details/detail_part_009.parquet
J10_7751126_초등학교,details/detail_part_009.parquet
J10_7751183_초등학교,details/detail_part_009.parquet
J10_7751184_초등학교,details/detail_part_009.parquet
J10_7751185_초등학교,details/detail_part_009.parquet
J10_7751187_중학교,details/detail_part_009.parquet
J10_7751188_중학교,details/detail_part_009.parquet
J10_7751189_초등학교,details/detail_part_009.parquet
J10_7751190_초등학교,details/detail_part_009.parquet
J10_7751191_중학교,details/detail_part_009.parquet
J10_7751192_초등학교,details/detail_part_009.parquet
J10_7751193_초등학교,details/detail_part_009.parquet
J10_7751194_중학교,details/detail_part_009.parquet
J10_7751195_중학교,details/detail_part_009.parquet
J10_7751196_중학교,details/detail_part_009.parquet
J10_7751224_초등학교,details/detail_part_009.parquet
J10_7751226_중학교,details/detail_part_009.parquet
J10_7751227_초등학교,details/detail_part_009.parquet
J10_7751228_초등학교,details/detail_part_009.parquet
J10_7751229_초등학교,details/detail_part_009.parquet
J10_7751230_초등학교,details/detail_part_009.parquet
J10_7751231_중학교,details/detail_part_009.parquet
J10_7751294_초등학교,details/detail_part_009.parquet
J10_7751295_초등학교,details/detail_part_009.parquet
J10_7751296_초등학교,details/detail_part_009.parquet
J10_7751297_중학교,details/detail_part_009.parquet
J10_7751303_중학교,details/detail_part_009.parquet
J10_7751305_중학교,details/detail_part_009.parquet
J10_7751307_초등학교,details/detail_part_009.parquet
J10_7751313_초등학교,details/detail_part_009.parquet
J10_7751314_중학교,details/detail_part_009.parquet
J10_7751320_초등학교,details/detail_part_009.parquet
J10_7751325_초등학교,details/detail_part_009.parquet
J10_7751326_초등학교,details/detail_part_009.parquet
J10_7751327_중학교,details/detail_part_009.parquet
J10_7751332_중학교,details/detail_part_009.parquet
J10_7751351_초등학교,details/detail_part_009.parquet
J10_7751355_초등학교,details/detail_part_009.parquet
J10_7751358_초등학교,details/detail_part_009.parquet
J10_7751359_중학교,details/detail_part_009.parquet
J10_7751395_초등학교,details/detail_part_009.parquet
J10_7751396_중학교,details/detail_part_009.parquet
J10_7751402_초등학교,details/detail_part_009.parquet
J10_7751403_초등학교,details/detail_part_009.parquet
J10_7751404_중학교,details/detail_part_009.parquet
J10_7751405_중학교,details/detail_part_009.parquet
J10_7751410_초등학교,details/detail_part_009.parquet
J10_7761004_중학교,details/detail_part_009.parquet
J10_7761005_중학교,details/detail_part_009.parquet
J10_7761006_중학교,details/detail_part_009.parquet
J10_7761007_중학교,details/detail_part_009.parquet
J10_7761008_중학교,details/detail_part_009.parquet
J10_7761009_중학교,details/detail_part_009.parquet
J10_7761010_중학교,details/detail_part_009.parquet
J10_7761011_중학교,details/detail_part_009.parquet
J10_7761012_중학교,details/detail_part_009.parquet
J10_7761014_초등학교,details/detail_part_009.parquet
J10_7761015_초등학교,details/detail_part_009.parquet
J10_7761016_초등학교,details/detail_part_009.parquet
J10_7761017_초등학교,details/detail_part_009.parquet
J10_7761018_초등학교,details/detail_part_009.parquet
J10_7761019_초등학교,details/detail_part_009.parquet
J10_7761020_초등학교,details/detail_part_009.parquet
J10_7761021_초등학교,details/detail_part_009.parquet
J10_7761022_초등학교,details/detail_part_009.parquet
J10_7761023_초등학교,details/detail_part_009.parquet
J10_7761024_초등학교,details/detail_part_009.parquet
J10_7761025_초등학교,details/detail_part_009.parquet
J10_7761026_초등학교,details/detail_part_009.parquet
J10_7761027_초등학교,details/detail_part_009.parquet
J10_7761028_초등학교,details/detail_part_009.parquet
J10_7761030_초등학교,details/detail_part_009.parquet
J10_7761031_초등학교,details/detail_part_009.parquet
J10_7761032_초등학교,details/detail_part_009.parquet
J10_7761033_초등학교,details/detail_part_009.parquet
J10_7761034_초등학교,details/detail_part_009.parquet
J10_7761035_초등학교,details/detail_part_009.parquet
J10_7761037_초등학교,details/detail_part_009.parquet
J10_7761038_초등학교,details/detail_part_009.parquet
J10_7761039_초등학교,details/detail_part_009.parquet
J10_7761040_초등학교,details/detail_part_009.parquet
J10_7761041_초등학교,details/detail_part_009.parquet
J10_7761042_초등학교,details/detail_part_009.parquet
J10_7761043_초등학교,details/detail_part_009.parquet
J10_7761044_초등학교,details/detail_part_009.parquet
J10_7761045_초등학교,details/detail_part_009.parquet
J10_7761046_초등학교,details/detail_part_009.parquet
J10_7761047_초등학교,details/detail_part_009.parquet
J10_7761083_중학교,details/detail_part_009.parquet
J10_7761084_중학교,details/detail_part_009.parquet
J10_7761086_중학교,details/detail_part_009.parquet
J10_7761099_초등학교,details/detail_part_009.parquet
J10_7761100_중학교,details/detail_part_009.parquet
J10_7761113_초등학교,details/detail_part_009.parquet
J10_7761124_중학교,details/detail_part_009.parquet
J10_7761126_고등학교,details/detail_part_009.parquet
J10_7761126_중학교,details/detail_part_009.parquet
J10_7761126_초등학교,details/detail_part_009.parquet
J10_7771004_중학교,details/detail_part_009.parquet
J10_7771005_중학교,details/detail_part_009.parquet
J10_7771006_중학교,details/detail_part_009.parquet
J10_7771007_중학교,details/detail_part_009.parquet
J10_7771008_중학교,details/detail_part_009.parquet
J10_7771009_중학교,details/detail_part_009.parquet
J10_7771010_중학교,details/detail_part_009.parquet
J10_7771011_중학교,details/detail_part_009.parquet
J10_7771012_중학교,details/detail_part_009.parquet
J10_7771013_중학교,details/detail_part_009.parquet
J10_7771014_초등학교,details/detail_part_009.parquet
J10_7771015_초등학교,details/detail_part_009.parquet
J10_7771016_초등학교,details/detail_part_009.parquet
J10_7771017_초등학교,details/detail_part_009.parquet
J10_7771018_초등학교,details/detail_part_009.parquet
J10_7771019_초등학교,details/detail_part_009.parquet
J10_7771020_초등학교,details/detail_part_009.parquet
J10_7771021_중학교,details/detail_part_009.parquet
J10_7771022_초등학교,details/detail_part_009.parquet
J10_7771023_초등학교,details/detail_part_009.parquet
J10_7771024_초등학교,details/detail_part_009.parquet
J10_7771025_초등학교,details/detail_part_009.parquet
J10_7771026_초등학교,details/detail_part_009.parquet
J10_7771027_초등학교,details/detail_part_009.parquet
J10_7771028_초등학교,details/detail_part_009.parquet
J10_7771029_초등학교,details/detail_part_009.parquet
J10_7771030_초등학교,details/detail_part_010.parquet
J10_7771031_초등학교,details/detail_part_010.parquet
J10_7771032_초등학교,details/detail_part_010.parquet
J10_7771033_초등학교,details/detail_part_010.parquet
J10_7771034_초등학교,details/detail_part_010.parquet
J10_7771035_초등학교,details/detail_part_010.parquet
J10_7771036_초등학교,details/detail_part_010.parquet
J10_7771037_초등학교,details/detail_part_010.parquet
J10_7771038_초등학교,details/detail_part_010.parquet
J10_7771039_초등학교,details/detail_part_010.parquet
J10_7771040_초등학교,details/detail_part_010.parquet
J10_7771041_초등학교,details/detail_part_010.parquet
J10_7771067_중학교,details/detail_part_010.parquet
J10_7771071_초등학교,details/detail_part_010.parquet
J10_7771072_초등학교,details/detail_part_010.parquet
J10_7771073_중학교,details/detail_part_010.parquet
J10_7771101_초등학교,details/detail_part_010.parquet
J10_7771102_초등학교,details/detail_part_010.parquet
J10_7771103_중학교,details/detail_part_010.parquet
J10_7771104_중학교,details/detail_part_010.parquet
J10_7771105_중학교,details/detail_part_010.parquet
J10_7771107_초등학교,details/detail_part_010.parquet
J10_7771115_초등학교,details/detail_part_010.parquet
J10_7771118_초등학교,details/detail_part_010.parquet
J10_7771119_초등학교,details/detail_part_010.parquet
J10_7771120_초등학교,details/detail_part_010.parquet
J10_7771121_초등학교,details/detail_part_010.parquet
J10_7771122_중학교,details/detail_part_010.parquet
J10_7771134_중학교,details/detail_part_010.parquet
J10_7771135_중학교,details/detail_part_010.parquet
J10_7771136_초등학교,details/detail_part_010.parquet
J10_7771137_초등학교,details/detail_part_010.parquet
J10_7771146_초등학교,details/detail_part_010.parquet
J10_7771147_중학교,details/detail_part_010.parquet
J10_7771148_중학교,details/detail_part_010.parquet
J10_7771153_초등학교,details/detail_part_010.parquet
J10_7771166_중학교,details/detail_part_010.parquet
J10_7771172_초등학교,details/detail_part_010.parquet
J10_7771178_초등학교,details/detail_part_010.parquet
J10_7771182_초등학교,details/detail_part_010.parquet
J10_7771185_초등학교,details/detail_part_010.parquet
J10_7771187_초등학교,details/detail_part_010.parquet
J10_7771189_초등학교,details/detail_part_010.parquet
J10_7771191_중학교,details/detail_part_010.parquet
J10_7771202_중학교,details/detail_part_010.parquet
J10_7771207_초등학교,details/detail_part_010.parquet
J10_7771208_중학교,details/detail_part_010.parquet
J10_7781003_중학교,details/detail_part_010.parquet
J10_7781004_중학교,details/detail_part_010.parquet
J10_7781005_중학교,details/detail_part_010.parquet
J10_7781006_중학교,details/detail_part_010.parquet
J10_7781007_중학교,details/detail_part_010.parquet
J10_7781008_중학교,details/detail_part_010.parquet
J10_7781009_중학교,details/detail_part_010.parquet
J10_7781010_중학교,details/detail_part_010.parquet
J10_7781011_중학교,details/detail_part_010.parquet
J10_7781012_중학교,details/detail_part_010.parquet
J10_7781013_중학교,details/detail_part_010.parquet
J10_7781014_중학교,details/detail_part_010.parquet
J10_7781015_초등학교,details/detail_part_010.parquet
J10_7781016_초등학교,details/detail_part_010.parquet
J10_7781017_초등학교,details/detail_part_010.parquet
J10_7781018_초등학교,details/detail_part_010.parquet
J10_7781019_초등학교,details/detail_part_010.parquet
J10_7781020_초등학교,details/detail_part_010.parquet
J10_7781021_초등학교,details/detail_part_010.parquet
J10_7781022_초등학교,details/detail_part_010.parquet
J10_7781023_초등학교,details/detail_part_010.parquet
J10_7781024_초등학교,details/detail_part_010.parquet
J10_7781025_초등학교,details/detail_part_010.parquet
J10_7781026_초등학교,details/detail_part_010.parquet
J10_7781027_초등학교,details/detail_part_010.parquet
J10_7781028_초등학교,details/detail_part_010.parquet
J10_7781029_초등학교,details/detail_part_010.parquet
J10_7781030_초등학교,details/detail_part_010.parquet
J10_7781031_초등학교,details/detail_part_010.parquet
J10_7781032_초등학교,details/detail_part_010.parquet
J10_7781033_초등학교,details/detail_part_010.parquet
J10_7781034_초등학교,details/detail_part_010.parquet
J10_7781035_초등학교,details/detail_part_010.parquet
J10_7781036_초등학교,details/detail_part_010.parquet
J10_7781037_초등학교,details/detail_part_010.parquet
J10_7781038_초등학교,details/detail_part_010.parquet
J10_7781039_초등학교,details/detail_part_010.parquet
J10_7781040_초등학교,details/detail_part_010.parquet
J10_7781041_초등학교,details/detail_part_010.parquet
J10_7781042_초등학교,details/detail_part_010.parquet
J10_7781043_초등학교,details/detail_part_010.parquet
J10_7781044_초등학교,details/detail_part_010.parquet
J10_7781045_초등학교,details/detail_part_010.parquet
J10_7781088_초등학교,details/detail_part_010.parquet
J10_7781089_초등학교,details/detail_part_010.parquet
J10_7781090_초등학교,details/detail_part_010.parquet
J10_7781091_중학교,details/detail_part_010.parquet
J10_7781092_중학교,details/detail_part_010.parquet
J10_7781093_중학교,details/detail_part_010.parquet
J10_7781100_중학교,details/detail_part_010.parquet
J10_7781101_초등학교,details/detail_part_010.parquet
J10_7781102_중학교,details/detail_part_010.parquet
J10_7781103_중학교,details/detail_part_010.parquet
J10_7781104_중학교,details/detail_part_010.parquet
J10_7781105_중학교,details/detail_part_010.parquet
J10_7781107_초등학교,details/detail_part_010.parquet
J10_7781132_초등학교,details/detail_part_010.parquet
J10_7781136_중학교,details/detail_part_010.parquet
J10_7781137_초등학교,details/detail_part_010.parquet
J10_7781144_중학교,details/detail_part_010.parquet
J10_7781145_초등학교,details/detail_part_010.parquet
J10_7781146_초등학교,details/detail_part_010.parquet
J10_7781148_초등학교,details/detail_part_010.parquet
J10_7781150_초등학교,details/detail_part_010.parquet
J10_7781151_초등학교,details/detail_part_010.parquet
J10_7781152_초등학교,details/detail_part_010.parquet
J10_7781158_초등학교,details/detail_part_010.parquet
J10_7781159_초등학교,details/detail_part_010.parquet
J10_7781160_중학교,details/detail_part_010.parquet
J10_7781164_초등학교,details/detail_part_010.parquet
J10_7781166_중학교,details/detail_part_010.parquet
J10_7781172_초등학교,details/detail_part_010.parquet
J10_7781173_중학교,details/detail_part_010.parquet
J10_7781177_초등학교,details/detail_part_010.parquet
J10_7781190_초등학교,details/detail_part_010.parquet
J10_7781191_중학교,details/detail_part_010.parquet
J10_7781192_초등학교,details/detail_part_010.parquet
J10_7781193_중학교,details/detail_part_010.parquet
K10_7004207_고등학교,details/detail_part_010.parquet
K10_7004261_초등학교,details/detail_part_010.parquet
K10_7801089_고등학교,details/detail_part_010.parquet
K10_7801090_고등학교,details/detail_part_010.parquet
K10_7801091_고등학교,details/detail_part_010.parquet
K10_7801092_고등학교,details/detail_part_010.parquet
K10_7801093_고등학교,details/detail_part_010.parquet
K10_7801094_고등학교,details/detail_part_010.parquet
K10_7801095_고등학교,details/detail_part_010.parquet
K10_7801096_고등학교,details/detail_part_010.parquet
K10_7801097_고등학교,details/detail_part_010.parquet
K10_7801098_고등학교,details/detail_part_010.parquet
K10_7801099_고등학교,details/detail_part_010.parquet
K10_7801100_고등학교,details/detail_part_010.parquet
K10_7801101_고등학교,details/detail_part_010.parquet
K10_7801102_고등학교,details/detail_part_010.parquet
K10_7801103_고등학교,details/detail_part_010.parquet
K10_7801104_고등학교,details/detail_part_010.parquet
K10_7801105_고등학교,details/detail_part_010.parquet
K10_7801106_고등학교,details/detail_part_010.parquet
K10_7801107_고등학교,details/detail_part_010.parquet
K10_7801108_고등학교,details/detail_part_010.parquet
K10_7801109_고등학교,details/detail_part_010.parquet
K10_7801110_고등학교,details/detail_part_010.parquet
K10_7801111_고등학교,details/detail_part_010.parquet
K10_7801112_고등학교,details/detail_part_010.parquet
K10_7801113_고등학교,details/detail_part_010.parquet
K10_7801114_고등학교,details/detail_part_010.parquet
K10_7801115_고등학교,details/detail_part_010.parquet
K10_7801116_고등학교,details/detail_part_010.parquet
K10_7801117_고등학교,details/detail_part_010.parquet
K10_7801118_고등학교,details/detail_part_010.parquet
K10_7801119_고등학교,details/detail_part_010.parquet
K10_7801120_고등학교,details/detail_part_010.parquet
K10_7801121_고등학교,details/detail_part_010.parquet
K10_7801122_고등학교,details/detail_part_010.parquet
K10_7801123_고등학교,details/detail_part_010.parquet
K10_7801124_고등학교,details/detail_part_010.parquet
K10_7801125_고등학교,details/detail_part_010.parquet
K10_7801126_고등학교,details/detail_part_010.parquet
K10_7801127_고등학교,details/detail_part_010.parquet
K10_7801128_고등학교,details/detail_part_010.parquet
K10_7801129_고등학교,details/detail_part_010.parquet
K10_7801130_고등학교,details/detail_part_010.parquet
K10_7801131_고등학교,details/detail_part_010.parquet
K10_7801132_고등학교,details/detail_part_010.parquet
K10_7801133_고등학교,details/detail_part_010.parquet
K10_7801134_고등학교,details/detail_part_010.parquet
K10_7801135_고등학교,details/detail_part_010.parquet
K10_7801136_고등학교,details/detail_part_010.parquet
K10_7801137_고등학교,details/detail_part_010.parquet
K10_7801138_고등학교,details/detail_part_010.parquet
K10_7801139_고등학교,details/detail_part_010.parquet
K10_7801140_고등학교,details/detail_part_010.parquet
K10_7801141_고등학교,details/detail_part_010.parquet
K10_7801142_고등학교,details/detail_part_010.parquet
K10_7801143_고등학교,details/detail_part_010.parquet
K10_7801144_고등학교,details/detail_part_010.parquet
K10_7801145_고등학교,details/detail_part_010.parquet
K10_7801146_고등학교,details/detail_part_010.parquet
K10_7801147_고등학교,details/detail_part_010.parquet
K10_7801148_고등학교,details/detail_part_010.parquet
K10_7801149_고등학교,details/detail_part_010.parquet
K10_7801150_고등학교,details/detail_part_010.parquet
K10_7801151_고등학교,details/detail_part_010.parquet
K10_7801152_고등학교,details/detail_part_010.parquet
K10_7801153_고등학교,details/detail_part_010.parquet
K10_7801154_고등학교,details/detail_part_010.parquet
K10_7801155_고등학교,details/detail_part_010.parquet
K10_7801156_고등학교,details/detail_part_010.parquet
K10_7801157_고등학교,details/detail_part_010.parquet
K10_7801158_고등학교,details/detail_part_010.parquet
K10_7801159_고등학교,details/detail_part_010.parquet
K10_7801160_고등학교,details/detail_part_010.parquet
K10_7801161_고등학교,details/detail_part_010.parquet
K10_7801162_고등학교,details/detail_part_010.parquet
K10_7801163_고등학교,details/detail_part_010.parquet
K10_7801164_고등학교,details/detail_part_010.parquet
K10_7801165_고등학교,details/detail_part_010.parquet
K10_7801166_고등학교,details/detail_part_010.parquet
K10_7801167_고등학교,details/detail_part_010.parquet
K10_7801168_고등학교,details/detail_part_010.parquet
K10_7801169_고등학교,details/detail_part_010.parquet
K10_7801170_고등학교,details/detail_part_010.parquet
K10_7801171_고등학교,details/detail_part_010.parquet
K10_7801172_고등학교,details/detail_part_010.parquet
K10_7801173_고등학교,details/detail_part_010.parquet
K10_7801174_고등학교,details/detail_part_010.parquet
K10_7801175_고등학교,details/detail_part_010.parquet
K10_7801176_고등학교,details/detail_part_010.parquet
K10_7801177_고등학교,details/detail_part_010.parquet
K10_7801178_고등학교,details/detail_part_010.parquet
K10_7801179_고등학교,details/detail_part_010.parquet
K10_7801180_고등학교,details/detail_part_010.parquet
K10_7801181_고등학교,details/detail_part_010.parquet
K10_7801182_고등학교,details/detail_part_010.parquet
K10_7801183_고등학교,details/detail_part_010.parquet
K10_7801184_고등학교,details/detail_part_010.parquet
K10_7801185_고등학교,details/detail_part_010.parquet
K10_7801186_고등학교,details/detail_part_010.parquet
K10_7801187_고등학교,details/detail_part_010.parquet
K10_7801188_고등학교,details/detail_part_010.parquet
K10_7801189_고등학교,details/detail_part_010.parquet
K10_7801190_고등학교,details/detail_part_010.parquet
K10_7801191_고등학교,details/detail_part_010.parquet
K10_7801193_고등학교,details/detail_part_010.parquet
K10_7801194_고등학교,details/detail_part_010.parquet
K10_7801195_고등학교,details/detail_part_010.parquet
K10_7801196_고등학교,details/detail_part_010.parquet
K10_7801197_고등학교,details/detail_part_010.parquet
K10_7801198_고등학교,details/detail_part_010.parquet
K10_7801199_고등학교,details/detail_part_010.parquet
K10_7801200_고등학교,details/detail_part_010.parquet
K10_7801201_고등학교,details/detail_part_010.parquet
K10_7801202_고등학교,details/detail_part_010.parquet
K10_7801203_고등학교,details/detail_part_010.parquet
K10_7801204_고등학교,details/detail_part_010.parquet
K10_7801205_고등학교,details/detail_part_010.parquet
K10_7801206_고등학교,details/detail_part_010.parquet
K10_7801207_고등학교,details/detail_part_010.parquet
K10_7801208_고등학교,details/detail_part_010.parquet
K10_7801209_고등학교,details/detail_part_010.parquet
K10_7801210_고등학교,details/detail_part_010.parquet
K10_7801211_고등학교,details/detail_part_010.parquet
K10_7801212_고등학교,details/detail_part_010.parquet
K10_7801212_중학교,details/detail_part_010.parquet
K10_7801212_초등학교,details/detail_part_010.parquet
K10_7801213_고등학교,details/detail_part_010.parquet
K10_7801213_중학교,details/detail_part_010.parquet
K10_7801213_초등학교,details/detail_part_010.parquet
K10_7801214_고등학교,details/detail_part_010.parquet
K10_7801214_중학교,details/detail_part_010.parquet
K10_7801214_초등학교,details/detail_part_010.parquet
K10_7801215_고등학교,details/detail_part_010.parquet
K10_7801215_중학교,details/detail_part_010.parquet
K10_7801215_초등학교,details/detail_part_010.parquet
K10_7801216_고등학교,details/detail_part_010.parquet
K10_7801216_중학교,details/detail_part_010.parquet
K10_7801216_초등학교,details/detail_part_010.parquet
K10_7801217_고등학교,details/detail_part_010.parquet
K10_7801217_중학교,details/detail_part_010.parquet
K10_7801217_초등학교,details/detail_part_010.parquet
K10_7801218_고등학교,details/detail_part_010.parquet
K10_7801218_중학교,details/detail_part_010.parquet
K10_7801218_초등학교,details/detail_part_010.parquet
K10_7801219_고등학교,details/detail_part_010.parquet
K10_7801219_중학교,details/detail_part_010.parquet
K10_7801219_초등학교,details/detail_part_010.parquet
K10_7801220_고등학교,details/detail_part_010.parquet
K10_7801220_중학교,details/detail_part_010.parquet
K10_7801220_초등학교,details/detail_part_010.parquet
K10_7801228_고등학교,details/detail_part_010.parquet
K10_7801233_고등학교,details/detail_part_010.parquet
K10_7801239_고등학교,details/detail_part_010.parquet
K10_7801240_고등학교,details/detail_part_010.parquet
K10_7812050_초등학교,details/detail_part_010.parquet
K10_7812051_초등학교,details/detail_part_010.parquet
K10_7812052_초등학교,details/detail_part_010.parquet
K10_7812053_초등학교,details/detail_part_010.parquet
K10_7812054_초등학교,details/detail_part_010.parquet
K10_7812055_초등학교,details/detail_part_010.parquet
K10_7812056_초등학교,details/detail_part_010.parquet
K10_7812057_초등학교,details/detail_part_010.parquet
K10_7812058_초등학교,details/detail_part_010.parquet
K10_7812059_초등학교,details/detail_part_010.parquet
K10_7812060_초등학교,details/detail_part_010.parquet
K10_7812061_초등학교,details/detail_part_010.parquet
K10_7812062_초등학교,details/detail_part_010.parquet
K10_7812063_초등학교,details/detail_part_010.parquet
K10_7812064_초등학교,details/detail_part_010.parquet
K10_7812065_초등학교,details/detail_part_010.parquet
K10_7812066_초등학교,details/detail_part_010.parquet
K10_7812067_초등학교,details/detail_part_010.parquet
K10_7812068_초등학교,details/detail_part_010.parquet
K10_7812069_초등학교,details/detail_part_010.parquet
K10_7812070_초등학교,details/detail_part_010.parquet
K10_7812071_초등학교,details/detail_part_010.parquet
K10_7812072_초등학교,details/detail_part_010.parquet
K10_7812073_초등학교,details/detail_part_010.parquet
K10_7812074_초등학교,details/detail_part_010.parquet
K10_7812075_초등학교,details/detail_part_010.parquet
K10_7812076_초등학교,details/detail_part_010.parquet
K10_7812077_초등학교,details/detail_part_010.parquet
K10_7812078_초등학교,details/detail_part_010.parquet
K10_7812079_초등학교,details/detail_part_010.parquet
K10_7812080_초등학교,details/detail_part_010.parquet
K10_7812081_초등학교,details/detail_part_010.parquet
K10_7812082_초등학교,details/detail_part_010.parquet
K10_7812083_초등학교,details/detail_part_010.parquet
K10_7812084_초등학교,details/detail_part_010.parquet
K10_7812085_초등학교,details/detail_part_010.parquet
K10_7812086_초등학교,details/detail_part_010.parquet
K10_7812087_초등학교,details/detail_part_010.parquet
K10_7812088_초등학교,details/detail_part_010.parquet
K10_7812089_초등학교,details/detail_part_010.parquet
K10_7812090_초등학교,details/detail_part_010.parquet
K10_7812091_초등학교,details/detail_part_010.parquet
K10_7812092_중학교,details/detail_part_010.parquet
K10_7812093_중학교,details/detail_part_010.parquet
K10_7812094_중학교,details/detail_part_010.parquet
K10_7812095_중학교,details/detail_part_010.parquet
K10_7812096_중학교,details/detail_part_010.parquet
K10_7812097_중학교,details/detail_part_010.parquet
K10_7812098_중학교,details/detail_part_010.parquet
K10_7812099_중학교,details/detail_part_010.parquet
K10_7812100_중학교,details/detail_part_010.parquet
K10_7812101_중학교,details/detail_part_010.parquet
K10_7812102_중학교,details/detail_part_010.parquet
K10_7812103_중학교,details/detail_part_010.parquet
K10_7812104_중학교,details/detail_part_010.parquet
K10_7812105_중학교,details/detail_part_010.parquet
K10_7812106_중학교,details/detail_part_010.parquet
K10_7812107_중학교,details/detail_part_010.parquet
K10_7812108_중학교,details/detail_part_010.parquet
K10_7812109_중학교,details/detail_part_010.parquet
K10_7812110_중학교,details/detail_part_010.parquet
K10_7812111_중학교,details/detail_part_010.parquet
K10_7812112_중학교,details/detail_part_010.parquet
K10_7822077_초등학교,details/detail_part_010.parquet
K10_7822078_초등학교,details/detail_part_010.parquet
K10_7822079_초등학교,details/detail_part_010.parquet
K10_7822080_초등학교,details/detail_part_010.parquet
K10_7822081_초등학교,details/detail_part_010.parquet
K10_7822082_초등학교,details/detail_part_010.parquet
K10_7822083_초등학교,details/detail_part_010.parquet
K10_7822084_초등학교,details/detail_part_010.parquet
K10_7822085_초등학교,details/detail_part_010.parquet
K10_7822086_초등학교,details/detail_part_010.parquet
K10_7822087_초등학교,details/detail_part_010.parquet
K10_7822088_초등학교,details/detail_part_010.parquet
K10_7822089_초등학교,details/detail_part_010.parquet
K10_7822090_초등학교,details/detail_part_010.parquet
K10_7822091_초등학교,details/detail_part_010.parquet
K10_7822092_초등학교,details/detail_part_010.parquet
K10_7822093_초등학교,details/detail_part_010.parquet
K10_7822094_초등학교,details/detail_part_010.parquet
K10_7822095_초등학교,details/detail_part_010.parquet
K10_7822096_초등학교,details/detail_part_010.parquet
K10_7822097_초등학교,details/detail_part_010.parquet
K10_7822098_초등학교,details/detail_part_010.parquet
K10_7822099_초등학교,details/detail_part_010.parquet
K10_7822100_초등학교,details/detail_part_010.parquet
K10_7822101_초등학교,details/detail_part_010.parquet
K10_7822102_초등학교,details/detail_part_010.parquet
K10_7822103_초등학교,details/detail_part_010.parquet
K10_7822104_초등학교,details/detail_part_010.parquet
K10_7822105_초등학교,details/detail_part_010.parquet
K10_7822106_초등학교,details/detail_part_010.parquet
K10_7822107_초등학교,details/detail_part_010.parquet
K10_7822108_초등학교,details/detail_part_010.parquet
K10_7822109_초등학교,details/detail_part_010.parquet
K10_7822110_초등학교,details/detail_part_010.parquet
K10_7822111_초등학교,details/detail_part_010.parquet
K10_7822112_초등학교,details/detail_part_010.parquet
K10_7822113_초등학교,details/detail_part_010.parquet
K10_7822114_초등학교,details/detail_part_010.parquet
K10_7822115_초등학교,details/detail_part_010.parquet
K10_7822116_초등학교,details/detail_part_010.parquet
K10_7822117_초등학교,details/detail_part_010.parquet
K10_7822118_초등학교,details/detail_part_010.parquet
K10_7822119_초등학교,details/detail_part_010.parquet
K10_7822120_초등학교,details/detail_part_010.parquet
K10_7822121_초등학교,details/detail_part_010.parquet
K10_7822122_초등학교,details/detail_part_010.parquet
K10_7822123_초등학교,details/detail_part_010.parquet
K10_7822124_초등학교,details/detail_part_010.parquet
K10_7822125_초등학교,details/detail_part_010.parquet
K10_7822126_초등학교,details/detail_part_010.parquet
K10_7822127_초등학교,details/detail_part_010.parquet
K10_7822128_중학교,details/detail_part_010.parquet
K10_7822129_중학교,details/detail_part_010.parquet
K10_7822130_중학교,details/detail_part_010.parquet
K10_7822131_중학교,details/detail_part_010.parquet
K10_7822132_중학교,details/detail_part_010.parquet
K10_7822133_중학교,details/detail_part_010.parquet
K10_7822134_중학교,details/detail_part_010.parquet
K10_7822135_중학교,details/detail_part_010.parquet
K10_7822136_중학교,details/detail_part_010.parquet
K10_7822137_중학교,details/detail_part_010.parquet
K10_7822138_중학교,details/detail_part_010.parquet
K10_7822139_중학교,details/detail_part_010.parquet
K10_7822140_중학교,details/detail_part_010.parquet
K10_7822141_중학교,details/detail_part_010.parquet
K10_7822142_중학교,details/detail_part_010.parquet
K10_7822143_중학교,details/detail_part_010.parquet
K10_7822144_중학교,details/detail_part_010.parquet
K10_7822145_중학교,details/detail_part_010.parquet
K10_7822146_중학교,details/detail_part_010.parquet
K10_7822147_중학교,details/detail_part_010.parquet
K10_7822148_중학교,details/detail_part_010.parquet
K10_7822149_중학교,details/detail_part_010.parquet
K10_7822150_중학교,details/detail_part_010.parquet
K10_7822151_중학교,details/detail_part_010.parquet
K10_7822152_중학교,details/detail_part_010.parquet
K10_7822153_중학교,details/detail_part_010.parquet
K10_7832043_초등학교,details/detail_part_010.parquet
K10_7832044_초등학교,details/detail_part_010.parquet
K10_7832045_초등학교,details/detail_part_010.parquet
K10_7832046_초등학교,details/detail_part_010.parquet
K10_7832047_초등학교,details/detail_part_010.parquet
K10_7832048_초등학교,details/detail_part_010.parquet
K10_7832049_초등학교,details/detail_part_010.parquet
K10_7832050_초등학교,details/detail_part_010.parquet
K10_7832051_초등학교,details/detail_part_010.parquet
K10_7832052_초등학교,details/detail_part_010.parquet
K10_7832053_초등학교,details/detail_part_010.parquet
K10_7832054_초등학교,details/detail_part_010.parquet
K10_7832055_초등학교,details/detail_part_010.parquet
K10_7832056_초등학교,details/detail_part_010.parquet
K10_7832057_초등학교,details/detail_part_010.parquet
K10_7832058_초등학교,details/detail_part_010.parquet
K10_7832059_초등학교,details/detail_part_010.parquet
K10_7832060_초등학교,details/detail_part_010.parquet
K10_7832061_초등학교,details/detail_part_010.parquet
K10_7832062_초등학교,details/detail_part_010.parquet
K10_7832063_초등학교,details/detail_part_010.parquet
K10_7832064_초등학교,details/detail_part_010.parquet
K10_7832065_초등학교,details/detail_part_010.parquet
K10_7832066_초등학교,details/detail_part_010.parquet
K10_7832067_초등학교,details/detail_part_010.parquet
K10_7832068_초등학교,details/detail_part_010.parquet
K10_7832069_초등학교,details/detail_part_010.parquet
K10_7832070_초등학교,details/detail_part_010.parquet
K10_7832071_초등학교,details/detail_part_010.parquet
K10_7832073_초등학교,details/detail_part_010.parquet
K10_7832074_초등학교,details/detail_part_010.parquet
K10_7832075_초등학교,details/detail_part_010.parquet
K10_7832076_초등학교,details/detail_part_010.parquet
K10_7832077_초등학교,details/detail_part_010.parquet
K10_7832078_초등학교,details/detail_part_010.parquet
K10_7832079_초등학교,details/detail_part_010.parquet
K10_7832081_중학교,details/detail_part_010.parquet
K10_7832082_중학교,details/detail_part_010.parquet
K10_7832083_중학교,details/detail_part_010.parquet
K10_7832084_중학교,details/detail_part_010.parquet
K10_7832085_중학교,details/detail_part_010.parquet
K10_7832086_중학교,details/detail_part_010.parquet
K10_7832087_중학교,details/detail_part_010.parquet
K10_7832088_중학교,details/detail_part_010.parquet
K10_7832089_중학교,details/detail_part_010.parquet
K10_7832090_중학교,details/detail_part_010.parquet
K10_7832091_중학교,details/detail_part_010.parquet
K10_7832092_중학교,details/detail_part_010.parquet
K10_7832093_중학교,details/detail_part_010.parquet
K10_7832094_초등학교,details/detail_part_010.parquet
K10_7842018_초등학교,details/detail_part_010.parquet
K10_7842019_초등학교,details/detail_part_010.parquet
K10_7842020_초등학교,details/detail_part_010.parquet
K10_7842021_초등학교,details/detail_part_010.parquet
K10_7842022_초등학교,details/detail_part_010.parquet
K10_7842023_초등학교,details/detail_part_010.parquet
K10_7842024_초등학교,details/detail_part_010.parquet
K10_7842025_초등학교,details/detail_part_010.parquet
K10_7842026_초등학교,details/detail_part_010.parquet
K10_7842027_초등학교,details/detail_part_010.parquet
K10_7842028_초등학교,details/detail_part_010.parquet
K10_7842029_초등학교,details/detail_part_010.parquet
K10_7842030_초등학교,details/detail_part_010.parquet
K10_7842031_초등학교,details/detail_part_010.parquet
K10_7842032_중학교,details/detail_part_010.parquet
K10_7842033_중학교,details/detail_part_010.parquet
K10_7842034_중학교,details/detail_part_010.parquet
K10_7842035_중학교,details/detail_part_010.parquet
K10_7842036_중학교,details/detail_part_010.parquet
K10_7842037_중학교,details/detail_part_010.parquet
K10_7842038_중학교,details/detail_part_010.parquet
K10_7852012_초등학교,details/detail_part_010.parquet
K10_7852013_초등학교,details/detail_part_010.parquet
K10_7852014_초등학교,details/detail_part_010.parquet
K10_7852015_초등학교,details/detail_part_010.parquet
K10_7852016_초등학교,details/detail_part_010.parquet
K10_7852017_초등학교,details/detail_part_010.parquet
K10_7852018_초등학교,details/detail_part_010.parquet
K10_7852019_초등학교,details/detail_part_010.parquet
K10_7852020_초등학교,details/detail_part_010.parquet
K10_7852021_초등학교,details/detail_part_010.parquet
K10_7852022_초등학교,details/detail_part_010.parquet
K10_7852023_초등학교,details/detail_part_010.parquet
K10_7852024_중학교,details/detail_part_010.parquet
K10_7852025_중학교,details/detail_part_010.parquet
K10_7852026_중학교,details/detail_part_010.parquet
K10_7852027_중학교,details/detail_part_010.parquet
K10_7852028_중학교,details/detail_part_010.parquet
K10_7852029_중학교,details/detail_part_010.parquet
K10_7863026_초등학교,details/detail_part_010.parquet
K10_7863027_초등학교,details/detail_part_010.parquet
K10_7863028_초등학교,details/detail_part_010.parquet
K10_7863029_초등학교,details/detail_part_010.parquet
K10_7863030_초등학교,details/detail_part_010.parquet
K10_7863031_초등학교,details/detail_part_010.parquet
K10_7863032_초등학교,details/detail_part_010.parquet
K10_7863033_초등학교,details/detail_part_010.parquet
K10_7863034_초등학교,details/detail_part_010.parquet
K10_7863035_초등학교,details/detail_part_010.parquet
K10_7863036_초등학교,details/detail_part_010.parquet
K10_7863037_초등학교,details/detail_part_010.parquet
K10_7863038_초등학교,details/detail_part_010.parquet
K10_7863039_초등학교,details/detail_part_010.parquet
K10_7863040_초등학교,details/detail_part_010.parquet
K10_7863041_초등학교,details/detail_part_010.parquet
K10_7863042_초등학교,details/detail_part_010.parquet
K10_7863043_초등학교,details/detail_part_010.parquet
K10_7863044_초등학교,details/detail_part_010.parquet
K10_7863045_초등학교,details/detail_part_010.parquet
K10_7863046_초등학교,details/detail_part_010.parquet
K10_7863047_초등학교,details/detail_part_010.parquet
K10_7863048_초등학교,details/detail_part_010.parquet
K10_7863049_초등학교,details/detail_part_010.parquet
K10_7863050_초등학교,details/detail_part_010.parquet
K10_7863051_초등학교,details/detail_part_010.parquet
K10_7863052_초등학교,details/detail_part_010.parquet
K10_7863054_중학교,details/detail_part_010.parquet
K10_7863055_중학교,details/detail_part_010.parquet
K10_7863056_중학교,details/detail_part_010.parquet
K10_7863057_중학교,details/detail_part_010.parquet
K10_7863058_중학교,details/detail_part_010.parquet
K10_7863059_중학교,details/detail_part_010.parquet
K10_7863060_중학교,details/detail_part_010.parquet
K10_7863061_중학교,details/detail_part_010.parquet
K10_7872019_초등학교,details/detail_part_010.parquet
K10_7872020_초등학교,details/detail_part_010.parquet
K10_7872021_초등학교,details/detail_part_010.parquet
K10_7872022_초등학교,details/detail_part_010.parquet
K10_7872023_초등학교,details/detail_part_010.parquet
K10_7872024_초등학교,details/detail_part_010.parquet
K10_7872025_초등학교,details/detail_part_010.parquet
K10_7872026_초등학교,details/detail_part_010.parquet
K10_7872027_초등학교,details/detail_part_010.parquet
K10_7872028_초등학교,details/detail_part_010.parquet
K10_7872029_초등학교,details/detail_part_010.parquet
K10_7872030_초등학교,details/detail_part_010.parquet
K10_7872031_초등학교,details/detail_part_010.parquet
K10_7872032_초등학교,details/detail_part_010.parquet
K10_7872033_초등학교,details/detail_part_010.parquet
K10_7872034_초등학교,details/detail_part_010.parquet
K10_7872035_초등학교,details/detail_part_010.parquet
K10_7872036_초등학교,details/detail_part_010.parquet
K10_7872037_중학교,details/detail_part_010.parquet
K10_7872038_중학교,details/detail_part_010.parquet
K10_7872039_중학교,details/detail_part_010.parquet
K10_7872040_중학교,details/detail_part_010.parquet
K10_7872041_중학교,details/detail_part_010.parquet
K10_7872042_중학교,details/detail_part_010.parquet
K10_7872043_중학교,details/detail_part_010.parquet
K10_7872044_중학교,details/detail_part_010.parquet
K10_7872045_중학교,details/detail_part_010.parquet
K10_7872046_중학교,details/detail_part_010.parquet
K10_7882028_초등학교,details/detail_part_010.parquet
K10_7882029_초등학교,details/detail_part_010.parquet
K10_7882030_초등학교,details/detail_part_010.parquet
K10_7882031_초등학교,details/detail_part_010.parquet
K10_7882032_초등학교,details/detail_part_010.parquet
K10_7882033_초등학교,details/detail_part_010.parquet
K10_7882034_초등학교,details/detail_part_010.parquet
K10_7882035_초등학교,details/detail_part_010.parquet
K10_7882036_초등학교,details/detail_part_010.parquet
K10_7882037_초등학교,details/detail_part_010.parquet
K10_7882038_초등학교,details/detail_part_010.parquet
K10_7882039_초등학교,details/detail_part_010.parquet
K10_7882040_초등학교,details/detail_part_010.parquet
K10_7882041_초등학교,details/detail_part_010.parquet
K10_7882042_초등학교,details/detail_part_010.parquet
K10_7882043_초등학교,details/detail_part_010.parquet
K10_7882044_초등학교,details/detail_part_010.parquet
K10_7882045_초등학교,details/detail_part_010.parquet
K10_7882046_초등학교,details/detail_part_010.parquet
K10_7882047_초등학교,details/detail_part_010.parquet
K10_7882048_초등학교,details/detail_part_010.parquet
K10_7882049_초등학교,details/detail_part_010.parquet
K10_7882050_초등학교,details/detail_part_010.parquet
K10_7882051_초등학교,details/detail_part_010.parquet
K10_7882052_초등학교,details/detail_part_010.parquet
K10_7882053_초등학교,details/detail_part_010.parquet
K10_7882055_중학교,details/detail_part_010.parquet
K10_7882056_중학교,details/detail_part_010.parquet
K10_7882057_중학교,details/detail_part_010.parquet
K10_7882058_중학교,details/detail_part_010.parquet
K10_7882059_중학교,details/detail_part_010.parquet
K10_7882060_중학교,details/detail_part_010.parquet
K10_7882061_중학교,details/detail_part_010.parquet
K10_7882062_중학교,details/detail_part_010.parquet
K10_7882063_중학교,details/detail_part_010.parquet
K10_7882064_중학교,details/detail_part_010.parquet
K10_7882065_중학교,details/detail_part_010.parquet
K10_7882066_중학교,details/detail_part_010.parquet
K10_7892017_초등학교,details/detail_part_010.parquet
K10_7892018_초등학교,details/detail_part_010.parquet
K10_7892019_초등학교,details/detail_part_010.parquet
K10_7892020_초등학교,details/detail_part_010.parquet
K10_7892021_초등학교,details/detail_part_010.parquet
K10_7892022_초등학교,details/detail_part_010.parquet
K10_7892023_초등학교,details/detail_part_010.parquet
K10_7892024_초등학교,details/detail_part_010.parquet
K10_7892025_초등학교,details/detail_part_010.parquet
K10_7892026_초등학교,details/detail_part_010.parquet
K10_7892027_초등학교,details/detail_part_010.parquet
K10_7892028_초등학교,details/detail_part_010.parquet
K10_7892029_초등학교,details/detail_part_010.parquet
K10_7892030_초등학교,details/detail_part_010.parquet
K10_7892031_초등학교,details/detail_part_010.parquet
K10_7892032_초등학교,details/detail_part_010.parquet
K10_7892033_초등학교,details/detail_part_010.parquet
K10_7892034_중학교,details/detail_part_010.parquet
K10_7892035_중학교,details/detail_part_010.parquet
K10_7892036_중학교,details/detail_part_010.parquet
K10_7892037_중학교,details/detail_part_010.parquet
K10_7892038_중학교,details/detail_part_010.parquet
K10_7892039_중학교,details/detail_part_010.parquet
K10_7892040_중학교,details/detail_part_010.parquet
K10_7892041_중학교,details/detail_part_010.parquet
K10_7892042_중학교,details/detail_part_010.parquet
K10_7892043_중학교,details/detail_part_010.parquet
K10_7902017_초등학교,details/detail_part_010.parquet
K10_7902018_초등학교,details/detail_part_010.parquet
K10_7902019_초등학교,details/detail_part_010.parquet
K10_7902020_초등학교,details/detail_part_010.parquet
K10_7902021_초등학교,details/detail_part_010.parquet
K10_7902022_초등학교,details/detail_part_010.parquet
K10_7902023_초등학교,details/detail_part_010.parquet
K10_7902024_초등학교,details/detail_part_010.parquet
K10_7902025_초등학교,details/detail_part_010.parquet
K10_7902026_초등학교,details/detail_part_010.parquet
K10_7902027_초등학교,details/detail_part_010.parquet
K10_7902028_초등학교,details/detail_part_010.parquet
K10_7902029_초등학교,details/detail_part_010.parquet
K10_7902030_중학교,details/detail_part_010.parquet
K10_7902031_중학교,details/detail_part_010.parquet
K10_7902032_중학교,details/detail_part_010.parquet
K10_7902033_중학교,details/detail_part_010.parquet
K10_7902034_중학교,details/detail_part_010.parquet
K10_7902035_중학교,details/detail_part_010.parquet
K10_7902036_중학교,details/detail_part_010.parquet
K10_7902037_중학교,details/detail_part_010.parquet
K10_7902038_중학교,details/detail_part_010.parquet
K10_7902039_중학교,details/detail_part_010.parquet
K10_7912020_초등학교,details/detail_part_010.parquet
K10_7912021_초등학교,details/detail_part_010.parquet
K10_7912022_초등학교,details/detail_part_010.parquet
K10_7912023_초등학교,details/detail_part_010.parquet
K10_7912024_초등학교,details/detail_part_010.parquet
K10_7912025_초등학교,details/detail_part_010.parquet
K10_7912026_초등학교,details/detail_part_010.parquet
K10_7912027_초등학교,details/detail_part_010.parquet
K10_7912028_초등학교,details/detail_part_010.parquet
K10_7912029_초등학교,details/detail_part_010.parquet
K10_7912030_초등학교,details/detail_part_010.parquet
K10_7912031_초등학교,details/detail_part_010.parquet
K10_7912032_초등학교,details/detail_part_010.parquet
K10_7912033_초등학교,details/detail_part_010.parquet
K10_7912034_초등학교,details/detail_part_010.parquet
K10_7912035_초등학교,details/detail_part_010.parquet
K10_7912036_초등학교,details/detail_part_010.parquet
K10_7912037_초등학교,details/detail_part_010.parquet
K10_7912038_중학교,details/detail_part_010.parquet
K10_7912039_중학교,details/detail_part_010.parquet
K10_7912040_중학교,details/detail_part_010.parquet
K10_7912041_중학교,details/detail_part_010.parquet
K10_7912042_중학교,details/detail_part_010.parquet
K10_7912043_중학교,details/detail_part_010.parquet
K10_7912044_중학교,details/detail_part_011.parquet
K10_7912045_중학교,details/detail_part_011.parquet
K10_7922018_초등학교,details/detail_part_011.parquet
K10_7922019_초등학교,details/detail_part_011.parquet
K10_7922020_초등학교,details/detail_part_011.parquet
K10_7922021_초등학교,details/detail_part_011.parquet
K10_7922022_초등학교,details/detail_part_011.parquet
K10_7922023_초등학교,details/detail_part_011.parquet
K10_7922024_초등학교,details/detail_part_011.parquet
K10_7922025_초등학교,details/detail_part_011.parquet
K10_7922026_초등학교,details/detail_part_011.parquet
K10_7922027_초등학교,details/detail_part_011.parquet
K10_7922028_초등학교,details/detail_part_011.parquet
K10_7922029_초등학교,details/detail_part_011.parquet
K10_7922030_초등학교,details/detail_part_011.parquet
K10_7922031_초등학교,details/detail_part_011.parquet
K10_7922032_초등학교,details/detail_part_011.parquet
K10_7922033_초등학교,details/detail_part_011.parquet
K10_7922035_초등학교,details/detail_part_011.parquet
K10_7922036_초등학교,details/detail_part_011.parquet
K10_7922037_중학교,details/detail_part_011.parquet
K10_7922038_중학교,details/detail_part_011.parquet
K10_7922039_중학교,details/detail_part_011.parquet
K10_7922040_중학교,details/detail_part_011.parquet
K10_7922041_중학교,details/detail_part_011.parquet
K10_7922042_중학교,details/detail_part_011.parquet
K10_7922043_중학교,details/detail_part_011.parquet
K10_7922044_중학교,details/detail_part_011.parquet
K10_7922045_중학교,details/detail_part_011.parquet
K10_7932014_초등학교,details/detail_part_011.parquet
K10_7932015_초등학교,details/detail_part_011.parquet
K10_7932016_초등학교,details/detail_part_011.parquet
K10_7932017_초등학교,details/detail_part_011.parquet
K10_7932018_초등학교,details/detail_part_011.parquet
K10_7932019_초등학교,details/detail_part_011.parquet
K10_7932020_초등학교,details/detail_part_011.parquet
K10_7932021_초등학교,details/detail_part_011.parquet
K10_7932022_초등학교,details/detail_part_011.parquet
K10_7932023_초등학교,details/detail_part_011.parquet
K10_7932024_초등학교,details/detail_part_011.parquet
K10_7932025_초등학교,details/detail_part_011.parquet
K10_7932026_초등학교,details/detail_part_011.parquet
K10_7932027_초등학교,details/detail_part_011.parquet
K10_7932028_초등학교,details/detail_part_011.parquet
K10_7932029_초등학교,details/detail_part_011.parquet
K10_7932030_중학교,details/detail_part_011.parquet
K10_7932031_중학교,details/detail_part_011.parquet
K10_7932032_중학교,details/detail_part_011.parquet
K10_7932033_중학교,details/detail_part_011.parquet
K10_7932034_중학교,details/detail_part_011.parquet
K10_7942016_초등학교,details/detail_part_011.parquet
K10_7942017_초등학교,details/detail_part_011.parquet
K10_7942019_초등학교,details/detail_part_011.parquet
K10_7942020_초등학교,details/detail_part_011.parquet
K10_7942021_초등학교,details/detail_part_011.parquet
K10_7942022_초등학교,details/detail_part_011.parquet
K10_7942024_초등학교,details/detail_part_011.parquet
K10_7942025_초등학교,details/detail_part_011.parquet
K10_7942026_초등학교,details/detail_part_011.parquet
K10_7942027_초등학교,details/detail_part_011.parquet
K10_7942028_초등학교,details/detail_part_011.parquet
K10_7942030_중학교,details/detail_part_011.parquet
K10_7942031_중학교,details/detail_part_011.parquet
K10_7942032_중학교,details/detail_part_011.parquet
K10_7942033_중학교,details/detail_part_011.parquet
K10_7952013_초등학교,details/detail_part_011.parquet
K10_7952014_초등학교,details/detail_part_011.parquet
K10_7952015_초등학교,details/detail_part_011.parquet
K10_7952016_초등학교,details/detail_part_011.parquet
K10_7952017_초등학교,details/detail_part_011.parquet
K10_7952018_초등학교,details/detail_part_011.parquet
K10_7952019_초등학교,details/detail_part_011.parquet
K10_7952020_초등학교,details/detail_part_011.parquet
K10_7952021_초등학교,details/detail_part_011.parquet
K10_7952022_초등학교,details/detail_part_011.parquet
K10_7952023_중학교,details/detail_part_011.parquet
K10_7952024_중학교,details/detail_part_011.parquet
K10_7952025_중학교,details/detail_part_011.parquet
K10_7952026_중학교,details/detail_part_011.parquet
K10_7952027_중학교,details/detail_part_011.parquet
K10_7952028_중학교,details/detail_part_011.parquet
K10_7962015_초등학교,details/detail_part_011.parquet
K10_7962016_초등학교,details/detail_part_011.parquet
K10_7962017_초등학교,details/detail_part_011.parquet
K10_7962018_초등학교,details/detail_part_011.parquet
K10_7962019_초등학교,details/detail_part_011.parquet
K10_7962020_초등학교,details/detail_part_011.parquet
K10_7962021_초등학교,details/detail_part_011.parquet
K10_7962022_초등학교,details/detail_part_011.parquet
K10_7962023_초등학교,details/detail_part_011.parquet
K10_7962024_초등학교,details/detail_part_011.parquet
K10_7962025_초등학교,details/detail_part_011.parquet
K10_7962026_초등학교,details/detail_part_011.parquet
K10_7962027_초등학교,details/detail_part_011.parquet
K10_7962028_초등학교,details/detail_part_011.parquet
K10_7962030_중학교,details/detail_part_011.parquet
K10_7962031_중학교,details/detail_part_011.parquet
K10_7962032_중학교,details/detail_part_011.parquet
K10_7962033_중학교,details/detail_part_011.parquet
K10_7962034_중학교,details/detail_part_011.parquet
K10_7962035_중학교,details/detail_part_011.parquet
K10_7972013_초등학교,details/detail_part_011.parquet
K10_7972014_초등학교,details/detail_part_011.parquet
K10_7972015_초등학교,details/detail_part_011.parquet
K10_7972016_초등학교,details/detail_part_011.parquet
K10_7972017_초등학교,details/detail_part_011.parquet
K10_7972018_초등학교,details/detail_part_011.parquet
K10_7972019_초등학교,details/detail_part_011.parquet
K10_7972020_초등학교,details/detail_part_011.parquet
K10_7972021_초등학교,details/detail_part_011.parquet
K10_7972022_초등학교,details/detail_part_011.parquet
K10_7972023_초등학교,details/detail_part_011.parquet
K10_7972024_초등학교,details/detail_part_011.parquet
K10_7972025_초등학교,details/detail_part_011.parquet
K10_7972028_중학교,details/detail_part_011.parquet
K10_7972029_중학교,details/detail_part_011.parquet
K10_7972030_중학교,details/detail_part_011.parquet
K10_7972031_중학교,details/detail_part_011.parquet
M10_7003849_초등학교,details/detail_part_011.parquet
M10_7003850_중학교,details/detail_part_011.parquet
M10_7003851_고등학교,details/detail_part_011.parquet
M10_7003891_중학교,details/detail_part_011.parquet
M10_7003892_고등학교,details/detail_part_011.parquet
M10_7003915_초등학교,details/detail_part_011.parquet
M10_8000032_고등학교,details/detail_part_011.parquet
M10_8000033_고등학교,details/detail_part_011.parquet
M10_8000038_고등학교,details/detail_part_011.parquet
M10_8000040_고등학교,details/detail_part_011.parquet
M10_8000046_고등학교,details/detail_part_011.parquet
M10_8000047_고등학교,details/detail_part_011.parquet
M10_8000048_고등학교,details/detail_part_011.parquet
M10_8000050_고등학교,details/detail_part_011.parquet
M10_8000051_고등학교,details/detail_part_011.parquet
M10_8000053_고등학교,details/detail_part_011.parquet
M10_8000057_고등학교,details/detail_part_011.parquet
M10_8000058_고등학교,details/detail_part_011.parquet
M10_8000062_고등학교,details/detail_part_011.parquet
M10_8000064_고등학교,details/detail_part_011.parquet
M10_8000066_고등학교,details/detail_part_011.parquet
M10_8000069_고등학교,details/detail_part_011.parquet
M10_8000070_고등학교,details/detail_part_011.parquet
M10_8000072_고등학교,details/detail_part_011.parquet
M10_8000074_고등학교,details/detail_part_011.parquet
M10_8000075_고등학교,details/detail_part_011.parquet
M10_8000076_고등학교,details/detail_part_011.parquet
M10_8000077_고등학교,details/detail_part_011.parquet
M10_8000078_고등학교,details/detail_part_011.parquet
M10_8000080_고등학교,details/detail_part_011.parquet
M10_8000081_고등학교,details/detail_part_011.parquet
M10_8000082_고등학교,details/detail_part_011.parquet
M10_8000085_고등학교,details/detail_part_011.parquet
M10_8000086_고등학교,details/detail_part_011.parquet
M10_8000087_고등학교,details/detail_part_011.parquet
M10_8000090_고등학교,details/detail_part_011.parquet
M10_8000091_고등학교,details/detail_part_011.parquet
M10_8000093_고등학교,details/detail_part_011.parquet
M10_8000096_고등학교,details/detail_part_011.parquet
M10_8000099_고등학교,details/detail_part_011.parquet
M10_8000100_고등학교,details/detail_part_011.parquet
M10_8000102_고등학교,details/detail_part_011.parquet
M10_8000117_고등학교,details/detail_part_011.parquet
M10_8000121_고등학교,details/detail_part_011.parquet
M10_8000122_고등학교,details/detail_part_011.parquet
M10_8000125_고등학교,details/detail_part_011.parquet
M10_8000127_고등학교,details/detail_part_011.parquet
M10_8000129_고등학교,details/detail_part_011.parquet
M10_8000135_고등학교,details/detail_part_011.parquet
M10_8000140_고등학교,details/detail_part_011.parquet
M10_8000141_고등학교,details/detail_part_011.parquet
M10_8000145_고등학교,details/detail_part_011.parquet
M10_8000147_고등학교,details/detail_part_011.parquet
M10_8000155_고등학교,details/detail_part_011.parquet
M10_8000155_중학교,details/detail_part_011.parquet
M10_8000155_초등학교,details/detail_part_011.parquet
M10_8000157_고등학교,details/detail_part_011.parquet
M10_8000157_중학교,details/detail_part_011.parquet
M10_8000157_초등학교,details/detail_part_011.parquet
M10_8000158_고등학교,details/detail_part_011.parquet
M10_8000158_중학교,details/detail_part_011.parquet
M10_8000158_초등학교,details/detail_part_011.parquet
M10_8000159_고등학교,details/detail_part_011.parquet
M10_8000159_중학교,details/detail_part_011.parquet
M10_8000159_초등학교,details/detail_part_011.parquet
M10_8000160_고등학교,details/detail_part_011.parquet
M10_8000160_중학교,details/detail_part_011.parquet
M10_8000160_초등학교,details/detail_part_011.parquet
M10_8000161_고등학교,details/detail_part_011.parquet
M10_8000161_중학교,details/detail_part_011.parquet
M10_8000161_초등학교,details/detail_part_011.parquet
M10_8000164_고등학교,details/detail_part_011.parquet
M10_8000164_중학교,details/detail_part_011.parquet
M10_8000164_초등학교,details/detail_part_011.parquet
M10_8000183_고등학교,details/detail_part_011.parquet
M10_8000195_고등학교,details/detail_part_011.parquet
M10_8000197_고등학교,details/detail_part_011.parquet
M10_8000197_중학교,details/detail_part_011.parquet
M10_8000197_초등학교,details/detail_part_011.parquet
M10_8000199_고등학교,details/detail_part_011.parquet
M10_8000200_고등학교,details/detail_part_011.parquet
M10_8000201_고등학교,details/detail_part_011.parquet
M10_8000202_고등학교,details/detail_part_011.parquet
M10_8000203_고등학교,details/detail_part_011.parquet
M10_8000207_고등학교,details/detail_part_011.parquet
M10_8000210_고등학교,details/detail_part_011.parquet
M10_8000211_고등학교,details/detail_part_011.parquet
M10_8000212_고등학교,details/detail_part_011.parquet
M10_8000213_고등학교,details/detail_part_011.parquet
M10_8000214_고등학교,details/detail_part_011.parquet
M10_8000215_고등학교,details/detail_part_011.parquet
M10_8000216_고등학교,details/detail_part_011.parquet
M10_8000237_고등학교,details/detail_part_011.parquet
M10_8000268_고등학교,details/detail_part_011.parquet
M10_8000269_고등학교,details/detail_part_011.parquet
M10_8000280_고등학교,details/detail_part_011.parquet
M10_8000281_고등학교,details/detail_part_011.parquet
M10_8000283_고등학교,details/detail_part_011.parquet
M10_8000287_고등학교,details/detail_part_011.parquet
M10_8000308_고등학교,details/detail_part_011.parquet
M10_8000309_고등학교,details/detail_part_011.parquet
M10_8000310_고등학교,details/detail_part_011.parquet
M10_8000311_고등학교,details/detail_part_011.parquet
M10_8000335_고등학교,details/detail_part_011.parquet
M10_8000375_고등학교,details/detail_part_011.parquet
M10_8000376_고등학교,details/detail_part_011.parquet
M10_8000378_고등학교,details/detail_part_011.parquet
M10_8000378_중학교,details/detail_part_011.parquet
M10_8000378_초등학교,details/detail_part_011.parquet
M10_8000383_고등학교,details/detail_part_011.parquet
M10_8000384_고등학교,details/detail_part_011.parquet
M10_8000385_고등학교,details/detail_part_011.parquet
M10_8000385_중학교,details/detail_part_011.parquet
M10_8000385_초등학교,details/detail_part_011.parquet
M10_8000430_고등학교,details/detail_part_011.parquet
M10_8000431_고등학교,details/detail_part_011.parquet
M10_8000507_고등학교,details/detail_part_011.parquet
M10_8000508_고등학교,details/detail_part_011.parquet
M10_8000520_고등학교,details/detail_part_011.parquet
M10_8000527_고등학교,details/detail_part_011.parquet
M10_8000530_고등학교,details/detail_part_011.parquet
M10_8000531_고등학교,details/detail_part_011.parquet
M10_8000532_고등학교,details/detail_part_011.parquet
M10_8000533_고등학교,details/detail_part_011.parquet
M10_8000533_중학교,details/detail_part_011.parquet
M10_8000533_초등학교,details/detail_part_011.parquet
M10_8000549_고등학교,details/detail_part_011.parquet
M10_8000550_고등학교,details/detail_part_011.parquet
M10_8000551_고등학교,details/detail_part_011.parquet
M10_8011009_중학교,details/detail_part_011.parquet
M10_8011010_중학교,details/detail_part_011.parquet
M10_8011011_중학교,details/detail_part_011.parquet
M10_8011012_중학교,details/detail_part_011.parquet
M10_8011013_중학교,details/detail_part_011.parquet
M10_8011014_중학교,details/detail_part_011.parquet
M10_8011015_중학교,details/detail_part_011.parquet
M10_8011016_중학교,details/detail_part_011.parquet
M10_8011017_중학교,details/detail_part_011.parquet
M10_8011028_중학교,details/detail_part_011.parquet
M10_8011039_중학교,details/detail_part_011.parquet
M10_8011050_중학교,details/detail_part_011.parquet
M10_8011059_중학교,details/detail_part_011.parquet
M10_8011070_중학교,details/detail_part_011.parquet
M10_8011081_중학교,details/detail_part_011.parquet
M10_8011092_중학교,details/detail_part_011.parquet
M10_8011103_중학교,details/detail_part_011.parquet
M10_8011113_중학교,details/detail_part_011.parquet
M10_8011116_중학교,details/detail_part_011.parquet
M10_8011123_중학교,details/detail_part_011.parquet
M10_8011125_초등학교,details/detail_part_011.parquet
M10_8011128_초등학교,details/detail_part_011.parquet
M10_8011130_중학교,details/detail_part_011.parquet
M10_8011131_중학교,details/detail_part_011.parquet
M10_8011134_중학교,details/detail_part_011.parquet
M10_8011143_초등학교,details/detail_part_011.parquet
M10_8011144_중학교,details/detail_part_011.parquet
M10_8011145_중학교,details/detail_part_011.parquet
M10_8011149_중학교,details/detail_part_011.parquet
M10_8011150_중학교,details/detail_part_011.parquet
M10_8011151_중학교,details/detail_part_011.parquet
M10_8011152_중학교,details/detail_part_011.parquet
M10_8011153_중학교,details/detail_part_011.parquet
M10_8011154_중학교,details/detail_part_011.parquet
M10_8011155_중학교,details/detail_part_011.parquet
M10_8011156_중학교,details/detail_part_011.parquet
M10_8011157_중학교,details/detail_part_011.parquet
M10_8011158_초등학교,details/detail_part_011.parquet
M10_8011159_초등학교,details/detail_part_011.parquet
M10_8011160_초등학교,details/detail_part_011.parquet
M10_8011161_초등학교,details/detail_part_011.parquet
M10_8011162_초등학교,details/detail_part_011.parquet
M10_8011163_초등학교,details/detail_part_011.parquet
M10_8011164_초등학교,details/detail_part_011.parquet
M10_8011165_초등학교,details/detail_part_011.parquet
M10_8011166_초등학교,details/detail_part_011.parquet
M10_8011167_초등학교,details/detail_part_011.parquet
M10_8011168_초등학교,details/detail_part_011.parquet
M10_8011169_초등학교,details/detail_part_011.parquet
M10_8011171_초등학교,details/detail_part_011.parquet
M10_8011172_초등학교,details/detail_part_011.parquet
M10_8011173_초등학교,details/detail_part_011.parquet
M10_8011174_초등학교,details/detail_part_011.parquet
M10_8011175_초등학교,details/detail_part_011.parquet
M10_8011176_초등학교,details/detail_part_011.parquet
M10_8011177_초등학교,details/detail_part_011.parquet
M10_8011178_초등학교,details/detail_part_011.parquet
M10_8011179_초등학교,details/detail_part_011.parquet
M10_8011180_초등학교,details/detail_part_011.parquet
M10_8011181_초등학교,details/detail_part_011.parquet
M10_8011182_초등학교,details/detail_part_011.parquet
M10_8011183_초등학교,details/detail_part_011.parquet
M10_8011184_초등학교,details/detail_part_011.parquet
M10_8011185_초등학교,details/detail_part_011.parquet
M10_8011186_초등학교,details/detail_part_011.parquet
M10_8011187_초등학교,details/detail_part_011.parquet
M10_8011188_초등학교,details/detail_part_011.parquet
M10_8011189_초등학교,details/detail_part_011.parquet
M10_8011190_초등학교,details/detail_part_011.parquet
M10_8011191_초등학교,details/detail_part_011.parquet
M10_8011192_초등학교,details/detail_part_011.parquet
M10_8011193_초등학교,details/detail_part_011.parquet
M10_8011194_초등학교,details/detail_part_011.parquet
M10_8011195_초등학교,details/detail_part_011.parquet
M10_8011196_초등학교,details/detail_part_011.parquet
M10_8011197_초등학교,details/detail_part_011.parquet
M10_8011198_초등학교,details/detail_part_011.parquet
M10_8011199_초등학교,details/detail_part_011.parquet
M10_8011200_초등학교,details/detail_part_011.parquet
M10_8011201_초등학교,details/detail_part_011.parquet
M10_8011202_초등학교,details/detail_part_011.parquet
M10_8011203_초등학교,details/detail_part_011.parquet
M10_8011204_초등학교,details/detail_part_011.parquet
M10_8011205_초등학교,details/detail_part_011.parquet
M10_8011206_초등학교,details/detail_part_011.parquet
M10_8011207_초등학교,details/detail_part_011.parquet
M10_8011208_초등학교,details/detail_part_011.parquet
M10_8011209_초등학교,details/detail_part_011.parquet
M10_8011211_초등학교,details/detail_part_011.parquet
M10_8011212_초등학교,details/detail_part_011.parquet
M10_8011213_초등학교,details/detail_part_011.parquet
M10_8011218_초등학교,details/detail_part_011.parquet
M10_8011235_초등학교,details/detail_part_011.parquet
M10_8011289_초등학교,details/detail_part_011.parquet
M10_8011290_초등학교,details/detail_part_011.parquet
M10_8011291_초등학교,details/detail_part_011.parquet
M10_8011292_초등학교,details/detail_part_011.parquet
M10_8011294_초등학교,details/detail_part_011.parquet
M10_8011295_초등학교,details/detail_part_011.parquet
M10_8011296_초등학교,details/detail_part_011.parquet
M10_8011297_초등학교,details/detail_part_011.parquet
M10_8011298_초등학교,details/detail_part_011.parquet
M10_8011299_초등학교,details/detail_part_011.parquet
M10_8011300_초등학교,details/detail_part_011.parquet
M10_8011301_초등학교,details/detail_part_011.parquet
M10_8011302_초등학교,details/detail_part_011.parquet
M10_8011303_초등학교,details/detail_part_011.parquet
M10_8011304_초등학교,details/detail_part_011.parquet
M10_8011305_초등학교,details/detail_part_011.parquet
M10_8011306_초등학교,details/detail_part_011.parquet
M10_8011307_초등학교,details/detail_part_011.parquet
M10_8011308_초등학교,details/detail_part_011.parquet
M10_8011309_초등학교,details/detail_part_011.parquet
M10_8011310_초등학교,details/detail_part_011.parquet
M10_8011311_초등학교,details/detail_part_011.parquet
M10_8011312_초등학교,details/detail_part_011.parquet
M10_8011313_초등학교,details/detail_part_011.parquet
M10_8011316_초등학교,details/detail_part_011.parquet
M10_8011318_초등학교,details/detail_part_011.parquet
M10_8011319_초등학교,details/detail_part_011.parquet
M10_8011320_초등학교,details/detail_part_011.parquet
M10_8011321_초등학교,details/detail_part_011.parquet
M10_8011322_중학교,details/detail_part_011.parquet
M10_8011323_중학교,details/detail_part_011.parquet
M10_8011324_중학교,details/detail_part_011.parquet
M10_8011325_중학교,details/detail_part_011.parquet
M10_8011326_중학교,details/detail_part_011.parquet
M10_8011327_중학교,details/detail_part_011.parquet
M10_8011328_중학교,details/detail_part_011.parquet
M10_8011329_중학교,details/detail_part_011.parquet
M10_8011330_중학교,details/detail_part_011.parquet
M10_8011331_중학교,details/detail_part_011.parquet
M10_8011335_초등학교,details/detail_part_011.parquet
M10_8011337_초등학교,details/detail_part_011.parquet
M10_8011343_중학교,details/detail_part_011.parquet
M10_8011347_중학교,details/detail_part_011.parquet
M10_8011348_초등학교,details/detail_part_011.parquet
M10_8011349_초등학교,details/detail_part_011.parquet
M10_8011350_초등학교,details/detail_part_011.parquet
M10_8011351_초등학교,details/detail_part_011.parquet
M10_8011371_초등학교,details/detail_part_011.parquet
M10_8011372_초등학교,details/detail_part_011.parquet
M10_8011373_중학교,details/detail_part_011.parquet
M10_8011389_초등학교,details/detail_part_011.parquet
M10_8011390_중학교,details/detail_part_011.parquet
M10_8011391_중학교,details/detail_part_011.parquet
M10_8011393_초등학교,details/detail_part_011.parquet
M10_8021006_초등학교,details/detail_part_011.parquet
M10_8021007_중학교,details/detail_part_011.parquet
M10_8021008_중학교,details/detail_part_011.parquet
M10_8021009_중학교,details/detail_part_011.parquet
M10_8021010_중학교,details/detail_part_011.parquet
M10_8021011_중학교,details/detail_part_011.parquet
M10_8021021_중학교,details/detail_part_011.parquet
M10_8021028_초등학교,details/detail_part_011.parquet
M10_8021031_중학교,details/detail_part_011.parquet
M10_8021035_중학교,details/detail_part_011.parquet
M10_8021036_중학교,details/detail_part_011.parquet
M10_8021037_중학교,details/detail_part_011.parquet
M10_8021038_중학교,details/detail_part_011.parquet
M10_8021039_중학교,details/detail_part_011.parquet
M10_8021040_중학교,details/detail_part_011.parquet
M10_8021041_중학교,details/detail_part_011.parquet
M10_8021042_중학교,details/detail_part_011.parquet
M10_8021043_중학교,details/detail_part_011.parquet
M10_8021044_중학교,details/detail_part_011.parquet
M10_8021046_초등학교,details/detail_part_011.parquet
M10_8021048_초등학교,details/detail_part_011.parquet
M10_8021050_초등학교,details/detail_part_011.parquet
M10_8021051_초등학교,details/detail_part_011.parquet
M10_8021052_초등학교,details/detail_part_011.parquet
M10_8021053_초등학교,details/detail_part_011.parquet
M10_8021055_초등학교,details/detail_part_011.parquet
M10_8021057_초등학교,details/detail_part_011.parquet
M10_8021058_초등학교,details/detail_part_011.parquet
M10_8021059_초등학교,details/detail_part_011.parquet
M10_8021060_초등학교,details/detail_part_011.parquet
M10_8021061_초등학교,details/detail_part_011.parquet
M10_8021062_초등학교,details/detail_part_011.parquet
M10_8021063_초등학교,details/detail_part_011.parquet
M10_8021064_초등학교,details/detail_part_011.parquet
M10_8021066_초등학교,details/detail_part_011.parquet
M10_8021067_초등학교,details/detail_part_011.parquet
M10_8021068_초등학교,details/detail_part_011.parquet
M10_8021069_초등학교,details/detail_part_011.parquet
M10_8021070_초등학교,details/detail_part_011.parquet
M10_8021071_초등학교,details/detail_part_011.parquet
M10_8021072_초등학교,details/detail_part_011.parquet
M10_8021073_초등학교,details/detail_part_011.parquet
M10_8021074_초등학교,details/detail_part_011.parquet
M10_8021075_초등학교,details/detail_part_011.parquet
M10_8021076_초등학교,details/detail_part_011.parquet
M10_8021077_초등학교,details/detail_part_011.parquet
M10_8021078_초등학교,details/detail_part_011.parquet
M10_8021079_초등학교,details/detail_part_011.parquet
M10_8021080_초등학교,details/detail_part_011.parquet
M10_8021082_초등학교,details/detail_part_011.parquet
M10_8021134_초등학교,details/detail_part_011.parquet
M10_8021137_중학교,details/detail_part_011.parquet
M10_8021142_초등학교,details/detail_part_011.parquet
M10_8021144_초등학교,details/detail_part_011.parquet
M10_8021145_중학교,details/detail_part_011.parquet
M10_8021148_초등학교,details/detail_part_011.parquet
M10_8021152_초등학교,details/detail_part_011.parquet
M10_8031005_중학교,details/detail_part_011.parquet
M10_8031006_중학교,details/detail_part_011.parquet
M10_8031007_중학교,details/detail_part_011.parquet
M10_8031008_중학교,details/detail_part_011.parquet
M10_8031009_중학교,details/detail_part_011.parquet
M10_8031010_중학교,details/detail_part_011.parquet
M10_8031011_중학교,details/detail_part_011.parquet
M10_8031012_중학교,details/detail_part_011.parquet
M10_8031013_중학교,details/detail_part_011.parquet
M10_8031014_중학교,details/detail_part_011.parquet
M10_8031015_중학교,details/detail_part_011.parquet
M10_8031016_중학교,details/detail_part_011.parquet
M10_8031017_중학교,details/detail_part_011.parquet
M10_8031018_초등학교,details/detail_part_011.parquet
M10_8031019_초등학교,details/detail_part_011.parquet
M10_8031020_초등학교,details/detail_part_011.parquet
M10_8031021_초등학교,details/detail_part_011.parquet
M10_8031022_초등학교,details/detail_part_011.parquet
M10_8031023_초등학교,details/detail_part_011.parquet
M10_8031024_초등학교,details/detail_part_011.parquet
M10_8031025_초등학교,details/detail_part_011.parquet
M10_8031026_초등학교,details/detail_part_011.parquet
M10_8031027_초등학교,details/detail_part_011.parquet
M10_8031028_초등학교,details/detail_part_011.parquet
M10_8031029_초등학교,details/detail_part_011.parquet
M10_8031030_초등학교,details/detail_part_011.parquet
M10_8031031_초등학교,details/detail_part_011.parquet
M10_8031032_초등학교,details/detail_part_011.parquet
M10_8031034_초등학교,details/detail_part_011.parquet
M10_8031035_초등학교,details/detail_part_011.parquet
M10_8031036_초등학교,details/detail_part_011.parquet
M10_8031037_초등학교,details/detail_part_011.parquet
M10_8031038_초등학교,details/detail_part_011.parquet
M10_8031039_초등학교,details/detail_part_011.parquet
M10_8031040_초등학교,details/detail_part_011.parquet
M10_8031041_초등학교,details/detail_part_011.parquet
M10_8051005_중학교,details/detail_part_011.parquet
M10_8051006_중학교,details/detail_part_011.parquet
M10_8051007_중학교,details/detail_part_011.parquet
M10_8051010_중학교,details/detail_part_011.parquet
M10_8051011_초등학교,details/detail_part_011.parquet
M10_8051012_초등학교,details/detail_part_011.parquet
M10_8051013_초등학교,details/detail_part_011.parquet
M10_8051014_초등학교,details/detail_part_011.parquet
M10_8051016_초등학교,details/detail_part_011.parquet
M10_8051017_초등학교,details/detail_part_011.parquet
M10_8051019_초등학교,details/detail_part_011.parquet
M10_8051020_초등학교,details/detail_part_011.parquet
M10_8051021_초등학교,details/detail_part_011.parquet
M10_8051022_초등학교,details/detail_part_011.parquet
M10_8051023_초등학교,details/detail_part_011.parquet
M10_8051024_초등학교,details/detail_part_011.parquet
M10_8051025_초등학교,details/detail_part_011.parquet
M10_8051045_중학교,details/detail_part_011.parquet
M10_8051046_초등학교,details/detail_part_011.parquet
M10_8051056_초등학교,details/detail_part_011.parquet
M10_8061005_중학교,details/detail_part_011.parquet
M10_8061006_중학교,details/detail_part_011.parquet
M10_8061007_중학교,details/detail_part_011.parquet
M10_8061008_중학교,details/detail_part_011.parquet
M10_8061009_중학교,details/detail_part_011.parquet
M10_8061010_초등학교,details/detail_part_011.parquet
M10_8061011_초등학교,details/detail_part_011.parquet
M10_8061013_초등학교,details/detail_part_011.parquet
M10_8061014_초등학교,details/detail_part_011.parquet
M10_8061015_초등학교,details/detail_part_011.parquet
M10_8061016_초등학교,details/detail_part_011.parquet
M10_8061017_초등학교,details/detail_part_011.parquet
M10_8061018_초등학교,details/detail_part_011.parquet
M10_8061019_초등학교,details/detail_part_011.parquet
M10_8061020_초등학교,details/detail_part_011.parquet
M10_8061021_초등학교,details/detail_part_011.parquet
M10_8061022_초등학교,details/detail_part_011.parquet
M10_8061046_초등학교,details/detail_part_011.parquet
M10_8071006_중학교,details/detail_part_011.parquet
M10_8071008_중학교,details/detail_part_011.parquet
M10_8071010_중학교,details/detail_part_011.parquet
M10_8071011_중학교,details/detail_part_011.parquet
M10_8071012_중학교,details/detail_part_011.parquet
M10_8071013_중학교,details/detail_part_011.parquet
M10_8071014_초등학교,details/detail_part_011.parquet
M10_8071015_초등학교,details/detail_part_011.parquet
M10_8071017_초등학교,details/detail_part_011.parquet
M10_8071018_초등학교,details/detail_part_011.parquet
M10_8071019_초등학교,details/detail_part_011.parquet
M10_8071020_초등학교,details/detail_part_011.parquet
M10_8071021_초등학교,details/detail_part_011.parquet
M10_8071022_초등학교,details/detail_part_011.parquet
M10_8071023_초등학교,details/detail_part_011.parquet
M10_8071024_초등학교,details/detail_part_011.parquet
M10_8071025_초등학교,details/detail_part_011.parquet
M10_8071026_초등학교,details/detail_part_011.parquet
M10_8071027_초등학교,details/detail_part_011.parquet
M10_8071028_초등학교,details/detail_part_011.parquet
M10_8071052_중학교,details/detail_part_011.parquet
M10_8081004_중학교,details/detail_part_011.parquet
M10_8081005_중학교,details/detail_part_011.parquet
M10_8081007_중학교,details/detail_part_011.parquet
M10_8081008_중학교,details/detail_part_011.parquet
M10_8081009_중학교,details/detail_part_011.parquet
M10_8081010_초등학교,details/detail_part_011.parquet
M10_8081011_초등학교,details/detail_part_011.parquet
M10_8081012_초등학교,details/detail_part_011.parquet
M10_8081013_초등학교,details/detail_part_011.parquet
M10_8081014_초등학교,details/detail_part_011.parquet
M10_8081015_초등학교,details/detail_part_011.parquet
M10_8081017_초등학교,details/detail_part_011.parquet
M10_8081018_초등학교,details/detail_part_011.parquet
M10_8081019_초등학교,details/detail_part_011.parquet
M10_8081020_초등학교,details/detail_part_011.parquet
M10_8081021_초등학교,details/detail_part_011.parquet
M10_8081022_초등학교,details/detail_part_011.parquet
M10_8081023_초등학교,details/detail_part_011.parquet
M10_8081024_초등학교,details/detail_part_011.parquet
M10_8081049_중학교,details/detail_part_011.parquet
M10_8081050_중학교,details/detail_part_011.parquet
M10_8081053_초등학교,details/detail_part_011.parquet
M10_8081061_중학교,details/detail_part_011.parquet
M10_8092007_중학교,details/detail_part_011.parquet
M10_8092008_중학교,details/detail_part_011.parquet
M10_8092010_중학교,details/detail_part_011.parquet
M10_8092011_중학교,details/detail_part_011.parquet
M10_8092013_중학교,details/detail_part_011.parquet
M10_8092014_중학교,details/detail_part_011.parquet
M10_8092015_중학교,details/detail_part_011.parquet
M10_8092016_중학교,details/detail_part_011.parquet
M10_8092017_중학교,details/detail_part_011.parquet
M10_8092018_중학교,details/detail_part_011.parquet
M10_8092019_초등학교,details/detail_part_011.parquet
M10_8092020_초등학교,details/detail_part_011.parquet
M10_8092021_초등학교,details/detail_part_011.parquet
M10_8092022_초등학교,details/detail_part_011.parquet
M10_8092023_초등학교,details/detail_part_011.parquet
M10_8092024_초등학교,details/detail_part_011.parquet
M10_8092025_초등학교,details/detail_part_011.parquet
M10_8092026_초등학교,details/detail_part_011.parquet
M10_8092027_초등학교,details/detail_part_011.parquet
M10_8092028_초등학교,details/detail_part_011.parquet
M10_8092029_초등학교,details/detail_part_011.parquet
M10_8092030_초등학교,details/detail_part_011.parquet
M10_8092031_초등학교,details/detail_part_011.parquet
M10_8092032_초등학교,details/detail_part_011.parquet
M10_8092033_초등학교,details/detail_part_011.parquet
M10_8092034_초등학교,details/detail_part_011.parquet
M10_8092035_초등학교,details/detail_part_011.parquet
M10_8092037_초등학교,details/detail_part_011.parquet
M10_8092069_중학교,details/detail_part_011.parquet
M10_8101006_중학교,details/detail_part_011.parquet
M10_8101007_중학교,details/detail_part_011.parquet
M10_8101008_중학교,details/detail_part_011.parquet
M10_8101009_중학교,details/detail_part_011.parquet
M10_8101010_중학교,details/detail_part_011.parquet
M10_8101011_중학교,details/detail_part_011.parquet
M10_8101012_중학교,details/detail_part_011.parquet
M10_8101013_중학교,details/detail_part_011.parquet
M10_8101014_중학교,details/detail_part_011.parquet
M10_8101015_초등학교,details/detail_part_011.parquet
M10_8101016_초등학교,details/detail_part_011.parquet
M10_8101018_초등학교,details/detail_part_011.parquet
M10_8101020_초등학교,details/detail_part_011.parquet
M10_8101021_초등학교,details/detail_part_011.parquet
M10_8101022_초등학교,details/detail_part_011.parquet
M10_8101023_초등학교,details/detail_part_011.parquet
M10_8101024_초등학교,details/detail_part_011.parquet
M10_8101025_초등학교,details/detail_part_011.parquet
M10_8101026_초등학교,details/detail_part_011.parquet
M10_8101027_초등학교,details/detail_part_011.parquet
M10_8101028_초등학교,details/detail_part_011.parquet
M10_8101029_초등학교,details/detail_part_011.parquet
M10_8101030_초등학교,details/detail_part_011.parquet
M10_8101031_초등학교,details/detail_part_011.parquet
M10_8101032_초등학교,details/detail_part_011.parquet
M10_8101033_초등학교,details/detail_part_011.parquet
M10_8101034_초등학교,details/detail_part_011.parquet
M10_8101035_초등학교,details/detail_part_011.parquet
M10_8101069_초등학교,details/detail_part_011.parquet
M10_8101070_중학교,details/detail_part_011.parquet
M10_8111006_중학교,details/detail_part_011.parquet
M10_8111007_중학교,details/detail_part_011.parquet
M10_8111008_중학교,details/detail_part_011.parquet
M10_8111010_중학교,details/detail_part_011.parquet
M10_8111011_초등학교,details/detail_part_011.parquet
M10_8111012_초등학교,details/detail_part_011.parquet
M10_8111013_초등학교,details/detail_part_011.parquet
M10_8111014_초등학교,details/detail_part_011.parquet
M10_8111015_초등학교,details/detail_part_011.parquet
M10_8111016_초등학교,details/detail_part_011.parquet
M10_8111017_초등학교,details/detail_part_011.parquet
M10_8111019_초등학교,details/detail_part_011.parquet
M10_8111020_초등학교,details/detail_part_011.parquet
M10_8111021_초등학교,details/detail_part_011.parquet
M10_8111022_초등학교,details/detail_part_011.parquet
M10_8111023_초등학교,details/detail_part_011.parquet
M10_8111045_중학교,details/detail_part_011.parquet
M10_8111051_초등학교,details/detail_part_011.parquet
N10_7004442_초등학교,details/detail_part_011.parquet
N10_8140032_고등학교,details/detail_part_011.parquet
N10_8140034_고등학교,details/detail_part_011.parquet
N10_8140036_고등학교,details/detail_part_011.parquet
N10_8140037_고등학교,details/detail_part_011.parquet
N10_8140038_고등학교,details/detail_part_011.parquet
N10_8140039_고등학교,details/detail_part_011.parquet
N10_8140040_고등학교,details/detail_part_011.parquet
N10_8140041_고등학교,details/detail_part_011.parquet
N10_8140042_고등학교,details/detail_part_011.parquet
N10_8140044_고등학교,details/detail_part_011.parquet
N10_8140045_고등학교,details/detail_part_011.parquet
N10_8140046_고등학교,details/detail_part_011.parquet
N10_8140048_고등학교,details/detail_part_011.parquet
N10_8140049_고등학교,details/detail_part_011.parquet
N10_8140050_고등학교,details/detail_part_011.parquet
N10_8140051_고등학교,details/detail_part_011.parquet
N10_8140052_고등학교,details/detail_part_011.parquet
N10_8140053_고등학교,details/detail_part_011.parquet
N10_8140054_고등학교,details/detail_part_011.parquet
N10_8140055_고등학교,details/detail_part_011.parquet
N10_8140056_고등학교,details/detail_part_011.parquet
N10_8140057_고등학교,details/detail_part_011.parquet
N10_8140058_고등학교,details/detail_part_011.parquet
N10_8140059_고등학교,details/detail_part_011.parquet
N10_8140061_고등학교,details/detail_part_011.parquet
N10_8140062_고등학교,details/detail_part_011.parquet
N10_8140063_고등학교,details/detail_part_011.parquet
N10_8140064_고등학교,details/detail_part_011.parquet
N10_8140069_고등학교,details/detail_part_011.parquet
N10_8140070_고등학교,details/detail_part_011.parquet
N10_8140071_고등학교,details/detail_part_011.parquet
N10_8140072_고등학교,details/detail_part_011.parquet
N10_8140073_고등학교,details/detail_part_011.parquet
N10_8140074_고등학교,details/detail_part_011.parquet
N10_8140077_고등학교,details/detail_part_011.parquet
N10_8140078_고등학교,details/detail_part_011.parquet
N10_8140080_고등학교,details/detail_part_011.parquet
N10_8140082_고등학교,details/detail_part_012.parquet
N10_8140085_고등학교,details/detail_part_012.parquet
N10_8140086_고등학교,details/detail_part_012.parquet
N10_8140087_고등학교,details/detail_part_012.parquet
N10_8140088_고등학교,details/detail_part_012.parquet
N10_8140089_고등학교,details/detail_part_012.parquet
N10_8140090_고등학교,details/detail_part_012.parquet
N10_8140091_고등학교,details/detail_part_012.parquet
N10_8140093_고등학교,details/detail_part_012.parquet
N10_8140094_고등학교,details/detail_part_012.parquet
N10_8140095_고등학교,details/detail_part_012.parquet
N10_8140096_고등학교,details/detail_part_012.parquet
N10_8140098_고등학교,details/detail_part_012.parquet
N10_8140100_고등학교,details/detail_part_012.parquet
N10_8140101_고등학교,details/detail_part_012.parquet
N10_8140104_고등학교,details/detail_part_012.parquet
N10_8140107_고등학교,details/detail_part_012.parquet
N10_8140108_고등학교,details/detail_part_012.parquet
N10_8140109_고등학교,details/detail_part_012.parquet
N10_8140115_고등학교,details/detail_part_012.parquet
N10_8140118_고등학교,details/detail_part_012.parquet
N10_8140120_고등학교,details/detail_part_012.parquet
N10_8140134_고등학교,details/detail_part_012.parquet
N10_8140136_고등학교,details/detail_part_012.parquet
N10_8140139_고등학교,details/detail_part_012.parquet
N10_8140152_고등학교,details/detail_part_012.parquet
N10_8140160_고등학교,details/detail_part_012.parquet
N10_8140162_고등학교,details/detail_part_012.parquet
N10_8140163_고등학교,details/detail_part_012.parquet
N10_8140169_고등학교,details/detail_part_012.parquet
N10_8140174_고등학교,details/detail_part_012.parquet
N10_8140174_중학교,details/detail_part_012.parquet
N10_8140174_초등학교,details/detail_part_012.parquet
N10_8140175_고등학교,details/detail_part_012.parquet
N10_8140175_중학교,details/detail_part_012.parquet
N10_8140175_초등학교,details/detail_part_012.parquet
N10_8140176_고등학교,details/detail_part_012.parquet
N10_8140176_중학교,details/detail_part_012.parquet
N10_8140176_초등학교,details/detail_part_012.parquet
N10_8140192_고등학교,details/detail_part_012.parquet
N10_8140193_고등학교,details/detail_part_012.parquet
N10_8140195_고등학교,details/detail_part_012.parquet
N10_8140196_고등학교,details/detail_part_012.parquet
N10_8140197_고등학교,details/detail_part_012.parquet
N10_8140198_고등학교,details/detail_part_012.parquet
N10_8140198_중학교,details/detail_part_012.parquet
N10_8140198_초등학교,details/detail_part_012.parquet
N10_8140199_고등학교,details/detail_part_012.parquet
N10_8140199_중학교,details/detail_part_012.parquet
N10_8140199_초등학교,details/detail_part_012.parquet
N10_8140200_고등학교,details/detail_part_012.parquet
N10_8140206_고등학교,details/detail_part_012.parquet
N10_8140209_고등학교,details/detail_part_012.parquet
N10_8140213_고등학교,details/detail_part_012.parquet
N10_8140214_고등학교,details/detail_part_012.parquet
N10_8140217_고등학교,details/detail_part_012.parquet
N10_8140219_고등학교,details/detail_part_012.parquet
N10_8140220_고등학교,details/detail_part_012.parquet
N10_8140229_고등학교,details/detail_part_012.parquet
N10_8140236_고등학교,details/detail_part_012.parquet
N10_8140237_고등학교,details/detail_part_012.parquet
N10_8140238_고등학교,details/detail_part_012.parquet
N10_8140246_고등학교,details/detail_part_012.parquet
N10_8140252_고등학교,details/detail_part_012.parquet
N10_8140253_고등학교,details/detail_part_012.parquet
N10_8140254_고등학교,details/detail_part_012.parquet
N10_8140256_고등학교,details/detail_part_012.parquet
N10_8140257_고등학교,details/detail_part_012.parquet
N10_8140257_중학교,details/detail_part_012.parquet
N10_8140257_초등학교,details/detail_part_012.parquet
N10_8140259_고등학교,details/detail_part_012.parquet
N10_8140260_고등학교,details/detail_part_012.parquet
N10_8140262_고등학교,details/detail_part_012.parquet
N10_8140265_고등학교,details/detail_part_012.parquet
N10_8140266_고등학교,details/detail_part_012.parquet
N10_8140267_고등학교,details/detail_part_012.parquet
N10_8140270_고등학교,details/detail_part_012.parquet
N10_8140271_고등학교,details/detail_part_012.parquet
N10_8140343_고등학교,details/detail_part_012.parquet
N10_8140344_고등학교,details/detail_part_012.parquet
N10_8140347_고등학교,details/detail_part_012.parquet
N10_8140354_고등학교,details/detail_part_012.parquet
N10_8140358_고등학교,details/detail_part_012.parquet
N10_8140359_고등학교,details/detail_part_012.parquet
N10_8140360_고등학교,details/detail_part_012.parquet
N10_8140361_중학교,details/detail_part_012.parquet
N10_8140366_고등학교,details/detail_part_012.parquet
N10_8140377_고등학교,details/detail_part_012.parquet
N10_8140378_고등학교,details/detail_part_012.parquet
N10_8140387_고등학교,details/detail_part_012.parquet
N10_8140388_고등학교,details/detail_part_012.parquet
N10_8140388_중학교,details/detail_part_012.parquet
N10_8140388_초등학교,details/detail_part_012.parquet
N10_8140390_고등학교,details/detail_part_012.parquet
N10_8140391_고등학교,details/detail_part_012.parquet
N10_8140457_고등학교,details/detail_part_012.parquet
N10_8140458_고등학교,details/detail_part_012.parquet
N10_8140458_중학교,details/detail_part_012.parquet
N10_8140458_초등학교,details/detail_part_012.parquet
N10_8140459_고등학교,details/detail_part_012.parquet
N10_8140460_고등학교,details/detail_part_012.parquet
N10_8140461_고등학교,details/detail_part_012.parquet
N10_8140464_고등학교,details/detail_part_012.parquet
N10_8140464_중학교,details/detail_part_012.parquet
N10_8140464_초등학교,details/detail_part_012.parquet
N10_8140465_고등학교,details/detail_part_012.parquet
N10_8140465_중학교,details/detail_part_012.parquet
N10_8140465_초등학교,details/detail_part_012.parquet
N10_8140472_고등학교,details/detail_part_012.parquet
N10_8140473_고등학교,details/detail_part_012.parquet
N10_8140482_고등학교,details/detail_part_012.parquet
N10_8140491_고등학교,details/detail_part_012.parquet
N10_8140497_고등학교,details/detail_part_012.parquet
N10_8140498_고등학교,details/detail_part_012.parquet
N10_8140499_고등학교,details/detail_part_012.parquet
N10_8140500_고등학교,details/detail_part_012.parquet
N10_8140501_고등학교,details/detail_part_012.parquet
N10_8140503_고등학교,details/detail_part_012.parquet
N10_8140508_고등학교,details/detail_part_012.parquet
N10_8140509_고등학교,details/detail_part_012.parquet
N10_8140510_고등학교,details/detail_part_012.parquet
N10_8151010_중학교,details/detail_part_012.parquet
N10_8151011_중학교,details/detail_part_012.parquet
N10_8151012_중학교,details/detail_part_012.parquet
N10_8151013_중학교,details/detail_part_012.parquet
N10_8151014_중학교,details/detail_part_012.parquet
N10_8151015_중학교,details/detail_part_012.parquet
N10_8151016_중학교,details/detail_part_012.parquet
N10_8151017_중학교,details/detail_part_012.parquet
N10_8151018_중학교,details/detail_part_012.parquet
N10_8151019_중학교,details/detail_part_012.parquet
N10_8151020_중학교,details/detail_part_012.parquet
N10_8151021_중학교,details/detail_part_012.parquet
N10_8151022_중학교,details/detail_part_012.parquet
N10_8151023_중학교,details/detail_part_012.parquet
N10_8151025_중학교,details/detail_part_012.parquet
N10_8151027_중학교,details/detail_part_012.parquet
N10_8151029_중학교,details/detail_part_012.parquet
N10_8151030_중학교,details/detail_part_012.parquet
N10_8151031_중학교,details/detail_part_012.parquet
N10_8151032_중학교,details/detail_part_012.parquet
N10_8151033_중학교,details/detail_part_012.parquet
N10_8151034_중학교,details/detail_part_012.parquet
N10_8151035_초등학교,details/detail_part_012.parquet
N10_8151036_초등학교,details/detail_part_012.parquet
N10_8151037_초등학교,details/detail_part_012.parquet
N10_8151038_초등학교,details/detail_part_012.parquet
N10_8151039_초등학교,details/detail_part_012.parquet
N10_8151040_초등학교,details/detail_part_012.parquet
N10_8151041_초등학교,details/detail_part_012.parquet
N10_8151042_초등학교,details/detail_part_012.parquet
N10_8151043_초등학교,details/detail_part_012.parquet
N10_8151044_초등학교,details/detail_part_012.parquet
N10_8151045_초등학교,details/detail_part_012.parquet
N10_8151046_초등학교,details/detail_part_012.parquet
N10_8151047_초등학교,details/detail_part_012.parquet
N10_8151048_초등학교,details/detail_part_012.parquet
N10_8151049_초등학교,details/detail_part_012.parquet
N10_8151050_초등학교,details/detail_part_012.parquet
N10_8151051_초등학교,details/detail_part_012.parquet
N10_8151052_초등학교,details/detail_part_012.parquet
N10_8151053_초등학교,details/detail_part_012.parquet
N10_8151054_초등학교,details/detail_part_012.parquet
N10_8151055_초등학교,details/detail_part_012.parquet
N10_8151056_초등학교,details/detail_part_012.parquet
N10_8151057_초등학교,details/detail_part_012.parquet
N10_8151058_초등학교,details/detail_part_012.parquet
N10_8151059_초등학교,details/detail_part_012.parquet
N10_8151060_초등학교,details/detail_part_012.parquet
N10_8151061_초등학교,details/detail_part_012.parquet
N10_8151062_초등학교,details/detail_part_012.parquet
N10_8151063_초등학교,details/detail_part_012.parquet
N10_8151064_초등학교,details/detail_part_012.parquet
N10_8151065_초등학교,details/detail_part_012.parquet
N10_8151066_초등학교,details/detail_part_012.parquet
N10_8151067_초등학교,details/detail_part_012.parquet
N10_8151068_초등학교,details/detail_part_012.parquet
N10_8151069_초등학교,details/detail_part_012.parquet
N10_8151070_초등학교,details/detail_part_012.parquet
N10_8151071_초등학교,details/detail_part_012.parquet
N10_8151072_초등학교,details/detail_part_012.parquet
N10_8151073_초등학교,details/detail_part_012.parquet
N10_8151074_초등학교,details/detail_part_012.parquet
N10_8151075_초등학교,details/detail_part_012.parquet
N10_8151076_초등학교,details/detail_part_012.parquet
N10_8151077_초등학교,details/detail_part_012.parquet
N10_8151078_초등학교,details/detail_part_012.parquet
N10_8151079_초등학교,details/detail_part_012.parquet
N10_8151080_초등학교,details/detail_part_012.parquet
N10_8151081_초등학교,details/detail_part_012.parquet
N10_8151082_초등학교,details/detail_part_012.parquet
N10_8151083_초등학교,details/detail_part_012.parquet
N10_8151085_초등학교,details/detail_part_012.parquet
N10_8151086_초등학교,details/detail_part_012.parquet
N10_8151087_초등학교,details/detail_part_012.parquet
N10_8151088_초등학교,details/detail_part_012.parquet
N10_8151089_초등학교,details/detail_part_012.parquet
N10_8151090_초등학교,details/detail_part_012.parquet
N10_8151091_초등학교,details/detail_part_012.parquet
N10_8151092_초등학교,details/detail_part_012.parquet
N10_8151093_초등학교,details/detail_part_012.parquet
N10_8151094_초등학교,details/detail_part_012.parquet
N10_8151095_초등학교,details/detail_part_012.parquet
N10_8151102_초등학교,details/detail_part_012.parquet
N10_8151103_초등학교,details/detail_part_012.parquet
N10_8151104_초등학교,details/detail_part_012.parquet
N10_8151105_중학교,details/detail_part_012.parquet
N10_8151106_초등학교,details/detail_part_012.parquet
N10_8151108_초등학교,details/detail_part_012.parquet
N10_8151109_초등학교,details/detail_part_012.parquet
N10_8151157_초등학교,details/detail_part_012.parquet
N10_8151158_중학교,details/detail_part_012.parquet
N10_8151159_중학교,details/detail_part_012.parquet
N10_8151211_중학교,details/detail_part_012.parquet
N10_8151214_초등학교,details/detail_part_012.parquet
N10_8151223_초등학교,details/detail_part_012.parquet
N10_8151225_중학교,details/detail_part_012.parquet
N10_8151228_중학교,details/detail_part_012.parquet
N10_8151236_중학교,details/detail_part_012.parquet
N10_8151237_초등학교,details/detail_part_012.parquet
N10_8151247_초등학교,details/detail_part_012.parquet
N10_8151254_초등학교,details/detail_part_012.parquet
N10_8151255_중학교,details/detail_part_012.parquet
N10_8151258_초등학교,details/detail_part_012.parquet
N10_8151261_중학교,details/detail_part_012.parquet
N10_8151262_초등학교,details/detail_part_012.parquet
N10_8151265_중학교,details/detail_part_012.parquet
N10_8151269_초등학교,details/detail_part_012.parquet
N10_8151275_초등학교,details/detail_part_012.parquet
N10_8151278_초등학교,details/detail_part_012.parquet
N10_8151280_초등학교,details/detail_part_012.parquet
N10_8151282_중학교,details/detail_part_012.parquet
N10_8161005_중학교,details/detail_part_012.parquet
N10_8161006_중학교,details/detail_part_012.parquet
N10_8161007_중학교,details/detail_part_012.parquet
N10_8161008_중학교,details/detail_part_012.parquet
N10_8161009_중학교,details/detail_part_012.parquet
N10_8161010_중학교,details/detail_part_012.parquet
N10_8161011_중학교,details/detail_part_012.parquet
N10_8161012_중학교,details/detail_part_012.parquet
N10_8161014_중학교,details/detail_part_012.parquet
N10_8161015_중학교,details/detail_part_012.parquet
N10_8161016_중학교,details/detail_part_012.parquet
N10_8161017_중학교,details/detail_part_012.parquet
N10_8161019_중학교,details/detail_part_012.parquet
N10_8161020_초등학교,details/detail_part_012.parquet
N10_8161021_초등학교,details/detail_part_012.parquet
N10_8161022_초등학교,details/detail_part_012.parquet
N10_8161023_초등학교,details/detail_part_012.parquet
N10_8161024_초등학교,details/detail_part_012.parquet
N10_8161025_초등학교,details/detail_part_012.parquet
N10_8161026_초등학교,details/detail_part_012.parquet
N10_8161027_초등학교,details/detail_part_012.parquet
N10_8161028_초등학교,details/detail_part_012.parquet
N10_8161031_초등학교,details/detail_part_012.parquet
N10_8161032_초등학교,details/detail_part_012.parquet
N10_8161033_초등학교,details/detail_part_012.parquet
N10_8161036_초등학교,details/detail_part_012.parquet
N10_8161037_초등학교,details/detail_part_012.parquet
N10_8161038_초등학교,details/detail_part_012.parquet
N10_8161039_초등학교,details/detail_part_012.parquet
N10_8161040_초등학교,details/detail_part_012.parquet
N10_8161042_초등학교,details/detail_part_012.parquet
N10_8161044_초등학교,details/detail_part_012.parquet
N10_8161045_초등학교,details/detail_part_012.parquet
N10_8161047_초등학교,details/detail_part_012.parquet
N10_8161049_초등학교,details/detail_part_012.parquet
N10_8161052_초등학교,details/detail_part_012.parquet
N10_8161053_초등학교,details/detail_part_012.parquet
N10_8161054_초등학교,details/detail_part_012.parquet
N10_8161055_초등학교,details/detail_part_012.parquet
N10_8161056_초등학교,details/detail_part_012.parquet
N10_8171005_중학교,details/detail_part_012.parquet
N10_8171006_중학교,details/detail_part_012.parquet
N10_8171007_중학교,details/detail_part_012.parquet
N10_8171008_중학교,details/detail_part_012.parquet
N10_8171009_중학교,details/detail_part_012.parquet
N10_8171010_중학교,details/detail_part_012.parquet
N10_8171011_중학교,details/detail_part_012.parquet
N10_8171013_중학교,details/detail_part_012.parquet
N10_8171014_중학교,details/detail_part_012.parquet
N10_8171015_중학교,details/detail_part_012.parquet
N10_8171016_중학교,details/detail_part_012.parquet
N10_8171019_초등학교,details/detail_part_012.parquet
N10_8171020_초등학교,details/detail_part_012.parquet
N10_8171021_초등학교,details/detail_part_012.parquet
N10_8171022_초등학교,details/detail_part_012.parquet
N10_8171023_초등학교,details/detail_part_012.parquet
N10_8171025_초등학교,details/detail_part_012.parquet
N10_8171026_초등학교,details/detail_part_012.parquet
N10_8171027_초등학교,details/detail_part_012.parquet
N10_8171029_초등학교,details/detail_part_012.parquet
N10_8171030_초등학교,details/detail_part_012.parquet
N10_8171031_초등학교,details/detail_part_012.parquet
N10_8171034_초등학교,details/detail_part_012.parquet
N10_8171035_초등학교,details/detail_part_012.parquet
N10_8171036_초등학교,details/detail_part_012.parquet
N10_8171037_초등학교,details/detail_part_012.parquet
N10_8171039_초등학교,details/detail_part_012.parquet
N10_8171040_초등학교,details/detail_part_012.parquet
N10_8171041_초등학교,details/detail_part_012.parquet
N10_8171042_초등학교,details/detail_part_012.parquet
N10_8171043_초등학교,details/detail_part_012.parquet
N10_8171044_초등학교,details/detail_part_012.parquet
N10_8171045_초등학교,details/detail_part_012.parquet
N10_8171046_초등학교,details/detail_part_012.parquet
N10_8171047_초등학교,details/detail_part_012.parquet
N10_8171048_초등학교,details/detail_part_012.parquet
N10_8171049_초등학교,details/detail_part_012.parquet
N10_8171051_초등학교,details/detail_part_012.parquet
N10_8171054_초등학교,details/detail_part_012.parquet
N10_8171094_초등학교,details/detail_part_012.parquet
N10_8171103_초등학교,details/detail_part_012.parquet
N10_8181004_중학교,details/detail_part_012.parquet
N10_8181005_중학교,details/detail_part_012.parquet
N10_8181006_중학교,details/detail_part_012.parquet
N10_8181007_중학교,details/detail_part_012.parquet
N10_8181008_중학교,details/detail_part_012.parquet
N10_8181009_중학교,details/detail_part_012.parquet
N10_8181010_중학교,details/detail_part_012.parquet
N10_8181011_중학교,details/detail_part_012.parquet
N10_8181012_중학교,details/detail_part_012.parquet
N10_8181013_중학교,details/detail_part_012.parquet
N10_8181014_중학교,details/detail_part_012.parquet
N10_8181015_중학교,details/detail_part_012.parquet
N10_8181016_초등학교,details/detail_part_012.parquet
N10_8181017_초등학교,details/detail_part_012.parquet
N10_8181018_초등학교,details/detail_part_012.parquet
N10_8181019_초등학교,details/detail_part_012.parquet
N10_8181020_초등학교,details/detail_part_012.parquet
N10_8181021_초등학교,details/detail_part_012.parquet
N10_8181022_초등학교,details/detail_part_012.parquet
N10_8181023_초등학교,details/detail_part_012.parquet
N10_8181024_초등학교,details/detail_part_012.parquet
N10_8181026_초등학교,details/detail_part_012.parquet
N10_8181027_초등학교,details/detail_part_012.parquet
N10_8181030_초등학교,details/detail_part_012.parquet
N10_8181031_초등학교,details/detail_part_012.parquet
N10_8181032_초등학교,details/detail_part_012.parquet
N10_8181033_초등학교,details/detail_part_012.parquet
N10_8181034_초등학교,details/detail_part_012.parquet
N10_8181035_초등학교,details/detail_part_012.parquet
N10_8181036_초등학교,details/detail_part_012.parquet
N10_8181037_초등학교,details/detail_part_012.parquet
N10_8181038_초등학교,details/detail_part_012.parquet
N10_8181039_초등학교,details/detail_part_012.parquet
N10_8181040_초등학교,details/detail_part_012.parquet
N10_8181041_초등학교,details/detail_part_012.parquet
N10_8181042_초등학교,details/detail_part_012.parquet
N10_8181043_초등학교,details/detail_part_012.parquet
N10_8181044_초등학교,details/detail_part_012.parquet
N10_8181045_초등학교,details/detail_part_012.parquet
N10_8181046_초등학교,details/detail_part_012.parquet
N10_8181047_초등학교,details/detail_part_012.parquet
N10_8181048_초등학교,details/detail_part_012.parquet
N10_8181049_초등학교,details/detail_part_012.parquet
N10_8181050_초등학교,details/detail_part_012.parquet
N10_8181051_초등학교,details/detail_part_012.parquet
N10_8181052_초등학교,details/detail_part_012.parquet
N10_8181060_초등학교,details/detail_part_012.parquet
N10_8181061_초등학교,details/detail_part_012.parquet
N10_8181062_중학교,details/detail_part_012.parquet
N10_8181064_초등학교,details/detail_part_012.parquet
N10_8181097_초등학교,details/detail_part_012.parquet
N10_8181099_중학교,details/detail_part_012.parquet
N10_8181102_초등학교,details/detail_part_012.parquet
N10_8181103_초등학교,details/detail_part_012.parquet
N10_8181104_중학교,details/detail_part_012.parquet
N10_8181107_초등학교,details/detail_part_012.parquet
N10_8181118_중학교,details/detail_part_012.parquet
N10_8181139_초등학교,details/detail_part_012.parquet
N10_8181140_초등학교,details/detail_part_012.parquet
N10_8181149_초등학교,details/detail_part_012.parquet
N10_8181150_중학교,details/detail_part_012.parquet
N10_8181155_중학교,details/detail_part_012.parquet
N10_8181159_초등학교,details/detail_part_012.parquet
N10_8181165_초등학교,details/detail_part_012.parquet
N10_8181167_중학교,details/detail_part_012.parquet
N10_8181169_초등학교,details/detail_part_012.parquet
N10_8181171_초등학교,details/detail_part_012.parquet
N10_8181172_초등학교,details/detail_part_012.parquet
N10_8181174_중학교,details/detail_part_012.parquet
N10_8181176_초등학교,details/detail_part_012.parquet
N10_8181177_중학교,details/detail_part_012.parquet
N10_8181178_중학교,details/detail_part_012.parquet
N10_8181180_중학교,details/detail_part_012.parquet
N10_8191004_중학교,details/detail_part_012.parquet
N10_8191005_중학교,details/detail_part_012.parquet
N10_8191006_중학교,details/detail_part_012.parquet
N10_8191007_중학교,details/detail_part_012.parquet
N10_8191008_중학교,details/detail_part_012.parquet
N10_8191009_중학교,details/detail_part_012.parquet
N10_8191010_중학교,details/detail_part_012.parquet
N10_8191011_중학교,details/detail_part_012.parquet
N10_8191012_중학교,details/detail_part_012.parquet
N10_8191013_중학교,details/detail_part_012.parquet
N10_8191014_중학교,details/detail_part_012.parquet
N10_8191015_중학교,details/detail_part_012.parquet
N10_8191016_중학교,details/detail_part_012.parquet
N10_8191017_중학교,details/detail_part_012.parquet
N10_8191018_중학교,details/detail_part_012.parquet
N10_8191019_중학교,details/detail_part_012.parquet
N10_8191020_초등학교,details/detail_part_012.parquet
N10_8191021_초등학교,details/detail_part_012.parquet
N10_8191022_초등학교,details/detail_part_012.parquet
N10_8191023_초등학교,details/detail_part_012.parquet
N10_8191024_초등학교,details/detail_part_012.parquet
N10_8191026_초등학교,details/detail_part_012.parquet
N10_8191028_초등학교,details/detail_part_012.parquet
N10_8191029_초등학교,details/detail_part_012.parquet
N10_8191031_초등학교,details/detail_part_012.parquet
N10_8191032_초등학교,details/detail_part_012.parquet
N10_8191033_초등학교,details/detail_part_012.parquet
N10_8191035_초등학교,details/detail_part_012.parquet
N10_8191036_초등학교,details/detail_part_012.parquet
N10_8191037_초등학교,details/detail_part_012.parquet
N10_8191038_초등학교,details/detail_part_012.parquet
N10_8191039_초등학교,details/detail_part_012.parquet
N10_8191040_초등학교,details/detail_part_012.parquet
N10_8191041_초등학교,details/detail_part_012.parquet
N10_8191042_초등학교,details/detail_part_012.parquet
N10_8191043_초등학교,details/detail_part_012.parquet
N10_8191044_초등학교,details/detail_part_012.parquet
N10_8191045_초등학교,details/detail_part_012.parquet
N10_8191046_초등학교,details/detail_part_012.parquet
N10_8191047_초등학교,details/detail_part_012.parquet
N10_8191048_초등학교,details/detail_part_012.parquet
N10_8191049_초등학교,details/detail_part_012.parquet
N10_8191051_초등학교,details/detail_part_012.parquet
N10_8191090_초등학교,details/detail_part_012.parquet
N10_8191101_초등학교,details/detail_part_012.parquet
N10_8191116_초등학교,details/detail_part_012.parquet
N10_8201004_중학교,details/detail_part_012.parquet
N10_8201005_중학교,details/detail_part_012.parquet
N10_8201006_중학교,details/detail_part_012.parquet
N10_8201008_중학교,details/detail_part_012.parquet
N10_8201009_중학교,details/detail_part_012.parquet
N10_8201010_중학교,details/detail_part_012.parquet
N10_8201011_중학교,details/detail_part_012.parquet
N10_8201012_중학교,details/detail_part_012.parquet
N10_8201013_초등학교,details/detail_part_012.parquet
N10_8201015_초등학교,details/detail_part_012.parquet
N10_8201016_초등학교,details/detail_part_012.parquet
N10_8201017_초등학교,details/detail_part_012.parquet
N10_8201018_초등학교,details/detail_part_012.parquet
N10_8201019_초등학교,details/detail_part_012.parquet
N10_8201020_초등학교,details/detail_part_012.parquet
N10_8201021_초등학교,details/detail_part_012.parquet
N10_8201022_초등학교,details/detail_part_012.parquet
N10_8201023_초등학교,details/detail_part_012.parquet
N10_8201024_초등학교,details/detail_part_012.parquet
N10_8201025_초등학교,details/detail_part_012.parquet
N10_8201026_초등학교,details/detail_part_012.parquet
N10_8201027_초등학교,details/detail_part_012.parquet
N10_8201028_초등학교,details/detail_part_012.parquet
N10_8201029_초등학교,details/detail_part_012.parquet
N10_8201050_초등학교,details/detail_part_012.parquet
N10_8222003_중학교,details/detail_part_012.parquet
N10_8222004_중학교,details/detail_part_012.parquet
N10_8222005_중학교,details/detail_part_012.parquet
N10_8222006_중학교,details/detail_part_012.parquet
N10_8222007_중학교,details/detail_part_012.parquet
N10_8222008_중학교,details/detail_part_012.parquet
N10_8222009_중학교,details/detail_part_012.parquet
N10_8222010_중학교,details/detail_part_012.parquet
N10_8222011_중학교,details/detail_part_012.parquet
N10_8222012_중학교,details/detail_part_012.parquet
N10_8222014_중학교,details/detail_part_012.parquet
N10_8222015_중학교,details/detail_part_012.parquet
N10_8222016_중학교,details/detail_part_012.parquet
N10_8222017_중학교,details/detail_part_012.parquet
N10_8222018_중학교,details/detail_part_012.parquet
N10_8222019_초등학교,details/detail_part_012.parquet
N10_8222020_초등학교,details/detail_part_012.parquet
N10_8222021_초등학교,details/detail_part_012.parquet
N10_8222022_초등학교,details/detail_part_012.parquet
N10_8222023_초등학교,details/detail_part_012.parquet
N10_8222024_초등학교,details/detail_part_012.parquet
N10_8222025_초등학교,details/detail_part_012.parquet
N10_8222026_초등학교,details/detail_part_012.parquet
N10_8222027_초등학교,details/detail_part_012.parquet
N10_8222028_초등학교,details/detail_part_012.parquet
N10_8222029_초등학교,details/detail_part_012.parquet
N10_8222030_초등학교,details/detail_part_012.parquet
N10_8222031_초등학교,details/detail_part_012.parquet
N10_8222032_초등학교,details/detail_part_012.parquet
N10_8222034_초등학교,details/detail_part_012.parquet
N10_8222036_초등학교,details/detail_part_012.parquet
N10_8222037_초등학교,details/detail_part_012.parquet
N10_8222038_초등학교,details/detail_part_012.parquet
N10_8222039_초등학교,details/detail_part_012.parquet
N10_8222040_초등학교,details/detail_part_012.parquet
N10_8222041_초등학교,details/detail_part_012.parquet
N10_8222043_초등학교,details/detail_part_012.parquet
N10_8222044_초등학교,details/detail_part_012.parquet
N10_8222045_초등학교,details/detail_part_012.parquet
N10_8222046_초등학교,details/detail_part_012.parquet
N10_8222047_초등학교,details/detail_part_012.parquet
N10_8222048_초등학교,details/detail_part_012.parquet
N10_8222049_초등학교,details/detail_part_012.parquet
N10_8222050_초등학교,details/detail_part_012.parquet
N10_8222051_초등학교,details/detail_part_012.parquet
N10_8222052_초등학교,details/detail_part_012.parquet
N10_8222053_초등학교,details/detail_part_012.parquet
N10_8222054_초등학교,details/detail_part_012.parquet
N10_8222055_초등학교,details/detail_part_012.parquet
N10_8222056_초등학교,details/detail_part_012.parquet
N10_8222061_초등학교,details/detail_part_012.parquet
N10_8222115_중학교,details/detail_part_012.parquet
N10_8222119_중학교,details/detail_part_012.parquet
N10_8222124_초등학교,details/detail_part_012.parquet
N10_8231005_중학교,details/detail_part_012.parquet
N10_8231006_중학교,details/detail_part_012.parquet
N10_8231007_중학교,details/detail_part_012.parquet
N10_8231008_중학교,details/detail_part_012.parquet
N10_8231010_중학교,details/detail_part_012.parquet
N10_8231011_중학교,details/detail_part_012.parquet
N10_8231013_중학교,details/detail_part_012.parquet
N10_8231014_중학교,details/detail_part_012.parquet
N10_8231015_중학교,details/detail_part_012.parquet
N10_8231016_중학교,details/detail_part_012.parquet
N10_8231017_초등학교,details/detail_part_012.parquet
N10_8231018_초등학교,details/detail_part_012.parquet
N10_8231019_초등학교,details/detail_part_012.parquet
N10_8231022_초등학교,details/detail_part_012.parquet
N10_8231023_초등학교,details/detail_part_012.parquet
N10_8231025_초등학교,details/detail_part_012.parquet
N10_8231026_초등학교,details/detail_part_012.parquet
N10_8231027_초등학교,details/detail_part_012.parquet
N10_8231029_초등학교,details/detail_part_012.parquet
N10_8231030_초등학교,details/detail_part_012.parquet
N10_8231031_초등학교,details/detail_part_012.parquet
N10_8231032_초등학교,details/detail_part_012.parquet
N10_8231033_초등학교,details/detail_part_012.parquet
N10_8231034_초등학교,details/detail_part_012.parquet
N10_8231035_초등학교,details/detail_part_012.parquet
N10_8231036_초등학교,details/detail_part_012.parquet
N10_8231038_초등학교,details/detail_part_012.parquet
N10_8231041_초등학교,details/detail_part_012.parquet
N10_8231042_초등학교,details/detail_part_012.parquet
N10_8231043_초등학교,details/detail_part_012.parquet
N10_8231045_초등학교,details/detail_part_012.parquet
N10_8231046_초등학교,details/detail_part_012.parquet
N10_8231089_초등학교,details/detail_part_012.parquet
N10_8241004_중학교,details/detail_part_012.parquet
N10_8241005_중학교,details/detail_part_012.parquet
N10_8241006_중학교,details/detail_part_012.parquet
N10_8241007_중학교,details/detail_part_012.parquet
N10_8241008_중학교,details/detail_part_012.parquet
N10_8241009_중학교,details/detail_part_012.parquet
N10_8241010_중학교,details/detail_part_012.parquet
N10_8241011_중학교,details/detail_part_012.parquet
N10_8241012_중학교,details/detail_part_012.parquet
N10_8241014_초등학교,details/detail_part_012.parquet
N10_8241015_초등학교,details/detail_part_012.parquet
N10_8241016_초등학교,details/detail_part_012.parquet
N10_8241018_초등학교,details/detail_part_012.parquet
N10_8241020_초등학교,details/detail_part_012.parquet
N10_8241022_초등학교,details/detail_part_012.parquet
N10_8241023_초등학교,details/detail_part_012.parquet
N10_8241024_초등학교,details/detail_part_012.parquet
N10_8241025_초등학교,details/detail_part_012.parquet
N10_8241026_초등학교,details/detail_part_012.parquet
N10_8241027_초등학교,details/detail_part_012.parquet
N10_8241028_초등학교,details/detail_part_012.parquet
N10_8241029_초등학교,details/detail_part_012.parquet
N10_8241030_초등학교,details/detail_part_012.parquet
N10_8241031_초등학교,details/detail_part_012.parquet
N10_8241032_초등학교,details/detail_part_012.parquet
N10_8251005_중학교,details/detail_part_012.parquet
N10_8251007_중학교,details/detail_part_012.parquet
N10_8251009_중학교,details/detail_part_012.parquet
N10_8251010_중학교,details/detail_part_012.parquet
N10_8251011_초등학교,details/detail_part_012.parquet
N10_8251013_초등학교,details/detail_part_012.parquet
N10_8251015_초등학교,details/detail_part_012.parquet
N10_8251019_초등학교,details/detail_part_012.parquet
N10_8251020_초등학교,details/detail_part_012.parquet
N10_8251021_초등학교,details/detail_part_012.parquet
N10_8251022_초등학교,details/detail_part_012.parquet
N10_8251023_초등학교,details/detail_part_012.parquet
N10_8251024_초등학교,details/detail_part_012.parquet
N10_8251025_초등학교,details/detail_part_012.parquet
N10_8251026_초등학교,details/detail_part_012.parquet
N10_8261004_중학교,details/detail_part_012.parquet
N10_8261007_중학교,details/detail_part_012.parquet
N10_8261008_중학교,details/detail_part_012.parquet
N10_8261009_중학교,details/detail_part_012.parquet
N10_8261010_중학교,details/detail_part_012.parquet
N10_8261011_중학교,details/detail_part_012.parquet
N10_8261012_중학교,details/detail_part_012.parquet
N10_8261013_중학교,details/detail_part_012.parquet
N10_8261015_중학교,details/detail_part_012.parquet
N10_8261016_초등학교,details/detail_part_012.parquet
N10_8261017_초등학교,details/detail_part_012.parquet
N10_8261022_초등학교,details/detail_part_012.parquet
N10_8261023_초등학교,details/detail_part_012.parquet
N10_8261024_초등학교,details/detail_part_012.parquet
N10_8261025_초등학교,details/detail_part_012.parquet
N10_8261028_초등학교,details/detail_part_012.parquet
N10_8261030_초등학교,details/detail_part_012.parquet
N10_8261031_초등학교,details/detail_part_012.parquet
N10_8261032_초등학교,details/detail_part_012.parquet
N10_8261033_초등학교,details/detail_part_012.parquet
N10_8261035_초등학교,details/detail_part_012.parquet
N10_8261036_초등학교,details/detail_part_012.parquet
N10_8261037_초등학교,details/detail_part_012.parquet
N10_8261038_초등학교,details/detail_part_012.parquet
N10_8261039_초등학교,details/detail_part_012.parquet
N10_8261040_초등학교,details/detail_part_012.parquet
N10_8261041_초등학교,details/detail_part_012.parquet
N10_8261087_중학교,details/detail_part_012.parquet
N10_8261088_초등학교,details/detail_part_012.parquet
N10_8261092_초등학교,details/detail_part_012.parquet
N10_8261098_초등학교,details/detail_part_012.parquet
N10_8261102_중학교,details/detail_part_012.parquet
N10_8261105_중학교,details/detail_part_012.parquet
N10_8271004_중학교,details/detail_part_012.parquet
N10_8271005_중학교,details/detail_part_012.parquet
N10_8271006_중학교,details/detail_part_012.parquet
N10_8271007_중학교,details/detail_part_012.parquet
N10_8271008_중학교,details/detail_part_012.parquet
N10_8271009_중학교,details/detail_part_012.parquet
N10_8271010_중학교,details/detail_part_012.parquet
N10_8271011_중학교,details/detail_part_012.parquet
N10_8271012_중학교,details/detail_part_012.parquet
N10_8271013_중학교,details/detail_part_012.parquet
N10_8271014_중학교,details/detail_part_012.parquet
N10_8271015_초등학교,details/detail_part_012.parquet
N10_8271016_초등학교,details/detail_part_012.parquet
N10_8271017_초등학교,details/detail_part_012.parquet
N10_8271018_초등학교,details/detail_part_012.parquet
N10_8271019_초등학교,details/detail_part_012.parquet
N10_8271020_초등학교,details/detail_part_012.parquet
N10_8271022_초등학교,details/detail_part_012.parquet
N10_8271023_초등학교,details/detail_part_012.parquet
N10_8271024_초등학교,details/detail_part_012.parquet
N10_8271025_초등학교,details/detail_part_012.parquet
N10_8271026_초등학교,details/detail_part_012.parquet
N10_8271027_초등학교,details/detail_part_012.parquet
N10_8271028_초등학교,details/detail_part_012.parquet
N10_8271029_초등학교,details/detail_part_012.parquet
N10_8271030_초등학교,details/detail_part_012.parquet
N10_8271031_초등학교,details/detail_part_012.parquet
N10_8271032_초등학교,details/detail_part_012.parquet
N10_8271033_초등학교,details/detail_part_012.parquet
N10_8271034_초등학교,details/detail_part_012.parquet
N10_8271035_초등학교,details/detail_part_012.parquet
N10_8271036_초등학교,details/detail_part_012.parquet
N10_8271037_초등학교,details/detail_part_012.parquet
N10_8271039_초등학교,details/detail_part_012.parquet
N10_8271040_초등학교,details/detail_part_012.parquet
N10_8281004_중학교,details/detail_part_012.parquet
N10_8281005_중학교,details/detail_part_012.parquet
N10_8281006_중학교,details/detail_part_012.parquet
N10_8281007_중학교,details/detail_part_012.parquet
N10_8281009_중학교,details/detail_part_012.parquet
N10_8281010_중학교,details/detail_part_012.parquet
N10_8281011_중학교,details/detail_part_012.parquet
N10_8281012_초등학교,details/detail_part_012.parquet
N10_8281013_초등학교,details/detail_part_012.parquet
N10_8281014_초등학교,details/detail_part_012.parquet
N10_8281015_초등학교,details/detail_part_012.parquet
N10_8281016_초등학교,details/detail_part_012.parquet
N10_8281017_초등학교,details/detail_part_012.parquet
N10_8281019_초등학교,details/detail_part_012.parquet
N10_8281020_초등학교,details/detail_part_012.parquet
N10_8281021_초등학교,details/detail_part_012.parquet
N10_8281022_초등학교,details/detail_part_012.parquet
N10_8281023_초등학교,details/detail_part_012.parquet
N10_8281024_초등학교,details/detail_part_012.parquet
N10_8281025_초등학교,details/detail_part_012.parquet
N10_8281026_초등학교,details/detail_part_012.parquet
N10_8281027_초등학교,details/detail_part_012.parquet
N10_8281028_초등학교,details/detail_part_012.parquet
N10_8281029_초등학교,details/detail_part_012.parquet
N10_8281030_초등학교,details/detail_part_012.parquet
N10_8281032_초등학교,details/detail_part_012.parquet
N10_8281036_초등학교,details/detail_part_012.parquet
N10_8281038_초등학교,details/detail_part_012.parquet
N10_8291004_중학교,details/detail_part_012.parquet
N10_8291005_중학교,details/detail_part_012.parquet
N10_8291006_중학교,details/detail_part_012.parquet
N10_8291007_중학교,details/detail_part_012.parquet
N10_8291008_중학교,details/detail_part_013.parquet
N10_8291009_중학교,details/detail_part_013.parquet
N10_8291010_중학교,details/detail_part_013.parquet
N10_8291012_중학교,details/detail_part_013.parquet
N10_8291013_중학교,details/detail_part_013.parquet
N10_8291014_중학교,details/detail_part_013.parquet
N10_8291015_중학교,details/detail_part_013.parquet
N10_8291016_중학교,details/detail_part_013.parquet
N10_8291018_초등학교,details/detail_part_013.parquet
N10_8291019_초등학교,details/detail_part_013.parquet
N10_8291020_초등학교,details/detail_part_013.parquet
N10_8291021_초등학교,details/detail_part_013.parquet
N10_8291024_초등학교,details/detail_part_013.parquet
N10_8291025_초등학교,details/detail_part_013.parquet
N10_8291027_초등학교,details/detail_part_013.parquet
N10_8291028_초등학교,details/detail_part_013.parquet
N10_8291029_초등학교,details/detail_part_013.parquet
N10_8291030_초등학교,details/detail_part_013.parquet
N10_8291031_초등학교,details/detail_part_013.parquet
N10_8291032_초등학교,details/detail_part_013.parquet
N10_8291033_초등학교,details/detail_part_013.parquet
N10_8291034_초등학교,details/detail_part_013.parquet
N10_8291035_초등학교,details/detail_part_013.parquet
N10_8291036_초등학교,details/detail_part_013.parquet
N10_8291037_초등학교,details/detail_part_013.parquet
N10_8291038_초등학교,details/detail_part_013.parquet
N10_8291039_초등학교,details/detail_part_013.parquet
N10_8291040_초등학교,details/detail_part_013.parquet
N10_8291041_초등학교,details/detail_part_013.parquet
N10_8291042_초등학교,details/detail_part_013.parquet
N10_8291043_초등학교,details/detail_part_013.parquet
N10_8291044_초등학교,details/detail_part_013.parquet
N10_8291045_초등학교,details/detail_part_013.parquet
N10_8291046_초등학교,details/detail_part_013.parquet
N10_8291047_초등학교,details/detail_part_013.parquet
N10_8291048_초등학교,details/detail_part_013.parquet
N10_8291049_초등학교,details/detail_part_013.parquet
N10_8291050_초등학교,details/detail_part_013.parquet
N10_8291052_중학교,details/detail_part_013.parquet
N10_8291054_초등학교,details/detail_part_013.parquet
N10_8291086_중학교,details/detail_part_013.parquet
N10_8291102_초등학교,details/detail_part_013.parquet
N10_8291104_초등학교,details/detail_part_013.parquet
N10_8291106_중학교,details/detail_part_013.parquet
N10_8291107_초등학교,details/detail_part_013.parquet
N10_C035902_중학교,details/detail_part_013.parquet
N10_C035903_고등학교,details/detail_part_013.parquet
N10_C036093_고등학교,details/detail_part_013.parquet
N10_C036093_중학교,details/detail_part_013.parquet
N10_C036093_초등학교,details/detail_part_013.parquet
N10__중학교,details/detail_part_013.parquet
P10_1421118_고등학교,details/detail_part_013.parquet
P10_7003982_고등학교,details/detail_part_013.parquet
P10_7005347_초등학교,details/detail_part_013.parquet
P10_7005348_초등학교,details/detail_part_013.parquet
P10_8321079_고등학교,details/detail_part_013.parquet
P10_8321080_고등학교,details/detail_part_013.parquet
P10_8321081_고등학교,details/detail_part_013.parquet
P10_8321082_고등학교,details/detail_part_013.parquet
P10_8321083_고등학교,details/detail_part_013.parquet
P10_8321084_고등학교,details/detail_part_013.parquet
P10_8321085_고등학교,details/detail_part_013.parquet
P10_8321086_고등학교,details/detail_part_013.parquet
P10_8321087_고등학교,details/detail_part_013.parquet
P10_8321088_고등학교,details/detail_part_013.parquet
P10_8321089_고등학교,details/detail_part_013.parquet
P10_8321090_고등학교,details/detail_part_013.parquet
P10_8321091_고등학교,details/detail_part_013.parquet
P10_8321092_고등학교,details/detail_part_013.parquet
P10_8321093_고등학교,details/detail_part_013.parquet
P10_8321094_고등학교,details/detail_part_013.parquet
P10_8321095_고등학교,details/detail_part_013.parquet
P10_8321096_고등학교,details/detail_part_013.parquet
P10_8321097_고등학교,details/detail_part_013.parquet
P10_8321098_고등학교,details/detail_part_013.parquet
P10_8321099_고등학교,details/detail_part_013.parquet
P10_8321100_고등학교,details/detail_part_013.parquet
P10_8321101_고등학교,details/detail_part_013.parquet
P10_8321102_고등학교,details/detail_part_013.parquet
P10_8321103_고등학교,details/detail_part_013.parquet
P10_8321104_고등학교,details/detail_part_013.parquet
P10_8321105_고등학교,details/detail_part_013.parquet
P10_8321106_고등학교,details/detail_part_013.parquet
P10_8321107_고등학교,details/detail_part_013.parquet
P10_8321108_고등학교,details/detail_part_013.parquet
P10_8321109_고등학교,details/detail_part_013.parquet
P10_8321110_고등학교,details/detail_part_013.parquet
P10_8321111_고등학교,details/detail_part_013.parquet
P10_8321112_고등학교,details/detail_part_013.parquet
P10_8321113_고등학교,details/detail_part_013.parquet
P10_8321114_고등학교,details/detail_part_013.parquet
P10_8321115_고등학교,details/detail_part_013.parquet
P10_8321116_고등학교,details/detail_part_013.parquet
P10_8321117_고등학교,details/detail_part_013.parquet
P10_8321118_고등학교,details/detail_part_013.parquet
P10_8321119_고등학교,details/detail_part_013.parquet
P10_8321120_고등학교,details/detail_part_013.parquet
P10_8321121_고등학교,details/detail_part_013.parquet
P10_8321122_고등학교,details/detail_part_013.parquet
P10_8321123_고등학교,details/detail_part_013.parquet
P10_8321124_고등학교,details/detail_part_013.parquet
P10_8321125_고등학교,details/detail_part_013.parquet
P10_8321126_고등학교,details/detail_part_013.parquet
P10_8321127_고등학교,details/detail_part_013.parquet
P10_8321128_고등학교,details/detail_part_013.parquet
P10_8321129_고등학교,details/detail_part_013.parquet
P10_8321130_고등학교,details/detail_part_013.parquet
P10_8321131_고등학교,details/detail_part_013.parquet
P10_8321132_고등학교,details/detail_part_013.parquet
P10_8321133_고등학교,details/detail_part_013.parquet
P10_8321134_고등학교,details/detail_part_013.parquet
P10_8321135_고등학교,details/detail_part_013.parquet
P10_8321136_고등학교,details/detail_part_013.parquet
P10_8321137_고등학교,details/detail_part_013.parquet
P10_8321138_고등학교,details/detail_part_013.parquet
P10_8321139_고등학교,details/detail_part_013.parquet
P10_8321140_고등학교,details/detail_part_013.parquet
P10_8321141_고등학교,details/detail_part_013.parquet
P10_8321142_고등학교,details/detail_part_013.parquet
P10_8321143_고등학교,details/detail_part_013.parquet
P10_8321144_고등학교,details/detail_part_013.parquet
P10_8321145_고등학교,details/detail_part_013.parquet
P10_8321146_고등학교,details/detail_part_013.parquet
P10_8321148_고등학교,details/detail_part_013.parquet
P10_8321149_고등학교,details/detail_part_013.parquet
P10_8321150_고등학교,details/detail_part_013.parquet
P10_8321151_고등학교,details/detail_part_013.parquet
P10_8321152_고등학교,details/detail_part_013.parquet
P10_8321153_고등학교,details/detail_part_013.parquet
P10_8321154_고등학교,details/detail_part_013.parquet
P10_8321155_고등학교,details/detail_part_013.parquet
P10_8321156_고등학교,details/detail_part_013.parquet
P10_8321157_고등학교,details/detail_part_013.parquet
P10_8321158_고등학교,details/detail_part_013.parquet
P10_8321159_고등학교,details/detail_part_013.parquet
P10_8321160_고등학교,details/detail_part_013.parquet
P10_8321161_고등학교,details/detail_part_013.parquet
P10_8321162_고등학교,details/detail_part_013.parquet
P10_8321163_고등학교,details/detail_part_013.parquet
P10_8321164_고등학교,details/detail_part_013.parquet
P10_8321165_고등학교,details/detail_part_013.parquet
P10_8321166_고등학교,details/detail_part_013.parquet
P10_8321167_고등학교,details/detail_part_013.parquet
P10_8321168_고등학교,details/detail_part_013.parquet
P10_8321169_고등학교,details/detail_part_013.parquet
P10_8321171_고등학교,details/detail_part_013.parquet
P10_8321172_고등학교,details/detail_part_013.parquet
P10_8321173_고등학교,details/detail_part_013.parquet
P10_8321174_고등학교,details/detail_part_013.parquet
P10_8321175_고등학교,details/detail_part_013.parquet
P10_8321177_고등학교,details/detail_part_013.parquet
P10_8321178_고등학교,details/detail_part_013.parquet
P10_8321179_고등학교,details/detail_part_013.parquet
P10_8321180_고등학교,details/detail_part_013.parquet
P10_8321181_고등학교,details/detail_part_013.parquet
P10_8321182_고등학교,details/detail_part_013.parquet
P10_8321183_고등학교,details/detail_part_013.parquet
P10_8321184_고등학교,details/detail_part_013.parquet
P10_8321185_고등학교,details/detail_part_013.parquet
P10_8321186_고등학교,details/detail_part_013.parquet
P10_8321187_고등학교,details/detail_part_013.parquet
P10_8321188_고등학교,details/detail_part_013.parquet
P10_8321190_고등학교,details/detail_part_013.parquet
P10_8321191_고등학교,details/detail_part_013.parquet
P10_8321193_고등학교,details/detail_part_013.parquet
P10_8321194_고등학교,details/detail_part_013.parquet
P10_8321195_고등학교,details/detail_part_013.parquet
P10_8321196_고등학교,details/detail_part_013.parquet
P10_8321197_고등학교,details/detail_part_013.parquet
P10_8321198_고등학교,details/detail_part_013.parquet
P10_8321199_고등학교,details/detail_part_013.parquet
P10_8321200_고등학교,details/detail_part_013.parquet
P10_8321203_고등학교,details/detail_part_013.parquet
P10_8321204_고등학교,details/detail_part_013.parquet
P10_8321205_고등학교,details/detail_part_013.parquet
P10_8321207_고등학교,details/detail_part_013.parquet
P10_8321208_고등학교,details/detail_part_013.parquet
P10_8321209_고등학교,details/detail_part_013.parquet
P10_8321210_고등학교,details/detail_part_013.parquet
P10_8321211_고등학교,details/detail_part_013.parquet
P10_8321217_고등학교,details/detail_part_013.parquet
P10_8321222_고등학교,details/detail_part_013.parquet
P10_8321222_중학교,details/detail_part_013.parquet
P10_8321222_초등학교,details/detail_part_013.parquet
P10_8321223_고등학교,details/detail_part_013.parquet
P10_8321223_중학교,details/detail_part_013.parquet
P10_8321223_초등학교,details/detail_part_013.parquet
P10_8321224_고등학교,details/detail_part_013.parquet
P10_8321224_중학교,details/detail_part_013.parquet
P10_8321224_초등학교,details/detail_part_013.parquet
P10_8321225_고등학교,details/detail_part_013.parquet
P10_8321225_중학교,details/detail_part_013.parquet
P10_8321225_초등학교,details/detail_part_013.parquet
P10_8321226_고등학교,details/detail_part_013.parquet
P10_8321226_중학교,details/detail_part_013.parquet
P10_8321226_초등학교,details/detail_part_013.parquet
P10_8321227_고등학교,details/detail_part_013.parquet
P10_8321227_중학교,details/detail_part_013.parquet
P10_8321227_초등학교,details/detail_part_013.parquet
P10_8321228_고등학교,details/detail_part_013.parquet
P10_8321228_중학교,details/detail_part_013.parquet
P10_8321228_초등학교,details/detail_part_013.parquet
P10_8321229_고등학교,details/detail_part_013.parquet
P10_8321229_중학교,details/detail_part_013.parquet
P10_8321229_초등학교,details/detail_part_013.parquet
P10_8321230_고등학교,details/detail_part_013.parquet
P10_8321230_중학교,details/detail_part_013.parquet
P10_8321230_초등학교,details/detail_part_013.parquet
P10_8321232_고등학교,details/detail_part_013.parquet
P10_8321233_고등학교,details/detail_part_013.parquet
P10_8321234_고등학교,details/detail_part_013.parquet
P10_8321235_고등학교,details/detail_part_013.parquet
P10_8321236_고등학교,details/detail_part_013.parquet
P10_8321237_고등학교,details/detail_part_013.parquet
P10_8321238_고등학교,details/detail_part_013.parquet
P10_8321240_고등학교,details/detail_part_013.parquet
P10_8321241_고등학교,details/detail_part_013.parquet
P10_8321242_고등학교,details/detail_part_013.parquet
P10_8321243_고등학교,details/detail_part_013.parquet
P10_8321268_고등학교,details/detail_part_013.parquet
P10_8321270_고등학교,details/detail_part_013.parquet
P10_8321272_고등학교,details/detail_part_013.parquet
P10_8321273_고등학교,details/detail_part_013.parquet
P10_8321275_고등학교,details/detail_part_013.parquet
P10_8332121_초등학교,details/detail_part_013.parquet
P10_8332122_초등학교,details/detail_part_013.parquet
P10_8332123_초등학교,details/detail_part_013.parquet
P10_8332124_초등학교,details/detail_part_013.parquet
P10_8332125_초등학교,details/detail_part_013.parquet
P10_8332126_초등학교,details/detail_part_013.parquet
P10_8332127_초등학교,details/detail_part_013.parquet
P10_8332128_초등학교,details/detail_part_013.parquet
P10_8332129_초등학교,details/detail_part_013.parquet
P10_8332130_초등학교,details/detail_part_013.parquet
P10_8332131_초등학교,details/detail_part_013.parquet
P10_8332132_초등학교,details/detail_part_013.parquet
P10_8332133_초등학교,details/detail_part_013.parquet
P10_8332134_초등학교,details/detail_part_013.parquet
P10_8332135_초등학교,details/detail_part_013.parquet
P10_8332136_초등학교,details/detail_part_013.parquet
P10_8332137_초등학교,details/detail_part_013.parquet
P10_8332138_초등학교,details/detail_part_013.parquet
P10_8332139_초등학교,details/detail_part_013.parquet
P10_8332140_초등학교,details/detail_part_013.parquet
P10_8332141_초등학교,details/detail_part_013.parquet
P10_8332142_초등학교,details/detail_part_013.parquet
P10_8332143_초등학교,details/detail_part_013.parquet
P10_8332144_초등학교,details/detail_part_013.parquet
P10_8332145_초등학교,details/detail_part_013.parquet
P10_8332146_초등학교,details/detail_part_013.parquet
P10_8332147_초등학교,details/detail_part_013.parquet
P10_8332148_초등학교,details/detail_part_013.parquet
P10_8332149_초등학교,details/detail_part_013.parquet
P10_8332150_초등학교,details/detail_part_013.parquet
P10_8332151_초등학교,details/detail_part_013.parquet
P10_8332152_초등학교,details/detail_part_013.parquet
P10_8332153_초등학교,details/detail_part_013.parquet
P10_8332154_초등학교,details/detail_part_013.parquet
P10_8332155_초등학교,details/detail_part_013.parquet
P10_8332156_초등학교,details/detail_part_013.parquet
P10_8332157_초등학교,details/detail_part_013.parquet
P10_8332158_초등학교,details/detail_part_013.parquet
P10_8332159_초등학교,details/detail_part_013.parquet
P10_8332160_초등학교,details/detail_part_013.parquet
P10_8332161_초등학교,details/detail_part_013.parquet
P10_8332162_초등학교,details/detail_part_013.parquet
P10_8332163_초등학교,details/detail_part_013.parquet
P10_8332164_초등학교,details/detail_part_013.parquet
P10_8332165_초등학교,details/detail_part_013.parquet
P10_8332166_초등학교,details/detail_part_013.parquet
P10_8332167_초등학교,details/detail_part_013.parquet
P10_8332168_초등학교,details/detail_part_013.parquet
P10_8332169_초등학교,details/detail_part_013.parquet
P10_8332170_초등학교,details/detail_part_013.parquet
P10_8332171_초등학교,details/detail_part_013.parquet
P10_8332172_초등학교,details/detail_part_013.parquet
P10_8332173_초등학교,details/detail_part_013.parquet
P10_8332174_초등학교,details/detail_part_013.parquet
P10_8332175_초등학교,details/detail_part_013.parquet
P10_8332176_초등학교,details/detail_part_013.parquet
P10_8332177_초등학교,details/detail_part_013.parquet
P10_8332178_초등학교,details/detail_part_013.parquet
P10_8332179_초등학교,details/detail_part_013.parquet
P10_8332180_초등학교,details/detail_part_013.parquet
P10_8332181_초등학교,details/detail_part_013.parquet
P10_8332182_초등학교,details/detail_part_013.parquet
P10_8332183_초등학교,details/detail_part_013.parquet
P10_8332184_초등학교,details/detail_part_013.parquet
P10_8332185_초등학교,details/detail_part_013.parquet
P10_8332186_초등학교,details/detail_part_013.parquet
P10_8332187_초등학교,details/detail_part_013.parquet
P10_8332188_초등학교,details/detail_part_013.parquet
P10_8332189_초등학교,details/detail_part_013.parquet
P10_8332190_초등학교,details/detail_part_013.parquet
P10_8332191_초등학교,details/detail_part_013.parquet
P10_8332192_초등학교,details/detail_part_013.parquet
P10_8332193_초등학교,details/detail_part_013.parquet
P10_8332194_초등학교,details/detail_part_013.parquet
P10_8332195_중학교,details/detail_part_013.parquet
P10_8332196_중학교,details/detail_part_013.parquet
P10_8332197_중학교,details/detail_part_013.parquet
P10_8332198_중학교,details/detail_part_013.parquet
P10_8332199_중학교,details/detail_part_013.parquet
P10_8332200_중학교,details/detail_part_013.parquet
P10_8332201_중학교,details/detail_part_013.parquet
P10_8332202_중학교,details/detail_part_013.parquet
P10_8332203_중학교,details/detail_part_013.parquet
P10_8332204_중학교,details/detail_part_013.parquet
P10_8332205_중학교,details/detail_part_013.parquet
P10_8332206_중학교,details/detail_part_013.parquet
P10_8332207_중학교,details/detail_part_013.parquet
P10_8332208_중학교,details/detail_part_013.parquet
P10_8332209_중학교,details/detail_part_013.parquet
P10_8332210_중학교,details/detail_part_013.parquet
P10_8332211_중학교,details/detail_part_013.parquet
P10_8332212_중학교,details/detail_part_013.parquet
P10_8332213_중학교,details/detail_part_013.parquet
P10_8332214_중학교,details/detail_part_013.parquet
P10_8332215_중학교,details/detail_part_013.parquet
P10_8332216_중학교,details/detail_part_013.parquet
P10_8332217_중학교,details/detail_part_013.parquet
P10_8332218_중학교,details/detail_part_013.parquet
P10_8332219_중학교,details/detail_part_013.parquet
P10_8332221_중학교,details/detail_part_013.parquet
P10_8332222_중학교,details/detail_part_013.parquet
P10_8332223_중학교,details/detail_part_013.parquet
P10_8332224_중학교,details/detail_part_013.parquet
P10_8332225_중학교,details/detail_part_013.parquet
P10_8332226_중학교,details/detail_part_013.parquet
P10_8332227_중학교,details/detail_part_013.parquet
P10_8332228_중학교,details/detail_part_013.parquet
P10_8332229_중학교,details/detail_part_013.parquet
P10_8332230_중학교,details/detail_part_013.parquet
P10_8332231_중학교,details/detail_part_013.parquet
P10_8332232_중학교,details/detail_part_013.parquet
P10_8332233_중학교,details/detail_part_013.parquet
P10_8332234_중학교,details/detail_part_013.parquet
P10_8332235_중학교,details/detail_part_013.parquet
P10_8332237_중학교,details/detail_part_013.parquet
P10_8332241_중학교,details/detail_part_013.parquet
P10_8332242_중학교,details/detail_part_013.parquet
P10_8342074_초등학교,details/detail_part_013.parquet
P10_8342075_초등학교,details/detail_part_013.parquet
P10_8342076_초등학교,details/detail_part_013.parquet
P10_8342077_초등학교,details/detail_part_013.parquet
P10_8342078_초등학교,details/detail_part_013.parquet
P10_8342079_초등학교,details/detail_part_013.parquet
P10_8342080_초등학교,details/detail_part_013.parquet
P10_8342081_초등학교,details/detail_part_013.parquet
P10_8342082_초등학교,details/detail_part_013.parquet
P10_8342083_초등학교,details/detail_part_013.parquet
P10_8342084_초등학교,details/detail_part_013.parquet
P10_8342085_초등학교,details/detail_part_013.parquet
P10_8342086_초등학교,details/detail_part_013.parquet
P10_8342087_초등학교,details/detail_part_013.parquet
P10_8342088_초등학교,details/detail_part_013.parquet
P10_8342089_초등학교,details/detail_part_013.parquet
P10_8342090_초등학교,details/detail_part_013.parquet
P10_8342091_초등학교,details/detail_part_013.parquet
P10_8342092_초등학교,details/detail_part_013.parquet
P10_8342093_초등학교,details/detail_part_013.parquet
P10_8342094_초등학교,details/detail_part_013.parquet
P10_8342095_초등학교,details/detail_part_013.parquet
P10_8342096_초등학교,details/detail_part_013.parquet
P10_8342097_초등학교,details/detail_part_013.parquet
P10_8342098_초등학교,details/detail_part_013.parquet
P10_8342099_초등학교,details/detail_part_013.parquet
P10_8342100_초등학교,details/detail_part_013.parquet
P10_8342101_초등학교,details/detail_part_013.parquet
P10_8342102_초등학교,details/detail_part_013.parquet
P10_8342103_초등학교,details/detail_part_013.parquet
P10_8342104_초등학교,details/detail_part_013.parquet
P10_8342105_초등학교,details/detail_part_013.parquet
P10_8342106_초등학교,details/detail_part_013.parquet
P10_8342107_초등학교,details/detail_part_013.parquet
P10_8342108_초등학교,details/detail_part_013.parquet
P10_8342109_초등학교,details/detail_part_013.parquet
P10_8342112_초등학교,details/detail_part_013.parquet
P10_8342113_초등학교,details/detail_part_013.parquet
P10_8342114_초등학교,details/detail_part_013.parquet
P10_8342115_초등학교,details/detail_part_013.parquet
P10_8342117_초등학교,details/detail_part_013.parquet
P10_8342122_초등학교,details/detail_part_013.parquet
P10_8342123_초등학교,details/detail_part_013.parquet
P10_8342124_초등학교,details/detail_part_013.parquet
P10_8342125_초등학교,details/detail_part_013.parquet
P10_8342126_초등학교,details/detail_part_013.parquet
P10_8342127_초등학교,details/detail_part_013.parquet
P10_8342128_초등학교,details/detail_part_013.parquet
P10_8342129_초등학교,details/detail_part_013.parquet
P10_8342130_중학교,details/detail_part_013.parquet
P10_8342131_중학교,details/detail_part_013.parquet
P10_8342132_중학교,details/detail_part_013.parquet
P10_8342133_중학교,details/detail_part_013.parquet
P10_8342134_중학교,details/detail_part_013.parquet
P10_8342135_중학교,details/detail_part_013.parquet
P10_8342136_중학교,details/detail_part_013.parquet
P10_8342137_중학교,details/detail_part_013.parquet
P10_8342138_중학교,details/detail_part_013.parquet
P10_8342139_중학교,details/detail_part_013.parquet
P10_8342140_중학교,details/detail_part_013.parquet
P10_8342141_중학교,details/detail_part_013.parquet
P10_8342142_중학교,details/detail_part_013.parquet
P10_8342143_중학교,details/detail_part_013.parquet
P10_8342144_중학교,details/detail_part_013.parquet
P10_8342145_중학교,details/detail_part_013.parquet
P10_8342146_중학교,details/detail_part_013.parquet
P10_8342147_중학교,details/detail_part_013.parquet
P10_8342148_중학교,details/detail_part_013.parquet
P10_8342150_중학교,details/detail_part_013.parquet
P10_8352082_초등학교,details/detail_part_013.parquet
P10_8352083_초등학교,details/detail_part_013.parquet
P10_8352084_초등학교,details/detail_part_013.parquet
P10_8352085_초등학교,details/detail_part_013.parquet
P10_8352086_초등학교,details/detail_part_013.parquet
P10_8352087_초등학교,details/detail_part_013.parquet
P10_8352088_초등학교,details/detail_part_013.parquet
P10_8352089_초등학교,details/detail_part_013.parquet
P10_8352090_초등학교,details/detail_part_013.parquet
P10_8352091_초등학교,details/detail_part_013.parquet
P10_8352092_초등학교,details/detail_part_013.parquet
P10_8352093_초등학교,details/detail_part_013.parquet
P10_8352094_초등학교,details/detail_part_013.parquet
P10_8352095_초등학교,details/detail_part_013.parquet
P10_8352096_초등학교,details/detail_part_013.parquet
P10_8352097_초등학교,details/detail_part_013.parquet
P10_8352098_초등학교,details/detail_part_013.parquet
P10_8352099_초등학교,details/detail_part_013.parquet
P10_8352100_초등학교,details/detail_part_013.parquet
P10_8352101_초등학교,details/detail_part_013.parquet
P10_8352102_초등학교,details/detail_part_013.parquet
P10_8352103_초등학교,details/detail_part_013.parquet
P10_8352104_초등학교,details/detail_part_013.parquet
P10_8352105_초등학교,details/detail_part_013.parquet
P10_8352106_초등학교,details/detail_part_013.parquet
P10_8352107_초등학교,details/detail_part_013.parquet
P10_8352108_초등학교,details/detail_part_013.parquet
P10_8352109_초등학교,details/detail_part_013.parquet
P10_8352110_초등학교,details/detail_part_013.parquet
P10_8352111_초등학교,details/detail_part_013.parquet
P10_8352112_초등학교,details/detail_part_013.parquet
P10_8352113_초등학교,details/detail_part_013.parquet
P10_8352114_초등학교,details/detail_part_013.parquet
P10_8352115_초등학교,details/detail_part_013.parquet
P10_8352116_초등학교,details/detail_part_013.parquet
P10_8352117_초등학교,details/detail_part_013.parquet
P10_8352118_초등학교,details/detail_part_013.parquet
P10_8352119_초등학교,details/detail_part_013.parquet
P10_8352120_초등학교,details/detail_part_013.parquet
P10_8352121_초등학교,details/detail_part_013.parquet
P10_8352122_초등학교,details/detail_part_013.parquet
P10_8352123_초등학교,details/detail_part_013.parquet
P10_8352124_초등학교,details/detail_part_013.parquet
P10_8352125_초등학교,details/detail_part_013.parquet
P10_8352126_초등학교,details/detail_part_013.parquet
P10_8352127_초등학교,details/detail_part_013.parquet
P10_8352128_초등학교,details/detail_part_013.parquet
P10_8352129_초등학교,details/detail_part_013.parquet
P10_8352130_초등학교,details/detail_part_013.parquet
P10_8352131_초등학교,details/detail_part_013.parquet
P10_8352132_초등학교,details/detail_part_013.parquet
P10_8352133_초등학교,details/detail_part_013.parquet
P10_8352134_초등학교,details/detail_part_013.parquet
P10_8352135_초등학교,details/detail_part_013.parquet
P10_8352136_초등학교,details/detail_part_013.parquet
P10_8352137_초등학교,details/detail_part_013.parquet
P10_8352138_초등학교,details/detail_part_013.parquet
P10_8352139_초등학교,details/detail_part_013.parquet
P10_8352140_초등학교,details/detail_part_013.parquet
P10_8352141_초등학교,details/detail_part_013.parquet
P10_8352142_중학교,details/detail_part_013.parquet
P10_8352143_중학교,details/detail_part_013.parquet
P10_8352144_중학교,details/detail_part_013.parquet
P10_8352145_중학교,details/detail_part_013.parquet
P10_8352146_중학교,details/detail_part_013.parquet
P10_8352147_중학교,details/detail_part_013.parquet
P10_8352148_중학교,details/detail_part_013.parquet
P10_8352149_중학교,details/detail_part_013.parquet
P10_8352150_중학교,details/detail_part_013.parquet
P10_8352151_중학교,details/detail_part_013.parquet
P10_8352152_중학교,details/detail_part_013.parquet
P10_8352153_중학교,details/detail_part_013.parquet
P10_8352154_중학교,details/detail_part_013.parquet
P10_8352155_중학교,details/detail_part_013.parquet
P10_8352156_중학교,details/detail_part_013.parquet
P10_8352157_중학교,details/detail_part_013.parquet
P10_8352158_중학교,details/detail_part_013.parquet
P10_8352159_중학교,details/detail_part_013.parquet
P10_8352160_중학교,details/detail_part_013.parquet
P10_8352161_중학교,details/detail_part_013.parquet
P10_8352162_중학교,details/detail_part_013.parquet
P10_8352163_중학교,details/detail_part_013.parquet
P10_8352164_중학교,details/detail_part_013.parquet
P10_8352165_중학교,details/detail_part_013.parquet
P10_8352166_중학교,details/detail_part_013.parquet
P10_8352167_중학교,details/detail_part_013.parquet
P10_8362044_초등학교,details/detail_part_013.parquet
P10_8362045_초등학교,details/detail_part_013.parquet
P10_8362046_초등학교,details/detail_part_013.parquet
P10_8362047_초등학교,details/detail_part_013.parquet
P10_8362048_초등학교,details/detail_part_013.parquet
P10_8362049_초등학교,details/detail_part_013.parquet
P10_8362050_초등학교,details/detail_part_013.parquet
P10_8362051_초등학교,details/detail_part_013.parquet
P10_8362052_초등학교,details/detail_part_013.parquet
P10_8362053_초등학교,details/detail_part_013.parquet
P10_8362054_초등학교,details/detail_part_013.parquet
P10_8362055_초등학교,details/detail_part_013.parquet
P10_8362056_초등학교,details/detail_part_013.parquet
P10_8362057_초등학교,details/detail_part_013.parquet
P10_8362058_초등학교,details/detail_part_013.parquet
P10_8362059_초등학교,details/detail_part_013.parquet
P10_8362060_초등학교,details/detail_part_013.parquet
P10_8362061_초등학교,details/detail_part_013.parquet
P10_8362062_초등학교,details/detail_part_013.parquet
P10_8362063_초등학교,details/detail_part_013.parquet
P10_8362064_초등학교,details/detail_part_013.parquet
P10_8362065_초등학교,details/detail_part_013.parquet
P10_8362066_초등학교,details/detail_part_013.parquet
P10_8362067_초등학교,details/detail_part_013.parquet
P10_8362068_초등학교,details/detail_part_013.parquet
P10_8362069_초등학교,details/detail_part_013.parquet
P10_8362070_초등학교,details/detail_part_013.parquet
P10_8362071_초등학교,details/detail_part_013.parquet
P10_8362072_초등학교,details/detail_part_013.parquet
P10_8362073_초등학교,details/detail_part_013.parquet
P10_8362074_초등학교,details/detail_part_013.parquet
P10_8362075_초등학교,details/detail_part_013.parquet
P10_8362076_초등학교,details/detail_part_013.parquet
P10_8362077_초등학교,details/detail_part_013.parquet
P10_8362079_중학교,details/detail_part_013.parquet
P10_8362080_중학교,details/detail_part_013.parquet
P10_8362081_중학교,details/detail_part_013.parquet
P10_8362082_중학교,details/detail_part_013.parquet
P10_8362083_중학교,details/detail_part_013.parquet
P10_8362084_중학교,details/detail_part_013.parquet
P10_8362085_중학교,details/detail_part_013.parquet
P10_8362086_중학교,details/detail_part_013.parquet
P10_8362087_중학교,details/detail_part_013.parquet
P10_8362088_중학교,details/detail_part_013.parquet
P10_8362089_중학교,details/detail_part_013.parquet
P10_8362090_중학교,details/detail_part_013.parquet
P10_8362091_중학교,details/detail_part_013.parquet
P10_8362092_중학교,details/detail_part_013.parquet
P10_8362093_중학교,details/detail_part_013.parquet
P10_8362094_중학교,details/detail_part_013.parquet
P10_8362095_중학교,details/detail_part_013.parquet
P10_8362096_중학교,details/detail_part_013.parquet
P10_8362097_중학교,details/detail_part_013.parquet
P10_8362100_중학교,details/detail_part_013.parquet
P10_8372033_초등학교,details/detail_part_013.parquet
P10_8372034_초등학교,details/detail_part_013.parquet
P10_8372035_초등학교,details/detail_part_013.parquet
P10_8372036_초등학교,details/detail_part_013.parquet
P10_8372037_초등학교,details/detail_part_013.parquet
P10_8372038_초등학교,details/detail_part_013.parquet
P10_8372039_초등학교,details/detail_part_013.parquet
P10_8372040_초등학교,details/detail_part_013.parquet
P10_8372041_초등학교,details/detail_part_013.parquet
P10_8372042_초등학교,details/detail_part_013.parquet
P10_8372043_초등학교,details/detail_part_013.parquet
P10_8372044_초등학교,details/detail_part_013.parquet
P10_8372045_초등학교,details/detail_part_013.parquet
P10_8372046_초등학교,details/detail_part_013.parquet
P10_8372047_초등학교,details/detail_part_013.parquet
P10_8372048_초등학교,details/detail_part_013.parquet
P10_8372049_초등학교,details/detail_part_013.parquet
P10_8372050_초등학교,details/detail_part_013.parquet
P10_8372051_초등학교,details/detail_part_013.parquet
P10_8372052_초등학교,details/detail_part_013.parquet
P10_8372053_초등학교,details/detail_part_013.parquet
P10_8372054_초등학교,details/detail_part_013.parquet
P10_8372055_초등학교,details/detail_part_013.parquet
P10_8372056_초등학교,details/detail_part_013.parquet
P10_8372057_초등학교,details/detail_part_013.parquet
P10_8372058_초등학교,details/detail_part_013.parquet
P10_8372059_초등학교,details/detail_part_013.parquet
P10_8372060_중학교,details/detail_part_013.parquet
P10_8372061_중학교,details/detail_part_013.parquet
P10_8372062_중학교,details/detail_part_013.parquet
P10_8372063_중학교,details/detail_part_013.parquet
P10_8372064_중학교,details/detail_part_013.parquet
P10_8372065_중학교,details/detail_part_013.parquet
P10_8372066_중학교,details/detail_part_013.parquet
P10_8372067_중학교,details/detail_part_013.parquet
P10_8372068_중학교,details/detail_part_013.parquet
P10_8372069_중학교,details/detail_part_013.parquet
P10_8372071_중학교,details/detail_part_013.parquet
P10_8372072_중학교,details/detail_part_013.parquet
P10_8372073_중학교,details/detail_part_013.parquet
P10_8382044_초등학교,details/detail_part_013.parquet
P10_8382045_초등학교,details/detail_part_013.parquet
P10_8382046_초등학교,details/detail_part_013.parquet
P10_8382047_초등학교,details/detail_part_013.parquet
P10_8382048_초등학교,details/detail_part_013.parquet
P10_8382049_초등학교,details/detail_part_013.parquet
P10_8382050_초등학교,details/detail_part_013.parquet
P10_8382051_초등학교,details/detail_part_013.parquet
P10_8382052_초등학교,details/detail_part_013.parquet
P10_8382053_초등학교,details/detail_part_013.parquet
P10_8382054_초등학교,details/detail_part_013.parquet
P10_8382055_초등학교,details/detail_part_013.parquet
P10_8382056_초등학교,details/detail_part_013.parquet
P10_8382057_초등학교,details/detail_part_013.parquet
P10_8382059_초등학교,details/detail_part_013.parquet
P10_8382060_초등학교,details/detail_part_013.parquet
P10_8382062_초등학교,details/detail_part_013.parquet
P10_8382063_초등학교,details/detail_part_013.parquet
P10_8382064_초등학교,details/detail_part_013.parquet
P10_8382065_초등학교,details/detail_part_013.parquet
P10_8382066_초등학교,details/detail_part_013.parquet
P10_8382067_초등학교,details/detail_part_013.parquet
P10_8382068_초등학교,details/detail_part_013.parquet
P10_8382069_초등학교,details/detail_part_013.parquet
P10_8382070_초등학교,details/detail_part_013.parquet
P10_8382071_초등학교,details/detail_part_013.parquet
P10_8382072_초등학교,details/detail_part_013.parquet
P10_8382073_초등학교,details/detail_part_013.parquet
P10_8382074_초등학교,details/detail_part_013.parquet
P10_8382076_초등학교,details/detail_part_013.parquet
P10_8382077_초등학교,details/detail_part_013.parquet
P10_8382078_초등학교,details/detail_part_013.parquet
P10_8382079_초등학교,details/detail_part_013.parquet
P10_8382080_중학교,details/detail_part_013.parquet
P10_8382081_중학교,details/detail_part_013.parquet
P10_8382082_중학교,details/detail_part_013.parquet
P10_8382083_중학교,details/detail_part_013.parquet
P10_8382084_중학교,details/detail_part_013.parquet
P10_8382085_중학교,details/detail_part_013.parquet
P10_8382086_중학교,details/detail_part_013.parquet
P10_8382087_중학교,details/detail_part_013.parquet
P10_8382088_중학교,details/detail_part_013.parquet
P10_8382089_중학교,details/detail_part_013.parquet
P10_8382090_중학교,details/detail_part_013.parquet
P10_8382091_중학교,details/detail_part_013.parquet
P10_8382092_중학교,details/detail_part_013.parquet
P10_8392043_초등학교,details/detail_part_013.parquet
P10_8392044_초등학교,details/detail_part_013.parquet
P10_8392045_초등학교,details/detail_part_013.parquet
P10_8392046_초등학교,details/detail_part_013.parquet
P10_8392047_초등학교,details/detail_part_013.parquet
P10_8392048_초등학교,details/detail_part_013.parquet
P10_8392049_초등학교,details/detail_part_013.parquet
P10_8392050_초등학교,details/detail_part_013.parquet
P10_8392051_초등학교,details/detail_part_013.parquet
P10_8392052_초등학교,details/detail_part_013.parquet
P10_8392053_초등학교,details/detail_part_013.parquet
P10_8392054_초등학교,details/detail_part_013.parquet
P10_8392055_초등학교,details/detail_part_013.parquet
P10_8392056_초등학교,details/detail_part_013.parquet
P10_8392057_초등학교,details/detail_part_013.parquet
P10_8392058_초등학교,details/detail_part_013.parquet
P10_8392059_초등학교,details/detail_part_013.parquet
P10_8392060_초등학교,details/detail_part_013.parquet
P10_8392061_초등학교,details/detail_part_013.parquet
P10_8392062_초등학교,details/detail_part_013.parquet
P10_8392063_초등학교,details/detail_part_013.parquet
P10_8392064_초등학교,details/detail_part_013.parquet
P10_8392065_초등학교,details/detail_part_013.parquet
P10_8392066_초등학교,details/detail_part_013.parquet
P10_8392067_초등학교,details/detail_part_013.parquet
P10_8392068_초등학교,details/detail_part_013.parquet
P10_8392069_초등학교,details/detail_part_013.parquet
P10_8392070_초등학교,details/detail_part_013.parquet
P10_8392071_초등학교,details/detail_part_013.parquet
P10_8392072_초등학교,details/detail_part_013.parquet
P10_8392073_중학교,details/detail_part_013.parquet
P10_8392074_중학교,details/detail_part_013.parquet
P10_8392075_중학교,details/detail_part_013.parquet
P10_8392076_중학교,details/detail_part_013.parquet
P10_8392077_중학교,details/detail_part_013.parquet
P10_8392078_중학교,details/detail_part_013.parquet
P10_8392079_중학교,details/detail_part_013.parquet
P10_8392080_중학교,details/detail_part_013.parquet
P10_8392081_중학교,details/detail_part_013.parquet
P10_8392082_중학교,details/detail_part_013.parquet
P10_8392083_중학교,details/detail_part_013.parquet
P10_8392084_중학교,details/detail_part_013.parquet
P10_8392085_중학교,details/detail_part_013.parquet
P10_8402018_초등학교,details/detail_part_013.parquet
P10_8402019_초등학교,details/detail_part_013.parquet
P10_8402020_초등학교,details/detail_part_013.parquet
P10_8402021_초등학교,details/detail_part_013.parquet
P10_8402022_초등학교,details/detail_part_013.parquet
P10_8402023_초등학교,details/detail_part_014.parquet
P10_8402024_초등학교,details/detail_part_014.parquet
P10_8402025_초등학교,details/detail_part_014.parquet
P10_8402026_초등학교,details/detail_part_014.parquet
P10_8402027_초등학교,details/detail_part_014.parquet
P10_8402028_초등학교,details/detail_part_014.parquet
P10_8402029_초등학교,details/detail_part_014.parquet
P10_8402030_초등학교,details/detail_part_014.parquet
P10_8402031_중학교,details/detail_part_014.parquet
P10_8402032_중학교,details/detail_part_014.parquet
P10_8402033_중학교,details/detail_part_014.parquet
P10_8402034_중학교,details/detail_part_014.parquet
P10_8402035_중학교,details/detail_part_014.parquet
P10_8402036_중학교,details/detail_part_014.parquet
P10_8402037_중학교,details/detail_part_014.parquet
P10_8402038_중학교,details/detail_part_014.parquet
P10_8402039_중학교,details/detail_part_014.parquet
P10_8402040_중학교,details/detail_part_014.parquet
P10_8412014_초등학교,details/detail_part_014.parquet
P10_8412015_초등학교,details/detail_part_014.parquet
P10_8412016_초등학교,details/detail_part_014.parquet
P10_8412017_초등학교,details/detail_part_014.parquet
P10_8412018_초등학교,details/detail_part_014.parquet
P10_8412019_초등학교,details/detail_part_014.parquet
P10_8412020_초등학교,details/detail_part_014.parquet
P10_8412021_초등학교,details/detail_part_014.parquet
P10_8412022_초등학교,details/detail_part_014.parquet
P10_8412023_초등학교,details/detail_part_014.parquet
P10_8412024_중학교,details/detail_part_014.parquet
P10_8412025_중학교,details/detail_part_014.parquet
P10_8412026_중학교,details/detail_part_014.parquet
P10_8412027_중학교,details/detail_part_014.parquet
P10_8412028_중학교,details/detail_part_014.parquet
P10_8412029_중학교,details/detail_part_014.parquet
P10_8422014_초등학교,details/detail_part_014.parquet
P10_8422015_초등학교,details/detail_part_014.parquet
P10_8422016_초등학교,details/detail_part_014.parquet
P10_8422017_초등학교,details/detail_part_014.parquet
P10_8422018_초등학교,details/detail_part_014.parquet
P10_8422019_초등학교,details/detail_part_014.parquet
P10_8422020_초등학교,details/detail_part_014.parquet
P10_8422021_초등학교,details/detail_part_014.parquet
P10_8422022_초등학교,details/detail_part_014.parquet
P10_8422023_중학교,details/detail_part_014.parquet
P10_8422024_중학교,details/detail_part_014.parquet
P10_8422025_중학교,details/detail_part_014.parquet
P10_8422026_중학교,details/detail_part_014.parquet
P10_8422027_중학교,details/detail_part_014.parquet
P10_8422028_중학교,details/detail_part_014.parquet
P10_8422029_중학교,details/detail_part_014.parquet
P10_8432020_초등학교,details/detail_part_014.parquet
P10_8432021_초등학교,details/detail_part_014.parquet
P10_8432022_초등학교,details/detail_part_014.parquet
P10_8432023_초등학교,details/detail_part_014.parquet
P10_8432024_초등학교,details/detail_part_014.parquet
P10_8432025_초등학교,details/detail_part_014.parquet
P10_8432026_초등학교,details/detail_part_014.parquet
P10_8432028_초등학교,details/detail_part_014.parquet
P10_8432029_초등학교,details/detail_part_014.parquet
P10_8432030_초등학교,details/detail_part_014.parquet
P10_8432031_초등학교,details/detail_part_014.parquet
P10_8432032_초등학교,details/detail_part_014.parquet
P10_8432033_초등학교,details/detail_part_014.parquet
P10_8432034_초등학교,details/detail_part_014.parquet
P10_8432036_중학교,details/detail_part_014.parquet
P10_8432037_중학교,details/detail_part_014.parquet
P10_8432038_중학교,details/detail_part_014.parquet
P10_8432039_중학교,details/detail_part_014.parquet
P10_8432040_중학교,details/detail_part_014.parquet
P10_8432041_중학교,details/detail_part_014.parquet
P10_8432043_중학교,details/detail_part_014.parquet
P10_8432044_중학교,details/detail_part_014.parquet
P10_8432045_중학교,details/detail_part_014.parquet
P10_8442020_초등학교,details/detail_part_014.parquet
P10_8442021_초등학교,details/detail_part_014.parquet
P10_8442022_초등학교,details/detail_part_014.parquet
P10_8442023_초등학교,details/detail_part_014.parquet
P10_8442024_초등학교,details/detail_part_014.parquet
P10_8442025_초등학교,details/detail_part_014.parquet
P10_8442026_초등학교,details/detail_part_014.parquet
P10_8442027_초등학교,details/detail_part_014.parquet
P10_8442028_초등학교,details/detail_part_014.parquet
P10_8442029_초등학교,details/detail_part_014.parquet
P10_8442030_초등학교,details/detail_part_014.parquet
P10_8442031_초등학교,details/detail_part_014.parquet
P10_8442032_초등학교,details/detail_part_014.parquet
P10_8442033_초등학교,details/detail_part_014.parquet
P10_8442034_초등학교,details/detail_part_014.parquet
P10_8442036_중학교,details/detail_part_014.parquet
P10_8442037_중학교,details/detail_part_014.parquet
P10_8442038_중학교,details/detail_part_014.parquet
P10_8442039_중학교,details/detail_part_014.parquet
P10_8442040_중학교,details/detail_part_014.parquet
P10_8442041_중학교,details/detail_part_014.parquet
P10_8442042_중학교,details/detail_part_014.parquet
P10_8452028_초등학교,details/detail_part_014.parquet
P10_8452029_초등학교,details/detail_part_014.parquet
P10_8452030_초등학교,details/detail_part_014.parquet
P10_8452031_초등학교,details/detail_part_014.parquet
P10_8452033_초등학교,details/detail_part_014.parquet
P10_8452034_초등학교,details/detail_part_014.parquet
P10_8452035_초등학교,details/detail_part_014.parquet
P10_8452036_초등학교,details/detail_part_014.parquet
P10_8452038_초등학교,details/detail_part_014.parquet
P10_8452039_초등학교,details/detail_part_014.parquet
P10_8452040_초등학교,details/detail_part_014.parquet
P10_8452041_초등학교,details/detail_part_014.parquet
P10_8452042_초등학교,details/detail_part_014.parquet
P10_8452043_초등학교,details/detail_part_014.parquet
P10_8452044_초등학교,details/detail_part_014.parquet
P10_8452045_초등학교,details/detail_part_014.parquet
P10_8452046_초등학교,details/detail_part_014.parquet
P10_8452047_초등학교,details/detail_part_014.parquet
P10_8452048_초등학교,details/detail_part_014.parquet
P10_8452049_중학교,details/detail_part_014.parquet
P10_8452050_중학교,details/detail_part_014.parquet
P10_8452051_중학교,details/detail_part_014.parquet
P10_8452052_중학교,details/detail_part_014.parquet
P10_8452053_중학교,details/detail_part_014.parquet
P10_8452054_중학교,details/detail_part_014.parquet
P10_8452055_중학교,details/detail_part_014.parquet
P10_8452056_중학교,details/detail_part_014.parquet
P10_8452057_중학교,details/detail_part_014.parquet
P10_8452058_중학교,details/detail_part_014.parquet
P10_8452059_중학교,details/detail_part_014.parquet
P10_8452060_중학교,details/detail_part_014.parquet
P10_8452061_중학교,details/detail_part_014.parquet
P10_8452062_중학교,details/detail_part_014.parquet
P10_8452063_초등학교,details/detail_part_014.parquet
P10_8462027_초등학교,details/detail_part_014.parquet
P10_8462028_초등학교,details/detail_part_014.parquet
P10_8462029_초등학교,details/detail_part_014.parquet
P10_8462031_초등학교,details/detail_part_014.parquet
P10_8462032_초등학교,details/detail_part_014.parquet
P10_8462033_초등학교,details/detail_part_014.parquet
P10_8462034_초등학교,details/detail_part_014.parquet
P10_8462035_초등학교,details/detail_part_014.parquet
P10_8462036_초등학교,details/detail_part_014.parquet
P10_8462037_초등학교,details/detail_part_014.parquet
P10_8462038_초등학교,details/detail_part_014.parquet
P10_8462039_초등학교,details/detail_part_014.parquet
P10_8462040_초등학교,details/detail_part_014.parquet
P10_8462041_초등학교,details/detail_part_014.parquet
P10_8462043_초등학교,details/detail_part_014.parquet
P10_8462044_초등학교,details/detail_part_014.parquet
P10_8462045_초등학교,details/detail_part_014.parquet
P10_8462047_초등학교,details/detail_part_014.parquet
P10_8462048_초등학교,details/detail_part_014.parquet
P10_8462049_중학교,details/detail_part_014.parquet
P10_8462050_중학교,details/detail_part_014.parquet
P10_8462051_중학교,details/detail_part_014.parquet
P10_8462052_중학교,details/detail_part_014.parquet
P10_8462053_중학교,details/detail_part_014.parquet
P10_8462055_중학교,details/detail_part_014.parquet
P10_8462056_중학교,details/detail_part_014.parquet
P10_8462057_중학교,details/detail_part_014.parquet
P10_8462058_중학교,details/detail_part_014.parquet
P10_8462059_중학교,details/detail_part_014.parquet
P10_8462060_중학교,details/detail_part_014.parquet
P10_8462061_중학교,details/detail_part_014.parquet
Q10_7006150_초등학교,details/detail_part_014.parquet
Q10_8490032_고등학교,details/detail_part_014.parquet
Q10_8490033_고등학교,details/detail_part_014.parquet
Q10_8490035_고등학교,details/detail_part_014.parquet
Q10_8490037_고등학교,details/detail_part_014.parquet
Q10_8490038_고등학교,details/detail_part_014.parquet
Q10_8490039_고등학교,details/detail_part_014.parquet
Q10_8490040_고등학교,details/detail_part_014.parquet
Q10_8490041_고등학교,details/detail_part_014.parquet
Q10_8490043_고등학교,details/detail_part_014.parquet
Q10_8490044_고등학교,details/detail_part_014.parquet
Q10_8490045_고등학교,details/detail_part_014.parquet
Q10_8490047_고등학교,details/detail_part_014.parquet
Q10_8490048_고등학교,details/detail_part_014.parquet
Q10_8490049_고등학교,details/detail_part_014.parquet
Q10_8490052_고등학교,details/detail_part_014.parquet
Q10_8490054_고등학교,details/detail_part_014.parquet
Q10_8490055_고등학교,details/detail_part_014.parquet
Q10_8490056_고등학교,details/detail_part_014.parquet
Q10_8490057_고등학교,details/detail_part_014.parquet
Q10_8490058_고등학교,details/detail_part_014.parquet
Q10_8490059_고등학교,details/detail_part_014.parquet
Q10_8490060_고등학교,details/detail_part_014.parquet
Q10_8490062_고등학교,details/detail_part_014.parquet
Q10_8490063_고등학교,details/detail_part_014.parquet
Q10_8490064_고등학교,details/detail_part_014.parquet
Q10_8490065_고등학교,details/detail_part_014.parquet
Q10_8490066_고등학교,details/detail_part_014.parquet
Q10_8490067_고등학교,details/detail_part_014.parquet
Q10_8490068_고등학교,details/detail_part_014.parquet
Q10_8490069_고등학교,details/detail_part_014.parquet
Q10_8490070_고등학교,details/detail_part_014.parquet
Q10_8490073_고등학교,details/detail_part_014.parquet
Q10_8490076_고등학교,details/detail_part_014.parquet
Q10_8490077_고등학교,details/detail_part_014.parquet
Q10_8490078_고등학교,details/detail_part_014.parquet
Q10_8490079_고등학교,details/detail_part_014.parquet
Q10_8490081_고등학교,details/detail_part_014.parquet
Q10_8490082_고등학교,details/detail_part_014.parquet
Q10_8490083_고등학교,details/detail_part_014.parquet
Q10_8490085_고등학교,details/detail_part_014.parquet
Q10_8490086_고등학교,details/detail_part_014.parquet
Q10_8490087_고등학교,details/detail_part_014.parquet
Q10_8490088_고등학교,details/detail_part_014.parquet
Q10_8490089_고등학교,details/detail_part_014.parquet
Q10_8490090_고등학교,details/detail_part_014.parquet
Q10_8490091_고등학교,details/detail_part_014.parquet
Q10_8490092_고등학교,details/detail_part_014.parquet
Q10_8490093_고등학교,details/detail_part_014.parquet
Q10_8490094_고등학교,details/detail_part_014.parquet
Q10_8490095_고등학교,details/detail_part_014.parquet
Q10_8490096_고등학교,details/detail_part_014.parquet
Q10_8490097_고등학교,details/detail_part_014.parquet
Q10_8490098_고등학교,details/detail_part_014.parquet
Q10_8490099_고등학교,details/detail_part_014.parquet
Q10_8490100_고등학교,details/detail_part_014.parquet
Q10_8490101_고등학교,details/detail_part_014.parquet
Q10_8490102_고등학교,details/detail_part_014.parquet
Q10_8490103_고등학교,details/detail_part_014.parquet
Q10_8490104_고등학교,details/detail_part_014.parquet
Q10_8490105_고등학교,details/detail_part_014.parquet
Q10_8490107_고등학교,details/detail_part_014.parquet
Q10_8490108_고등학교,details/detail_part_014.parquet
Q10_8490109_고등학교,details/detail_part_014.parquet
Q10_8490110_고등학교,details/detail_part_014.parquet
Q10_8490111_고등학교,details/detail_part_014.parquet
Q10_8490120_고등학교,details/detail_part_014.parquet
Q10_8490124_고등학교,details/detail_part_014.parquet
Q10_8490141_고등학교,details/detail_part_014.parquet
Q10_8490151_고등학교,details/detail_part_014.parquet
Q10_8490159_고등학교,details/detail_part_014.parquet
Q10_8490164_고등학교,details/detail_part_014.parquet
Q10_8490165_고등학교,details/detail_part_014.parquet
Q10_8490169_고등학교,details/detail_part_014.parquet
Q10_8490171_고등학교,details/detail_part_014.parquet
Q10_8490177_고등학교,details/detail_part_014.parquet
Q10_8490180_고등학교,details/detail_part_014.parquet
Q10_8490182_고등학교,details/detail_part_014.parquet
Q10_8490183_고등학교,details/detail_part_014.parquet
Q10_8490188_고등학교,details/detail_part_014.parquet
Q10_8490188_중학교,details/detail_part_014.parquet
Q10_8490188_초등학교,details/detail_part_014.parquet
Q10_8490189_고등학교,details/detail_part_014.parquet
Q10_8490189_중학교,details/detail_part_014.parquet
Q10_8490189_초등학교,details/detail_part_014.parquet
Q10_8490191_고등학교,details/detail_part_014.parquet
Q10_8490191_중학교,details/detail_part_014.parquet
Q10_8490191_초등학교,details/detail_part_014.parquet
Q10_8490192_고등학교,details/detail_part_014.parquet
Q10_8490192_중학교,details/detail_part_014.parquet
Q10_8490192_초등학교,details/detail_part_014.parquet
Q10_8490193_고등학교,details/detail_part_014.parquet
Q10_8490193_중학교,details/detail_part_014.parquet
Q10_8490193_초등학교,details/detail_part_014.parquet
Q10_8490209_고등학교,details/detail_part_014.parquet
Q10_8490212_고등학교,details/detail_part_014.parquet
Q10_8490213_고등학교,details/detail_part_014.parquet
Q10_8490214_고등학교,details/detail_part_014.parquet
Q10_8490215_고등학교,details/detail_part_014.parquet
Q10_8490220_고등학교,details/detail_part_014.parquet
Q10_8490222_고등학교,details/detail_part_014.parquet
Q10_8490223_고등학교,details/detail_part_014.parquet
Q10_8490224_고등학교,details/detail_part_014.parquet
Q10_8490227_고등학교,details/detail_part_014.parquet
Q10_8490230_고등학교,details/detail_part_014.parquet
Q10_8490235_고등학교,details/detail_part_014.parquet
Q10_8490236_고등학교,details/detail_part_014.parquet
Q10_8490239_고등학교,details/detail_part_014.parquet
Q10_8490240_고등학교,details/detail_part_014.parquet
Q10_8490240_중학교,details/detail_part_014.parquet
Q10_8490240_초등학교,details/detail_part_014.parquet
Q10_8490242_고등학교,details/detail_part_014.parquet
Q10_8490243_고등학교,details/detail_part_014.parquet
Q10_8490245_고등학교,details/detail_part_014.parquet
Q10_8490247_고등학교,details/detail_part_014.parquet
Q10_8490247_중학교,details/detail_part_014.parquet
Q10_8490247_초등학교,details/detail_part_014.parquet
Q10_8490248_고등학교,details/detail_part_014.parquet
Q10_8490270_고등학교,details/detail_part_014.parquet
Q10_8490271_고등학교,details/detail_part_014.parquet
Q10_8490272_고등학교,details/detail_part_014.parquet
Q10_8490273_고등학교,details/detail_part_014.parquet
Q10_8490276_고등학교,details/detail_part_014.parquet
Q10_8490283_고등학교,details/detail_part_014.parquet
Q10_8490286_고등학교,details/detail_part_014.parquet
Q10_8490287_고등학교,details/detail_part_014.parquet
Q10_8490288_고등학교,details/detail_part_014.parquet
Q10_8490289_고등학교,details/detail_part_014.parquet
Q10_8490290_고등학교,details/detail_part_014.parquet
Q10_8490291_고등학교,details/detail_part_014.parquet
Q10_8490295_고등학교,details/detail_part_014.parquet
Q10_8490296_고등학교,details/detail_part_014.parquet
Q10_8490299_고등학교,details/detail_part_014.parquet
Q10_8490301_고등학교,details/detail_part_014.parquet
Q10_8490305_고등학교,details/detail_part_014.parquet
Q10_8490308_고등학교,details/detail_part_014.parquet
Q10_8490311_중학교,details/detail_part_014.parquet
Q10_8490316_고등학교,details/detail_part_014.parquet
Q10_8490319_고등학교,details/detail_part_014.parquet
Q10_8490320_고등학교,details/detail_part_014.parquet
Q10_8490323_고등학교,details/detail_part_014.parquet
Q10_8490325_고등학교,details/detail_part_014.parquet
Q10_8490339_고등학교,details/detail_part_014.parquet
Q10_8490340_고등학교,details/detail_part_014.parquet
Q10_8490363_고등학교,details/detail_part_014.parquet
Q10_8490373_고등학교,details/detail_part_014.parquet
Q10_8490374_고등학교,details/detail_part_014.parquet
Q10_8490375_고등학교,details/detail_part_014.parquet
Q10_8490376_고등학교,details/detail_part_014.parquet
Q10_8490377_고등학교,details/detail_part_014.parquet
Q10_8490398_고등학교,details/detail_part_014.parquet
Q10_8490398_중학교,details/detail_part_014.parquet
Q10_8490398_초등학교,details/detail_part_014.parquet
Q10_8490411_고등학교,details/detail_part_014.parquet
Q10_8490412_고등학교,details/detail_part_014.parquet
Q10_8490413_고등학교,details/detail_part_014.parquet
Q10_8490414_고등학교,details/detail_part_014.parquet
Q10_8490415_고등학교,details/detail_part_014.parquet
Q10_8490416_고등학교,details/detail_part_014.parquet
Q10_8490417_고등학교,details/detail_part_014.parquet
Q10_8490425_고등학교,details/detail_part_014.parquet
Q10_8490427_고등학교,details/detail_part_014.parquet
Q10_8490428_고등학교,details/detail_part_014.parquet
Q10_8490429_고등학교,details/detail_part_014.parquet
Q10_8490433_고등학교,details/detail_part_014.parquet
Q10_8490446_중학교,details/detail_part_014.parquet
Q10_8490447_고등학교,details/detail_part_014.parquet
Q10_8490458_고등학교,details/detail_part_014.parquet
Q10_8490459_고등학교,details/detail_part_014.parquet
Q10_8490468_고등학교,details/detail_part_014.parquet
Q10_8490516_고등학교,details/detail_part_014.parquet
Q10_8490517_고등학교,details/detail_part_014.parquet
Q10_8490517_중학교,details/detail_part_014.parquet
Q10_8490517_초등학교,details/detail_part_014.parquet
Q10_8490519_고등학교,details/detail_part_014.parquet
Q10_8490575_고등학교,details/detail_part_014.parquet
Q10_8490576_고등학교,details/detail_part_014.parquet
Q10_8490577_고등학교,details/detail_part_014.parquet
Q10_8490578_고등학교,details/detail_part_014.parquet
Q10_8490579_고등학교,details/detail_part_014.parquet
Q10_8490587_고등학교,details/detail_part_014.parquet
Q10_8501003_중학교,details/detail_part_014.parquet
Q10_8501004_중학교,details/detail_part_014.parquet
Q10_8501005_중학교,details/detail_part_014.parquet
Q10_8501006_중학교,details/detail_part_014.parquet
Q10_8501007_중학교,details/detail_part_014.parquet
Q10_8501008_중학교,details/detail_part_014.parquet
Q10_8501009_중학교,details/detail_part_014.parquet
Q10_8501010_중학교,details/detail_part_014.parquet
Q10_8501011_중학교,details/detail_part_014.parquet
Q10_8501012_중학교,details/detail_part_014.parquet
Q10_8501013_중학교,details/detail_part_014.parquet
Q10_8501014_중학교,details/detail_part_014.parquet
Q10_8501015_중학교,details/detail_part_014.parquet
Q10_8501016_중학교,details/detail_part_014.parquet
Q10_8501017_중학교,details/detail_part_014.parquet
Q10_8501018_중학교,details/detail_part_014.parquet
Q10_8501019_초등학교,details/detail_part_014.parquet
Q10_8501020_초등학교,details/detail_part_014.parquet
Q10_8501021_초등학교,details/detail_part_014.parquet
Q10_8501022_초등학교,details/detail_part_014.parquet
Q10_8501023_초등학교,details/detail_part_014.parquet
Q10_8501026_초등학교,details/detail_part_014.parquet
Q10_8501027_초등학교,details/detail_part_014.parquet
Q10_8501028_초등학교,details/detail_part_014.parquet
Q10_8501029_초등학교,details/detail_part_014.parquet
Q10_8501031_초등학교,details/detail_part_014.parquet
Q10_8501032_초등학교,details/detail_part_014.parquet
Q10_8501033_초등학교,details/detail_part_014.parquet
Q10_8501034_초등학교,details/detail_part_014.parquet
Q10_8501035_초등학교,details/detail_part_014.parquet
Q10_8501036_초등학교,details/detail_part_014.parquet
Q10_8501037_초등학교,details/detail_part_014.parquet
Q10_8501038_초등학교,details/detail_part_014.parquet
Q10_8501039_초등학교,details/detail_part_014.parquet
Q10_8501040_초등학교,details/detail_part_014.parquet
Q10_8501041_초등학교,details/detail_part_014.parquet
Q10_8501042_초등학교,details/detail_part_014.parquet
Q10_8501043_초등학교,details/detail_part_014.parquet
Q10_8501044_초등학교,details/detail_part_014.parquet
Q10_8501045_초등학교,details/detail_part_014.parquet
Q10_8501046_초등학교,details/detail_part_014.parquet
Q10_8501047_초등학교,details/detail_part_014.parquet
Q10_8501048_초등학교,details/detail_part_014.parquet
Q10_8501049_초등학교,details/detail_part_014.parquet
Q10_8501050_초등학교,details/detail_part_014.parquet
Q10_8501106_초등학교,details/detail_part_014.parquet
Q10_8501115_초등학교,details/detail_part_014.parquet
Q10_8501120_초등학교,details/detail_part_014.parquet
Q10_8501121_중학교,details/detail_part_014.parquet
Q10_8511003_중학교,details/detail_part_014.parquet
Q10_8511004_중학교,details/detail_part_014.parquet
Q10_8511005_중학교,details/detail_part_014.parquet
Q10_8511008_중학교,details/detail_part_014.parquet
Q10_8511009_중학교,details/detail_part_014.parquet
Q10_8511010_중학교,details/detail_part_014.parquet
Q10_8511012_중학교,details/detail_part_014.parquet
Q10_8511013_중학교,details/detail_part_014.parquet
Q10_8511014_중학교,details/detail_part_014.parquet
Q10_8511015_중학교,details/detail_part_014.parquet
Q10_8511019_중학교,details/detail_part_014.parquet
Q10_8511021_중학교,details/detail_part_014.parquet
Q10_8511022_중학교,details/detail_part_014.parquet
Q10_8511024_중학교,details/detail_part_014.parquet
Q10_8511025_중학교,details/detail_part_014.parquet
Q10_8511026_중학교,details/detail_part_014.parquet
Q10_8511027_중학교,details/detail_part_014.parquet
Q10_8511030_중학교,details/detail_part_014.parquet
Q10_8511031_중학교,details/detail_part_014.parquet
Q10_8511032_초등학교,details/detail_part_014.parquet
Q10_8511033_초등학교,details/detail_part_014.parquet
Q10_8511034_초등학교,details/detail_part_014.parquet
Q10_8511035_초등학교,details/detail_part_014.parquet
Q10_8511036_초등학교,details/detail_part_014.parquet
Q10_8511037_초등학교,details/detail_part_014.parquet
Q10_8511038_초등학교,details/detail_part_014.parquet
Q10_8511039_초등학교,details/detail_part_014.parquet
Q10_8511040_초등학교,details/detail_part_014.parquet
Q10_8511042_초등학교,details/detail_part_014.parquet
Q10_8511044_초등학교,details/detail_part_014.parquet
Q10_8511045_초등학교,details/detail_part_014.parquet
Q10_8511046_초등학교,details/detail_part_014.parquet
Q10_8511047_초등학교,details/detail_part_014.parquet
Q10_8511048_초등학교,details/detail_part_014.parquet
Q10_8511049_초등학교,details/detail_part_014.parquet
Q10_8511050_초등학교,details/detail_part_014.parquet
Q10_8511051_초등학교,details/detail_part_014.parquet
Q10_8511052_초등학교,details/detail_part_014.parquet
Q10_8511053_초등학교,details/detail_part_014.parquet
Q10_8511054_초등학교,details/detail_part_014.parquet
Q10_8511055_초등학교,details/detail_part_014.parquet
Q10_8511056_초등학교,details/detail_part_014.parquet
Q10_8511057_초등학교,details/detail_part_014.parquet
Q10_8511059_초등학교,details/detail_part_014.parquet
Q10_8511061_초등학교,details/detail_part_014.parquet
Q10_8511062_초등학교,details/detail_part_014.parquet
Q10_8511063_초등학교,details/detail_part_014.parquet
Q10_8511066_초등학교,details/detail_part_014.parquet
Q10_8511067_초등학교,details/detail_part_014.parquet
Q10_8511070_초등학교,details/detail_part_014.parquet
Q10_8511071_초등학교,details/detail_part_014.parquet
Q10_8511073_초등학교,details/detail_part_014.parquet
Q10_8511074_초등학교,details/detail_part_014.parquet
Q10_8511075_초등학교,details/detail_part_014.parquet
Q10_8511077_초등학교,details/detail_part_014.parquet
Q10_8511079_초등학교,details/detail_part_014.parquet
Q10_8511081_초등학교,details/detail_part_014.parquet
Q10_8511083_초등학교,details/detail_part_014.parquet
Q10_8511090_초등학교,details/detail_part_014.parquet
Q10_8511091_초등학교,details/detail_part_014.parquet
Q10_8511097_초등학교,details/detail_part_014.parquet
Q10_8511098_초등학교,details/detail_part_014.parquet
Q10_8511099_초등학교,details/detail_part_014.parquet
Q10_8511100_초등학교,details/detail_part_014.parquet
Q10_8511101_초등학교,details/detail_part_014.parquet
Q10_8511102_초등학교,details/detail_part_014.parquet
Q10_8511176_초등학교,details/detail_part_014.parquet
Q10_8511177_초등학교,details/detail_part_014.parquet
Q10_8511181_중학교,details/detail_part_014.parquet
Q10_8511182_초등학교,details/detail_part_014.parquet
Q10_8511194_중학교,details/detail_part_014.parquet
Q10_8511200_초등학교,details/detail_part_014.parquet
Q10_8511208_초등학교,details/detail_part_014.parquet
Q10_8511213_초등학교,details/detail_part_014.parquet
Q10_8511214_중학교,details/detail_part_014.parquet
Q10_8511215_중학교,details/detail_part_014.parquet
Q10_8511216_중학교,details/detail_part_014.parquet
Q10_8511217_중학교,details/detail_part_014.parquet
Q10_8521003_중학교,details/detail_part_014.parquet
Q10_8521004_중학교,details/detail_part_014.parquet
Q10_8521007_중학교,details/detail_part_014.parquet
Q10_8521008_중학교,details/detail_part_014.parquet
Q10_8521009_중학교,details/detail_part_014.parquet
Q10_8521010_중학교,details/detail_part_014.parquet
Q10_8521011_중학교,details/detail_part_014.parquet
Q10_8521012_중학교,details/detail_part_014.parquet
Q10_8521013_중학교,details/detail_part_014.parquet
Q10_8521014_중학교,details/detail_part_014.parquet
Q10_8521015_중학교,details/detail_part_014.parquet
Q10_8521016_중학교,details/detail_part_014.parquet
Q10_8521017_중학교,details/detail_part_014.parquet
Q10_8521018_중학교,details/detail_part_014.parquet
Q10_8521020_중학교,details/detail_part_014.parquet
Q10_8521021_중학교,details/detail_part_014.parquet
Q10_8521022_중학교,details/detail_part_014.parquet
Q10_8521023_중학교,details/detail_part_014.parquet
Q10_8521024_초등학교,details/detail_part_014.parquet
Q10_8521025_초등학교,details/detail_part_014.parquet
Q10_8521026_초등학교,details/detail_part_014.parquet
Q10_8521027_초등학교,details/detail_part_014.parquet
Q10_8521028_초등학교,details/detail_part_014.parquet
Q10_8521029_초등학교,details/detail_part_014.parquet
Q10_8521030_초등학교,details/detail_part_014.parquet
Q10_8521031_초등학교,details/detail_part_014.parquet
Q10_8521032_초등학교,details/detail_part_014.parquet
Q10_8521033_초등학교,details/detail_part_014.parquet
Q10_8521034_초등학교,details/detail_part_014.parquet
Q10_8521035_초등학교,details/detail_part_014.parquet
Q10_8521036_초등학교,details/detail_part_014.parquet
Q10_8521037_초등학교,details/detail_part_014.parquet
Q10_8521038_초등학교,details/detail_part_014.parquet
Q10_8521039_초등학교,details/detail_part_014.parquet
Q10_8521040_초등학교,details/detail_part_014.parquet
Q10_8521041_초등학교,details/detail_part_014.parquet
Q10_8521042_초등학교,details/detail_part_014.parquet
Q10_8521043_초등학교,details/detail_part_014.parquet
Q10_8521044_초등학교,details/detail_part_014.parquet
Q10_8521045_초등학교,details/detail_part_014.parquet
Q10_8521046_초등학교,details/detail_part_014.parquet
Q10_8521048_초등학교,details/detail_part_014.parquet
Q10_8521049_초등학교,details/detail_part_014.parquet
Q10_8521053_초등학교,details/detail_part_014.parquet
Q10_8521054_초등학교,details/detail_part_014.parquet
Q10_8521056_초등학교,details/detail_part_014.parquet
Q10_8521057_초등학교,details/detail_part_014.parquet
Q10_8521059_초등학교,details/detail_part_014.parquet
Q10_8521060_초등학교,details/detail_part_014.parquet
Q10_8521062_초등학교,details/detail_part_014.parquet
Q10_8521064_초등학교,details/detail_part_014.parquet
Q10_8521065_초등학교,details/detail_part_014.parquet
Q10_8521066_초등학교,details/detail_part_014.parquet
Q10_8521067_초등학교,details/detail_part_014.parquet
Q10_8521068_초등학교,details/detail_part_014.parquet
Q10_8521130_초등학교,details/detail_part_014.parquet
Q10_8521131_중학교,details/detail_part_014.parquet
Q10_8521138_초등학교,details/detail_part_014.parquet
Q10_8521147_초등학교,details/detail_part_014.parquet
Q10_8521155_중학교,details/detail_part_014.parquet
Q10_8521159_초등학교,details/detail_part_014.parquet
Q10_8521161_중학교,details/detail_part_014.parquet
Q10_8521164_중학교,details/detail_part_014.parquet
Q10_8521165_중학교,details/detail_part_014.parquet
Q10_8521166_초등학교,details/detail_part_014.parquet
Q10_8531004_중학교,details/detail_part_014.parquet
Q10_8531005_중학교,details/detail_part_014.parquet
Q10_8531006_중학교,details/detail_part_014.parquet
Q10_8531007_중학교,details/detail_part_014.parquet
Q10_8531008_중학교,details/detail_part_014.parquet
Q10_8531009_중학교,details/detail_part_014.parquet
Q10_8531010_중학교,details/detail_part_014.parquet
Q10_8531011_중학교,details/detail_part_014.parquet
Q10_8531012_중학교,details/detail_part_014.parquet
Q10_8531013_중학교,details/detail_part_014.parquet
Q10_8531014_중학교,details/detail_part_014.parquet
Q10_8531015_중학교,details/detail_part_014.parquet
Q10_8531016_중학교,details/detail_part_014.parquet
Q10_8531017_중학교,details/detail_part_014.parquet
Q10_8531018_중학교,details/detail_part_014.parquet
Q10_8531019_초등학교,details/detail_part_014.parquet
Q10_8531020_초등학교,details/detail_part_014.parquet
Q10_8531021_초등학교,details/detail_part_014.parquet
Q10_8531022_초등학교,details/detail_part_014.parquet
Q10_8531023_초등학교,details/detail_part_014.parquet
Q10_8531024_초등학교,details/detail_part_014.parquet
Q10_8531025_초등학교,details/detail_part_014.parquet
Q10_8531026_초등학교,details/detail_part_014.parquet
Q10_8531027_초등학교,details/detail_part_014.parquet
Q10_8531028_초등학교,details/detail_part_014.parquet
Q10_8531029_초등학교,details/detail_part_014.parquet
Q10_8531031_초등학교,details/detail_part_014.parquet
Q10_8531032_초등학교,details/detail_part_014.parquet
Q10_8531033_초등학교,details/detail_part_014.parquet
Q10_8531034_초등학교,details/detail_part_014.parquet
Q10_8531035_초등학교,details/detail_part_014.parquet
Q10_8531036_초등학교,details/detail_part_014.parquet
Q10_8531038_초등학교,details/detail_part_014.parquet
Q10_8531039_초등학교,details/detail_part_014.parquet
Q10_8531040_초등학교,details/detail_part_014.parquet
Q10_8531069_초등학교,details/detail_part_014.parquet
Q10_8531070_중학교,details/detail_part_014.parquet
Q10_8531072_초등학교,details/detail_part_014.parquet
Q10_8531074_초등학교,details/detail_part_014.parquet
Q10_8531075_초등학교,details/detail_part_014.parquet
Q10_8531080_중학교,details/detail_part_014.parquet
Q10_8551004_중학교,details/detail_part_014.parquet
Q10_8551006_중학교,details/detail_part_014.parquet
Q10_8551007_중학교,details/detail_part_014.parquet
Q10_8551008_중학교,details/detail_part_014.parquet
Q10_8551009_중학교,details/detail_part_014.parquet
Q10_8551010_중학교,details/detail_part_014.parquet
Q10_8551011_중학교,details/detail_part_014.parquet
Q10_8551012_중학교,details/detail_part_014.parquet
Q10_8551014_중학교,details/detail_part_014.parquet
Q10_8551015_중학교,details/detail_part_014.parquet
Q10_8551016_중학교,details/detail_part_014.parquet
Q10_8551017_초등학교,details/detail_part_014.parquet
Q10_8551018_초등학교,details/detail_part_014.parquet
Q10_8551019_초등학교,details/detail_part_014.parquet
Q10_8551021_초등학교,details/detail_part_014.parquet
Q10_8551022_초등학교,details/detail_part_014.parquet
Q10_8551023_초등학교,details/detail_part_014.parquet
Q10_8551024_초등학교,details/detail_part_014.parquet
Q10_8551025_초등학교,details/detail_part_014.parquet
Q10_8551026_초등학교,details/detail_part_014.parquet
Q10_8551027_초등학교,details/detail_part_014.parquet
Q10_8551029_초등학교,details/detail_part_014.parquet
Q10_8551031_초등학교,details/detail_part_014.parquet
Q10_8551032_초등학교,details/detail_part_014.parquet
Q10_8551033_초등학교,details/detail_part_014.parquet
Q10_8551034_초등학교,details/detail_part_014.parquet
Q10_8551035_초등학교,details/detail_part_014.parquet
Q10_8551036_초등학교,details/detail_part_014.parquet
Q10_8551037_초등학교,details/detail_part_014.parquet
Q10_8551038_초등학교,details/detail_part_014.parquet
Q10_8551039_초등학교,details/detail_part_014.parquet
Q10_8551040_초등학교,details/detail_part_014.parquet
Q10_8551041_초등학교,details/detail_part_014.parquet
Q10_8551042_초등학교,details/detail_part_014.parquet
Q10_8551043_초등학교,details/detail_part_014.parquet
Q10_8551044_초등학교,details/detail_part_014.parquet
Q10_8551045_초등학교,details/detail_part_014.parquet
Q10_8551046_초등학교,details/detail_part_014.parquet
Q10_8551090_초등학교,details/detail_part_014.parquet
Q10_8551091_중학교,details/detail_part_014.parquet
Q10_8551092_중학교,details/detail_part_014.parquet
Q10_8551100_중학교,details/detail_part_014.parquet
Q10_8551102_초등학교,details/detail_part_014.parquet
Q10_8551104_중학교,details/detail_part_014.parquet
Q10_8561004_중학교,details/detail_part_014.parquet
Q10_8561005_중학교,details/detail_part_014.parquet
Q10_8561006_중학교,details/detail_part_014.parquet
Q10_8561007_중학교,details/detail_part_014.parquet
Q10_8561008_중학교,details/detail_part_014.parquet
Q10_8561009_중학교,details/detail_part_014.parquet
Q10_8561010_중학교,details/detail_part_014.parquet
Q10_8561011_초등학교,details/detail_part_014.parquet
Q10_8561012_초등학교,details/detail_part_014.parquet
Q10_8561013_초등학교,details/detail_part_014.parquet
Q10_8561014_초등학교,details/detail_part_014.parquet
Q10_8561016_초등학교,details/detail_part_014.parquet
Q10_8561017_초등학교,details/detail_part_014.parquet
Q10_8561018_초등학교,details/detail_part_014.parquet
Q10_8561019_초등학교,details/detail_part_014.parquet
Q10_8561020_초등학교,details/detail_part_014.parquet
Q10_8561021_초등학교,details/detail_part_014.parquet
Q10_8561022_초등학교,details/detail_part_014.parquet
Q10_8561025_초등학교,details/detail_part_014.parquet
Q10_8561026_초등학교,details/detail_part_014.parquet
Q10_8561048_초등학교,details/detail_part_014.parquet
Q10_8571004_중학교,details/detail_part_014.parquet
Q10_8571005_중학교,details/detail_part_014.parquet
Q10_8571006_중학교,details/detail_part_014.parquet
Q10_8571007_초등학교,details/detail_part_014.parquet
Q10_8571008_초등학교,details/detail_part_014.parquet
Q10_8571009_초등학교,details/detail_part_014.parquet
Q10_8571010_초등학교,details/detail_part_014.parquet
Q10_8571011_초등학교,details/detail_part_014.parquet
Q10_8571012_초등학교,details/detail_part_014.parquet
Q10_8571013_초등학교,details/detail_part_014.parquet
Q10_8571014_초등학교,details/detail_part_014.parquet
Q10_8581004_중학교,details/detail_part_014.parquet
Q10_8581005_중학교,details/detail_part_014.parquet
Q10_8581006_중학교,details/detail_part_014.parquet
Q10_8581007_중학교,details/detail_part_014.parquet
Q10_8581008_중학교,details/detail_part_014.parquet
Q10_8581009_초등학교,details/detail_part_014.parquet
Q10_8581010_초등학교,details/detail_part_014.parquet
Q10_8581011_초등학교,details/detail_part_014.parquet
Q10_8581012_초등학교,details/detail_part_014.parquet
Q10_8581013_초등학교,details/detail_part_014.parquet
Q10_8581015_초등학교,details/detail_part_014.parquet
Q10_8581016_초등학교,details/detail_part_014.parquet
Q10_8581017_초등학교,details/detail_part_014.parquet
Q10_8581018_초등학교,details/detail_part_014.parquet
Q10_8581019_초등학교,details/detail_part_014.parquet
Q10_8591003_중학교,details/detail_part_014.parquet
Q10_8591004_중학교,details/detail_part_014.parquet
Q10_8591005_중학교,details/detail_part_014.parquet
Q10_8591006_중학교,details/detail_part_014.parquet
Q10_8591007_중학교,details/detail_part_014.parquet
Q10_8591008_중학교,details/detail_part_014.parquet
Q10_8591009_중학교,details/detail_part_014.parquet
Q10_8591010_중학교,details/detail_part_014.parquet
Q10_8591011_중학교,details/detail_part_014.parquet
Q10_8591012_중학교,details/detail_part_014.parquet
Q10_8591013_중학교,details/detail_part_014.parquet
Q10_8591014_중학교,details/detail_part_014.parquet
Q10_8591015_중학교,details/detail_part_014.parquet
Q10_8591016_중학교,details/detail_part_014.parquet
Q10_8591017_중학교,details/detail_part_014.parquet
Q10_8591018_초등학교,details/detail_part_014.parquet
Q10_8591019_초등학교,details/detail_part_014.parquet
Q10_8591020_초등학교,details/detail_part_014.parquet
Q10_8591022_초등학교,details/detail_part_014.parquet
Q10_8591023_초등학교,details/detail_part_015.parquet
Q10_8591024_초등학교,details/detail_part_015.parquet
Q10_8591025_초등학교,details/detail_part_015.parquet
Q10_8591026_초등학교,details/detail_part_015.parquet
Q10_8591027_초등학교,details/detail_part_015.parquet
Q10_8591028_초등학교,details/detail_part_015.parquet
Q10_8591030_초등학교,details/detail_part_015.parquet
Q10_8591031_초등학교,details/detail_part_015.parquet
Q10_8591034_초등학교,details/detail_part_015.parquet
Q10_8591035_초등학교,details/detail_part_015.parquet
Q10_8591036_초등학교,details/detail_part_015.parquet
Q10_8591039_초등학교,details/detail_part_015.parquet
Q10_8591040_초등학교,details/detail_part_015.parquet
Q10_8591041_초등학교,details/detail_part_015.parquet
Q10_8601005_중학교,details/detail_part_015.parquet
Q10_8601006_중학교,details/detail_part_015.parquet
Q10_8601007_중학교,details/detail_part_015.parquet
Q10_8601008_중학교,details/detail_part_015.parquet
Q10_8601009_중학교,details/detail_part_015.parquet
Q10_8601010_중학교,details/detail_part_015.parquet
Q10_8601011_중학교,details/detail_part_015.parquet
Q10_8601013_중학교,details/detail_part_015.parquet
Q10_8601014_중학교,details/detail_part_015.parquet
Q10_8601015_중학교,details/detail_part_015.parquet
Q10_8601016_중학교,details/detail_part_015.parquet
Q10_8601017_초등학교,details/detail_part_015.parquet
Q10_8601018_초등학교,details/detail_part_015.parquet
Q10_8601019_초등학교,details/detail_part_015.parquet
Q10_8601022_초등학교,details/detail_part_015.parquet
Q10_8601023_초등학교,details/detail_part_015.parquet
Q10_8601024_초등학교,details/detail_part_015.parquet
Q10_8601025_초등학교,details/detail_part_015.parquet
Q10_8601026_초등학교,details/detail_part_015.parquet
Q10_8601028_초등학교,details/detail_part_015.parquet
Q10_8601029_초등학교,details/detail_part_015.parquet
Q10_8601030_초등학교,details/detail_part_015.parquet
Q10_8601031_초등학교,details/detail_part_015.parquet
Q10_8601032_초등학교,details/detail_part_015.parquet
Q10_8601033_초등학교,details/detail_part_015.parquet
Q10_8601034_초등학교,details/detail_part_015.parquet
Q10_8601035_초등학교,details/detail_part_015.parquet
Q10_8611004_중학교,details/detail_part_015.parquet
Q10_8611005_중학교,details/detail_part_015.parquet
Q10_8611006_중학교,details/detail_part_015.parquet
Q10_8611007_중학교,details/detail_part_015.parquet
Q10_8611008_중학교,details/detail_part_015.parquet
Q10_8611009_중학교,details/detail_part_015.parquet
Q10_8611010_중학교,details/detail_part_015.parquet
Q10_8611011_중학교,details/detail_part_015.parquet
Q10_8611012_중학교,details/detail_part_015.parquet
Q10_8611013_중학교,details/detail_part_015.parquet
Q10_8611014_초등학교,details/detail_part_015.parquet
Q10_8611015_초등학교,details/detail_part_015.parquet
Q10_8611016_초등학교,details/detail_part_015.parquet
Q10_8611017_초등학교,details/detail_part_015.parquet
Q10_8611018_초등학교,details/detail_part_015.parquet
Q10_8611019_초등학교,details/detail_part_015.parquet
Q10_8611020_초등학교,details/detail_part_015.parquet
Q10_8611021_초등학교,details/detail_part_015.parquet
Q10_8611022_초등학교,details/detail_part_015.parquet
Q10_8611023_초등학교,details/detail_part_015.parquet
Q10_8611025_초등학교,details/detail_part_015.parquet
Q10_8611026_초등학교,details/detail_part_015.parquet
Q10_8611027_초등학교,details/detail_part_015.parquet
Q10_8611028_초등학교,details/detail_part_015.parquet
Q10_8611029_초등학교,details/detail_part_015.parquet
Q10_8611031_초등학교,details/detail_part_015.parquet
Q10_8611053_초등학교,details/detail_part_015.parquet
Q10_8621004_중학교,details/detail_part_015.parquet
Q10_8621006_중학교,details/detail_part_015.parquet
Q10_8621007_중학교,details/detail_part_015.parquet
Q10_8621008_중학교,details/detail_part_015.parquet
Q10_8621009_중학교,details/detail_part_015.parquet
Q10_8621010_중학교,details/detail_part_015.parquet
Q10_8621011_중학교,details/detail_part_015.parquet
Q10_8621012_중학교,details/detail_part_015.parquet
Q10_8621013_초등학교,details/detail_part_015.parquet
Q10_8621014_초등학교,details/detail_part_015.parquet
Q10_8621015_초등학교,details/detail_part_015.parquet
Q10_8621016_초등학교,details/detail_part_015.parquet
Q10_8621017_초등학교,details/detail_part_015.parquet
Q10_8621018_초등학교,details/detail_part_015.parquet
Q10_8621019_초등학교,details/detail_part_015.parquet
Q10_8621021_초등학교,details/detail_part_015.parquet
Q10_8621022_초등학교,details/detail_part_015.parquet
Q10_8621023_초등학교,details/detail_part_015.parquet
Q10_8621024_초등학교,details/detail_part_015.parquet
Q10_8621025_초등학교,details/detail_part_015.parquet
Q10_8621026_초등학교,details/detail_part_015.parquet
Q10_8621027_초등학교,details/detail_part_015.parquet
Q10_8621045_중학교,details/detail_part_015.parquet
Q10_8631003_중학교,details/detail_part_015.parquet
Q10_8631004_중학교,details/detail_part_015.parquet
Q10_8631005_중학교,details/detail_part_015.parquet
Q10_8631006_중학교,details/detail_part_015.parquet
Q10_8631007_중학교,details/detail_part_015.parquet
Q10_8631008_중학교,details/detail_part_015.parquet
Q10_8631009_중학교,details/detail_part_015.parquet
Q10_8631010_중학교,details/detail_part_015.parquet
Q10_8631011_초등학교,details/detail_part_015.parquet
Q10_8631012_초등학교,details/detail_part_015.parquet
Q10_8631014_초등학교,details/detail_part_015.parquet
Q10_8631015_초등학교,details/detail_part_015.parquet
Q10_8631016_초등학교,details/detail_part_015.parquet
Q10_8631017_초등학교,details/detail_part_015.parquet
Q10_8631018_초등학교,details/detail_part_015.parquet
Q10_8631019_초등학교,details/detail_part_015.parquet
Q10_8631020_초등학교,details/detail_part_015.parquet
Q10_8631021_초등학교,details/detail_part_015.parquet
Q10_8631022_초등학교,details/detail_part_015.parquet
Q10_8631023_초등학교,details/detail_part_015.parquet
Q10_8631024_초등학교,details/detail_part_015.parquet
Q10_8631040_중학교,details/detail_part_015.parquet
Q10_8641004_중학교,details/detail_part_015.parquet
Q10_8641005_중학교,details/detail_part_015.parquet
Q10_8641006_중학교,details/detail_part_015.parquet
Q10_8641007_중학교,details/detail_part_015.parquet
Q10_8641008_중학교,details/detail_part_015.parquet
Q10_8641009_중학교,details/detail_part_015.parquet
Q10_8641010_중학교,details/detail_part_015.parquet
Q10_8641011_중학교,details/detail_part_015.parquet
Q10_8641012_중학교,details/detail_part_015.parquet
Q10_8641013_중학교,details/detail_part_015.parquet
Q10_8641015_중학교,details/detail_part_015.parquet
Q10_8641016_초등학교,details/detail_part_015.parquet
Q10_8641017_초등학교,details/detail_part_015.parquet
Q10_8641018_초등학교,details/detail_part_015.parquet
Q10_8641019_초등학교,details/detail_part_015.parquet
Q10_8641021_초등학교,details/detail_part_015.parquet
Q10_8641023_초등학교,details/detail_part_015.parquet
Q10_8641026_초등학교,details/detail_part_015.parquet
Q10_8641027_초등학교,details/detail_part_015.parquet
Q10_8641029_초등학교,details/detail_part_015.parquet
Q10_8641030_초등학교,details/detail_part_015.parquet
Q10_8641031_초등학교,details/detail_part_015.parquet
Q10_8641032_초등학교,details/detail_part_015.parquet
Q10_8641033_초등학교,details/detail_part_015.parquet
Q10_8641034_초등학교,details/detail_part_015.parquet
Q10_8641035_초등학교,details/detail_part_015.parquet
Q10_8641037_초등학교,details/detail_part_015.parquet
Q10_8641038_초등학교,details/detail_part_015.parquet
Q10_8641040_초등학교,details/detail_part_015.parquet
Q10_8641044_초등학교,details/detail_part_015.parquet
Q10_8641075_초등학교,details/detail_part_015.parquet
Q10_8641079_초등학교,details/detail_part_015.parquet
Q10_8651004_중학교,details/detail_part_015.parquet
Q10_8651005_중학교,details/detail_part_015.parquet
Q10_8651006_중학교,details/detail_part_015.parquet
Q10_8651007_중학교,details/detail_part_015.parquet
Q10_8651008_중학교,details/detail_part_015.parquet
Q10_8651009_중학교,details/detail_part_015.parquet
Q10_8651010_중학교,details/detail_part_015.parquet
Q10_8651012_중학교,details/detail_part_015.parquet
Q10_8651013_중학교,details/detail_part_015.parquet
Q10_8651014_중학교,details/detail_part_015.parquet
Q10_8651015_중학교,details/detail_part_015.parquet
Q10_8651016_초등학교,details/detail_part_015.parquet
Q10_8651017_초등학교,details/detail_part_015.parquet
Q10_8651018_초등학교,details/detail_part_015.parquet
Q10_8651019_초등학교,details/detail_part_015.parquet
Q10_8651021_초등학교,details/detail_part_015.parquet
Q10_8651024_초등학교,details/detail_part_015.parquet
Q10_8651026_초등학교,details/detail_part_015.parquet
Q10_8651027_초등학교,details/detail_part_015.parquet
Q10_8651028_초등학교,details/detail_part_015.parquet
Q10_8651029_초등학교,details/detail_part_015.parquet
Q10_8651030_초등학교,details/detail_part_015.parquet
Q10_8651031_초등학교,details/detail_part_015.parquet
Q10_8651032_초등학교,details/detail_part_015.parquet
Q10_8651033_초등학교,details/detail_part_015.parquet
Q10_8651034_초등학교,details/detail_part_015.parquet
Q10_8651035_초등학교,details/detail_part_015.parquet
Q10_8661004_중학교,details/detail_part_015.parquet
Q10_8661005_중학교,details/detail_part_015.parquet
Q10_8661006_중학교,details/detail_part_015.parquet
Q10_8661007_중학교,details/detail_part_015.parquet
Q10_8661008_중학교,details/detail_part_015.parquet
Q10_8661009_중학교,details/detail_part_015.parquet
Q10_8661010_중학교,details/detail_part_015.parquet
Q10_8661011_중학교,details/detail_part_015.parquet
Q10_8661012_중학교,details/detail_part_015.parquet
Q10_8661013_초등학교,details/detail_part_015.parquet
Q10_8661014_초등학교,details/detail_part_015.parquet
Q10_8661015_초등학교,details/detail_part_015.parquet
Q10_8661016_초등학교,details/detail_part_015.parquet
Q10_8661017_초등학교,details/detail_part_015.parquet
Q10_8661018_초등학교,details/detail_part_015.parquet
Q10_8661019_초등학교,details/detail_part_015.parquet
Q10_8661020_초등학교,details/detail_part_015.parquet
Q10_8661021_초등학교,details/detail_part_015.parquet
Q10_8661022_초등학교,details/detail_part_015.parquet
Q10_8661023_초등학교,details/detail_part_015.parquet
Q10_8661024_초등학교,details/detail_part_015.parquet
Q10_8661025_초등학교,details/detail_part_015.parquet
Q10_8661027_초등학교,details/detail_part_015.parquet
Q10_8661028_초등학교,details/detail_part_015.parquet
Q10_8661029_초등학교,details/detail_part_015.parquet
Q10_8661030_초등학교,details/detail_part_015.parquet
Q10_8661031_초등학교,details/detail_part_015.parquet
Q10_8661051_초등학교,details/detail_part_015.parquet
Q10_8661055_중학교,details/detail_part_015.parquet
Q10_8661061_초등학교,details/detail_part_015.parquet
Q10_8661062_중학교,details/detail_part_015.parquet
Q10_8671004_중학교,details/detail_part_015.parquet
Q10_8671005_중학교,details/detail_part_015.parquet
Q10_8671006_중학교,details/detail_part_015.parquet
Q10_8671007_중학교,details/detail_part_015.parquet
Q10_8671008_중학교,details/detail_part_015.parquet
Q10_8671009_중학교,details/detail_part_015.parquet
Q10_8671012_초등학교,details/detail_part_015.parquet
Q10_8671013_초등학교,details/detail_part_015.parquet
Q10_8671014_초등학교,details/detail_part_015.parquet
Q10_8671015_초등학교,details/detail_part_015.parquet
Q10_8671016_초등학교,details/detail_part_015.parquet
Q10_8671017_초등학교,details/detail_part_015.parquet
Q10_8671018_초등학교,details/detail_part_015.parquet
Q10_8671019_초등학교,details/detail_part_015.parquet
Q10_8671020_초등학교,details/detail_part_015.parquet
Q10_8671021_초등학교,details/detail_part_015.parquet
Q10_8671022_초등학교,details/detail_part_015.parquet
Q10_8671035_중학교,details/detail_part_015.parquet
Q10_8681004_중학교,details/detail_part_015.parquet
Q10_8681006_중학교,details/detail_part_015.parquet
Q10_8681007_중학교,details/detail_part_015.parquet
Q10_8681008_중학교,details/detail_part_015.parquet
Q10_8681009_중학교,details/detail_part_015.parquet
Q10_8681010_중학교,details/detail_part_015.parquet
Q10_8681011_중학교,details/detail_part_015.parquet
Q10_8681013_중학교,details/detail_part_015.parquet
Q10_8681014_중학교,details/detail_part_015.parquet
Q10_8681015_초등학교,details/detail_part_015.parquet
Q10_8681017_초등학교,details/detail_part_015.parquet
Q10_8681019_초등학교,details/detail_part_015.parquet
Q10_8681021_초등학교,details/detail_part_015.parquet
Q10_8681023_초등학교,details/detail_part_015.parquet
Q10_8681024_초등학교,details/detail_part_015.parquet
Q10_8681025_초등학교,details/detail_part_015.parquet
Q10_8681026_초등학교,details/detail_part_015.parquet
Q10_8681027_초등학교,details/detail_part_015.parquet
Q10_8681028_초등학교,details/detail_part_015.parquet
Q10_8681029_초등학교,details/detail_part_015.parquet
Q10_8681030_초등학교,details/detail_part_015.parquet
Q10_8681033_초등학교,details/detail_part_015.parquet
Q10_8681064_초등학교,details/detail_part_015.parquet
Q10_8681071_중학교,details/detail_part_015.parquet
Q10_8691004_중학교,details/detail_part_015.parquet
Q10_8691005_중학교,details/detail_part_015.parquet
Q10_8691006_중학교,details/detail_part_015.parquet
Q10_8691008_중학교,details/detail_part_015.parquet
Q10_8691010_중학교,details/detail_part_015.parquet
Q10_8691011_중학교,details/detail_part_015.parquet
Q10_8691013_초등학교,details/detail_part_015.parquet
Q10_8691014_초등학교,details/detail_part_015.parquet
Q10_8691015_초등학교,details/detail_part_015.parquet
Q10_8691016_초등학교,details/detail_part_015.parquet
Q10_8691017_초등학교,details/detail_part_015.parquet
Q10_8691018_초등학교,details/detail_part_015.parquet
Q10_8691019_초등학교,details/detail_part_015.parquet
Q10_8691020_초등학교,details/detail_part_015.parquet
Q10_8691021_초등학교,details/detail_part_015.parquet
Q10_8691022_초등학교,details/detail_part_015.parquet
Q10_8691023_초등학교,details/detail_part_015.parquet
Q10_8691024_초등학교,details/detail_part_015.parquet
Q10_8691025_초등학교,details/detail_part_015.parquet
Q10_8691043_중학교,details/detail_part_015.parquet
Q10_8701003_중학교,details/detail_part_015.parquet
Q10_8701004_중학교,details/detail_part_015.parquet
Q10_8701005_중학교,details/detail_part_015.parquet
Q10_8701006_중학교,details/detail_part_015.parquet
Q10_8701007_중학교,details/detail_part_015.parquet
Q10_8701008_중학교,details/detail_part_015.parquet
Q10_8701009_중학교,details/detail_part_015.parquet
Q10_8701010_중학교,details/detail_part_015.parquet
Q10_8701011_중학교,details/detail_part_015.parquet
Q10_8701012_중학교,details/detail_part_015.parquet
Q10_8701013_중학교,details/detail_part_015.parquet
Q10_8701014_중학교,details/detail_part_015.parquet
Q10_8701015_중학교,details/detail_part_015.parquet
Q10_8701016_초등학교,details/detail_part_015.parquet
Q10_8701017_초등학교,details/detail_part_015.parquet
Q10_8701018_초등학교,details/detail_part_015.parquet
Q10_8701019_초등학교,details/detail_part_015.parquet
Q10_8701020_초등학교,details/detail_part_015.parquet
Q10_8701022_초등학교,details/detail_part_015.parquet
Q10_8701023_초등학교,details/detail_part_015.parquet
Q10_8701024_초등학교,details/detail_part_015.parquet
Q10_8701025_초등학교,details/detail_part_015.parquet
Q10_8701026_초등학교,details/detail_part_015.parquet
Q10_8701028_초등학교,details/detail_part_015.parquet
Q10_8701029_초등학교,details/detail_part_015.parquet
Q10_8701030_초등학교,details/detail_part_015.parquet
Q10_8701031_초등학교,details/detail_part_015.parquet
Q10_8701032_초등학교,details/detail_part_015.parquet
Q10_8701034_초등학교,details/detail_part_015.parquet
Q10_8701035_초등학교,details/detail_part_015.parquet
Q10_8701036_초등학교,details/detail_part_015.parquet
Q10_8701037_초등학교,details/detail_part_015.parquet
Q10_8701038_초등학교,details/detail_part_015.parquet
Q10_8701039_초등학교,details/detail_part_015.parquet
Q10_8701040_초등학교,details/detail_part_015.parquet
Q10_8701041_초등학교,details/detail_part_015.parquet
Q10_8701065_중학교,details/detail_part_015.parquet
Q10_8711004_중학교,details/detail_part_015.parquet
Q10_8711005_중학교,details/detail_part_015.parquet
Q10_8711006_중학교,details/detail_part_015.parquet
Q10_8711007_중학교,details/detail_part_015.parquet
Q10_8711008_중학교,details/detail_part_015.parquet
Q10_8711009_중학교,details/detail_part_015.parquet
Q10_8711010_중학교,details/detail_part_015.parquet
Q10_8711011_초등학교,details/detail_part_015.parquet
Q10_8711012_초등학교,details/detail_part_015.parquet
Q10_8711013_초등학교,details/detail_part_015.parquet
Q10_8711014_초등학교,details/detail_part_015.parquet
Q10_8711015_초등학교,details/detail_part_015.parquet
Q10_8711016_초등학교,details/detail_part_015.parquet
Q10_8711017_초등학교,details/detail_part_015.parquet
Q10_8711019_초등학교,details/detail_part_015.parquet
Q10_8711021_초등학교,details/detail_part_015.parquet
Q10_8711024_초등학교,details/detail_part_015.parquet
Q10_8711026_초등학교,details/detail_part_015.parquet
Q10_8711027_초등학교,details/detail_part_015.parquet
Q10_8711028_초등학교,details/detail_part_015.parquet
Q10_8711050_초등학교,details/detail_part_015.parquet
Q10_8721003_중학교,details/detail_part_015.parquet
Q10_8721005_중학교,details/detail_part_015.parquet
Q10_8721006_중학교,details/detail_part_015.parquet
Q10_8721007_중학교,details/detail_part_015.parquet
Q10_8721008_중학교,details/detail_part_015.parquet
Q10_8721009_중학교,details/detail_part_015.parquet
Q10_8721010_중학교,details/detail_part_015.parquet
Q10_8721011_중학교,details/detail_part_015.parquet
Q10_8721012_중학교,details/detail_part_015.parquet
Q10_8721013_중학교,details/detail_part_015.parquet
Q10_8721015_중학교,details/detail_part_015.parquet
Q10_8721016_중학교,details/detail_part_015.parquet
Q10_8721017_초등학교,details/detail_part_015.parquet
Q10_8721021_초등학교,details/detail_part_015.parquet
Q10_8721024_초등학교,details/detail_part_015.parquet
Q10_8721025_초등학교,details/detail_part_015.parquet
Q10_8721026_초등학교,details/detail_part_015.parquet
Q10_8721027_초등학교,details/detail_part_015.parquet
Q10_8721028_초등학교,details/detail_part_015.parquet
Q10_8721029_초등학교,details/detail_part_015.parquet
Q10_8721030_초등학교,details/detail_part_015.parquet
Q10_8721035_초등학교,details/detail_part_015.parquet
Q10_8721037_초등학교,details/detail_part_015.parquet
Q10_8721038_초등학교,details/detail_part_015.parquet
Q10_8721039_중학교,details/detail_part_015.parquet
Q10_8721040_초등학교,details/detail_part_015.parquet
Q10_8721042_초등학교,details/detail_part_015.parquet
Q10_8721044_초등학교,details/detail_part_015.parquet
Q10_8721045_초등학교,details/detail_part_015.parquet
Q10_8721048_초등학교,details/detail_part_015.parquet
Q10_8721049_초등학교,details/detail_part_015.parquet
Q10_8721052_초등학교,details/detail_part_015.parquet
Q10_8721055_초등학교,details/detail_part_015.parquet
Q10_8721056_초등학교,details/detail_part_015.parquet
Q10__중학교,details/detail_part_015.parquet
R10_1421116_고등학교,details/detail_part_015.parquet
R10_8750075_고등학교,details/detail_part_015.parquet
R10_8750078_고등학교,details/detail_part_015.parquet
R10_8750079_고등학교,details/detail_part_015.parquet
R10_8750080_고등학교,details/detail_part_015.parquet
R10_8750081_고등학교,details/detail_part_015.parquet
R10_8750082_고등학교,details/detail_part_015.parquet
R10_8750083_고등학교,details/detail_part_015.parquet
R10_8750084_고등학교,details/detail_part_015.parquet
R10_8750085_고등학교,details/detail_part_015.parquet
R10_8750088_고등학교,details/detail_part_015.parquet
R10_8750090_고등학교,details/detail_part_015.parquet
R10_8750092_고등학교,details/detail_part_015.parquet
R10_8750093_고등학교,details/detail_part_015.parquet
R10_8750095_고등학교,details/detail_part_015.parquet
R10_8750097_고등학교,details/detail_part_015.parquet
R10_8750104_고등학교,details/detail_part_015.parquet
R10_8750105_고등학교,details/detail_part_015.parquet
R10_8750107_고등학교,details/detail_part_015.parquet
R10_8750113_고등학교,details/detail_part_015.parquet
R10_8750114_고등학교,details/detail_part_015.parquet
R10_8750115_고등학교,details/detail_part_015.parquet
R10_8750117_고등학교,details/detail_part_015.parquet
R10_8750118_고등학교,details/detail_part_015.parquet
R10_8750119_고등학교,details/detail_part_015.parquet
R10_8750120_고등학교,details/detail_part_015.parquet
R10_8750121_고등학교,details/detail_part_015.parquet
R10_8750122_고등학교,details/detail_part_015.parquet
R10_8750124_고등학교,details/detail_part_015.parquet
R10_8750127_고등학교,details/detail_part_015.parquet
R10_8750130_고등학교,details/detail_part_015.parquet
R10_8750133_고등학교,details/detail_part_015.parquet
R10_8750134_고등학교,details/detail_part_015.parquet
R10_8750136_고등학교,details/detail_part_015.parquet
R10_8750138_고등학교,details/detail_part_015.parquet
R10_8750140_고등학교,details/detail_part_015.parquet
R10_8750143_고등학교,details/detail_part_015.parquet
R10_8750144_고등학교,details/detail_part_015.parquet
R10_8750145_고등학교,details/detail_part_015.parquet
R10_8750146_고등학교,details/detail_part_015.parquet
R10_8750147_고등학교,details/detail_part_015.parquet
R10_8750148_고등학교,details/detail_part_015.parquet
R10_8750151_고등학교,details/detail_part_015.parquet
R10_8750154_고등학교,details/detail_part_015.parquet
R10_8750155_고등학교,details/detail_part_015.parquet
R10_8750156_고등학교,details/detail_part_015.parquet
R10_8750159_고등학교,details/detail_part_015.parquet
R10_8750160_고등학교,details/detail_part_015.parquet
R10_8750161_고등학교,details/detail_part_015.parquet
R10_8750162_고등학교,details/detail_part_015.parquet
R10_8750163_고등학교,details/detail_part_015.parquet
R10_8750165_고등학교,details/detail_part_015.parquet
R10_8750166_고등학교,details/detail_part_015.parquet
R10_8750167_고등학교,details/detail_part_015.parquet
R10_8750169_고등학교,details/detail_part_015.parquet
R10_8750170_고등학교,details/detail_part_015.parquet
R10_8750171_고등학교,details/detail_part_015.parquet
R10_8750172_고등학교,details/detail_part_015.parquet
R10_8750174_고등학교,details/detail_part_015.parquet
R10_8750177_고등학교,details/detail_part_015.parquet
R10_8750178_고등학교,details/detail_part_015.parquet
R10_8750179_고등학교,details/detail_part_015.parquet
R10_8750180_고등학교,details/detail_part_015.parquet
R10_8750182_고등학교,details/detail_part_015.parquet
R10_8750183_고등학교,details/detail_part_015.parquet
R10_8750184_고등학교,details/detail_part_015.parquet
R10_8750186_고등학교,details/detail_part_015.parquet
R10_8750188_고등학교,details/detail_part_015.parquet
R10_8750189_고등학교,details/detail_part_015.parquet
R10_8750190_고등학교,details/detail_part_015.parquet
R10_8750191_고등학교,details/detail_part_015.parquet
R10_8750192_고등학교,details/detail_part_015.parquet
R10_8750198_고등학교,details/detail_part_015.parquet
R10_8750201_고등학교,details/detail_part_015.parquet
R10_8750202_고등학교,details/detail_part_015.parquet
R10_8750203_고등학교,details/detail_part_015.parquet
R10_8750205_고등학교,details/detail_part_015.parquet
R10_8750208_고등학교,details/detail_part_015.parquet
R10_8750209_고등학교,details/detail_part_015.parquet
R10_8750210_고등학교,details/detail_part_015.parquet
R10_8750211_고등학교,details/detail_part_015.parquet
R10_8750212_고등학교,details/detail_part_015.parquet
R10_8750214_고등학교,details/detail_part_015.parquet
R10_8750216_고등학교,details/detail_part_015.parquet
R10_8750217_고등학교,details/detail_part_015.parquet
R10_8750218_고등학교,details/detail_part_015.parquet
R10_8750225_고등학교,details/detail_part_015.parquet
R10_8750234_고등학교,details/detail_part_015.parquet
R10_8750237_고등학교,details/detail_part_015.parquet
R10_8750246_고등학교,details/detail_part_015.parquet
R10_8750292_고등학교,details/detail_part_015.parquet
R10_8750315_고등학교,details/detail_part_015.parquet
R10_8750323_고등학교,details/detail_part_015.parquet
R10_8750325_고등학교,details/detail_part_015.parquet
R10_8750337_고등학교,details/detail_part_015.parquet
R10_8750356_고등학교,details/detail_part_015.parquet
R10_8750356_중학교,details/detail_part_015.parquet
R10_8750356_초등학교,details/detail_part_015.parquet
R10_8750357_고등학교,details/detail_part_015.parquet
R10_8750357_중학교,details/detail_part_015.parquet
R10_8750357_초등학교,details/detail_part_015.parquet
R10_8750358_고등학교,details/detail_part_015.parquet
R10_8750358_중학교,details/detail_part_015.parquet
R10_8750358_초등학교,details/detail_part_015.parquet
R10_8750359_고등학교,details/detail_part_015.parquet
R10_8750359_중학교,details/detail_part_015.parquet
R10_8750359_초등학교,details/detail_part_015.parquet
R10_8750360_고등학교,details/detail_part_015.parquet
R10_8750360_중학교,details/detail_part_015.parquet
R10_8750360_초등학교,details/detail_part_015.parquet
R10_8750361_고등학교,details/detail_part_015.parquet
R10_8750361_중학교,details/detail_part_015.parquet
R10_8750361_초등학교,details/detail_part_015.parquet
R10_8750362_고등학교,details/detail_part_015.parquet
R10_8750362_중학교,details/detail_part_015.parquet
R10_8750362_초등학교,details/detail_part_015.parquet
R10_8750419_고등학교,details/detail_part_015.parquet
R10_8750433_고등학교,details/detail_part_015.parquet
R10_8750444_고등학교,details/detail_part_015.parquet
R10_8750446_고등학교,details/detail_part_015.parquet
R10_8750447_고등학교,details/detail_part_015.parquet
R10_8750449_고등학교,details/detail_part_015.parquet
R10_8750450_고등학교,details/detail_part_015.parquet
R10_8750451_고등학교,details/detail_part_015.parquet
R10_8750453_고등학교,details/detail_part_015.parquet
R10_8750456_고등학교,details/detail_part_015.parquet
R10_8750457_고등학교,details/detail_part_015.parquet
R10_8750465_고등학교,details/detail_part_015.parquet
R10_8750467_고등학교,details/detail_part_015.parquet
R10_8750468_고등학교,details/detail_part_015.parquet
R10_8750473_고등학교,details/detail_part_015.parquet
R10_8750474_고등학교,details/detail_part_015.parquet
R10_8750475_고등학교,details/detail_part_015.parquet
R10_8750476_고등학교,details/detail_part_015.parquet
R10_8750479_고등학교,details/detail_part_015.parquet
R10_8750480_고등학교,details/detail_part_015.parquet
R10_8750486_고등학교,details/detail_part_015.parquet
R10_8750487_고등학교,details/detail_part_015.parquet
R10_8750518_고등학교,details/detail_part_015.parquet
R10_8750519_고등학교,details/detail_part_015.parquet
R10_8750525_고등학교,details/detail_part_015.parquet
R10_8750534_고등학교,details/detail_part_015.parquet
R10_8750535_고등학교,details/detail_part_015.parquet
R10_8750536_고등학교,details/detail_part_015.parquet
R10_8750539_고등학교,details/detail_part_015.parquet
R10_8750541_고등학교,details/detail_part_015.parquet
R10_8750542_고등학교,details/detail_part_015.parquet
R10_8750544_고등학교,details/detail_part_015.parquet
R10_8750546_고등학교,details/detail_part_015.parquet
R10_8750555_고등학교,details/detail_part_015.parquet
R10_8750556_고등학교,details/detail_part_015.parquet
R10_8750557_고등학교,details/detail_part_015.parquet
R10_8750558_고등학교,details/detail_part_015.parquet
R10_8750559_고등학교,details/detail_part_015.parquet
R10_8750566_고등학교,details/detail_part_015.parquet
R10_8750568_고등학교,details/detail_part_015.parquet
R10_8750581_고등학교,details/detail_part_015.parquet
R10_8750587_고등학교,details/detail_part_015.parquet
R10_8750588_고등학교,details/detail_part_015.parquet
R10_8750589_고등학교,details/detail_part_015.parquet
R10_8750594_고등학교,details/detail_part_015.parquet
R10_8750610_고등학교,details/detail_part_015.parquet
R10_8750610_중학교,details/detail_part_015.parquet
R10_8750610_초등학교,details/detail_part_015.parquet
R10_8750611_고등학교,details/detail_part_015.parquet
R10_8750613_고등학교,details/detail_part_015.parquet
R10_8750614_고등학교,details/detail_part_015.parquet
R10_8750615_고등학교,details/detail_part_015.parquet
R10_8750616_고등학교,details/detail_part_015.parquet
R10_8750625_고등학교,details/detail_part_015.parquet
R10_8750626_고등학교,details/detail_part_015.parquet
R10_8750627_고등학교,details/detail_part_015.parquet
R10_8750630_고등학교,details/detail_part_015.parquet
R10_8750632_고등학교,details/detail_part_015.parquet
R10_8750634_고등학교,details/detail_part_015.parquet
R10_8750637_고등학교,details/detail_part_015.parquet
R10_8750644_고등학교,details/detail_part_015.parquet
R10_8750646_고등학교,details/detail_part_015.parquet
R10_8750646_중학교,details/detail_part_015.parquet
R10_8750646_초등학교,details/detail_part_015.parquet
R10_8750652_고등학교,details/detail_part_015.parquet
R10_8750654_고등학교,details/detail_part_015.parquet
R10_8750655_고등학교,details/detail_part_015.parquet
R10_8750656_고등학교,details/detail_part_015.parquet
R10_8750667_고등학교,details/detail_part_015.parquet
R10_8750669_고등학교,details/detail_part_015.parquet
R10_8750670_고등학교,details/detail_part_015.parquet
R10_8750724_고등학교,details/detail_part_015.parquet
R10_8750726_고등학교,details/detail_part_015.parquet
R10_8750730_고등학교,details/detail_part_015.parquet
R10_8750731_고등학교,details/detail_part_015.parquet
R10_8750732_고등학교,details/detail_part_015.parquet
R10_8750733_고등학교,details/detail_part_015.parquet
R10_8750754_고등학교,details/detail_part_015.parquet
R10_8750757_고등학교,details/detail_part_015.parquet
R10_8750758_고등학교,details/detail_part_015.parquet
R10_8750761_고등학교,details/detail_part_015.parquet
R10_8750762_고등학교,details/detail_part_015.parquet
R10_8750763_고등학교,details/detail_part_015.parquet
R10_8750766_고등학교,details/detail_part_015.parquet
R10_8750768_고등학교,details/detail_part_015.parquet
R10_8750769_고등학교,details/detail_part_015.parquet
R10_8750770_고등학교,details/detail_part_015.parquet
R10_8750771_고등학교,details/detail_part_015.parquet
R10_8750772_고등학교,details/detail_part_015.parquet
R10_8750775_고등학교,details/detail_part_015.parquet
R10_8750776_고등학교,details/detail_part_015.parquet
R10_8750804_고등학교,details/detail_part_015.parquet
R10_8750805_고등학교,details/detail_part_015.parquet
R10_8750806_고등학교,details/detail_part_015.parquet
R10_8750807_고등학교,details/detail_part_015.parquet
R10_8750810_고등학교,details/detail_part_015.parquet
R10_8750811_고등학교,details/detail_part_015.parquet
R10_8750812_고등학교,details/detail_part_015.parquet
R10_8750813_고등학교,details/detail_part_015.parquet
R10_8750818_고등학교,details/detail_part_015.parquet
R10_8750829_고등학교,details/detail_part_015.parquet
R10_8750830_고등학교,details/detail_part_015.parquet
R10_8750831_고등학교,details/detail_part_015.parquet
R10_8750832_고등학교,details/detail_part_015.parquet
R10_8750834_고등학교,details/detail_part_015.parquet
R10_8750835_고등학교,details/detail_part_015.parquet
R10_8750836_고등학교,details/detail_part_015.parquet
R10_8750837_고등학교,details/detail_part_015.parquet
R10_8761111_초등학교,details/detail_part_015.parquet
R10_8761112_초등학교,details/detail_part_015.parquet
R10_8761113_초등학교,details/detail_part_015.parquet
R10_8761114_초등학교,details/detail_part_015.parquet
R10_8761115_초등학교,details/detail_part_015.parquet
R10_8761116_초등학교,details/detail_part_015.parquet
R10_8761117_초등학교,details/detail_part_015.parquet
R10_8761118_초등학교,details/detail_part_015.parquet
R10_8761119_초등학교,details/detail_part_015.parquet
R10_8761120_초등학교,details/detail_part_015.parquet
R10_8761121_초등학교,details/detail_part_015.parquet
R10_8761122_초등학교,details/detail_part_015.parquet
R10_8761123_초등학교,details/detail_part_015.parquet
R10_8761124_초등학교,details/detail_part_015.parquet
R10_8761125_초등학교,details/detail_part_015.parquet
R10_8761126_초등학교,details/detail_part_015.parquet
R10_8761127_초등학교,details/detail_part_015.parquet
R10_8761128_초등학교,details/detail_part_015.parquet
R10_8761129_초등학교,details/detail_part_015.parquet
R10_8761130_초등학교,details/detail_part_015.parquet
R10_8761131_초등학교,details/detail_part_015.parquet
R10_8761132_초등학교,details/detail_part_015.parquet
R10_8761133_초등학교,details/detail_part_015.parquet
R10_8761134_초등학교,details/detail_part_015.parquet
R10_8761135_초등학교,details/detail_part_015.parquet
R10_8761136_초등학교,details/detail_part_015.parquet
R10_8761137_초등학교,details/detail_part_015.parquet
R10_8761138_초등학교,details/detail_part_015.parquet
R10_8761139_초등학교,details/detail_part_015.parquet
R10_8761140_초등학교,details/detail_part_015.parquet
R10_8761141_초등학교,details/detail_part_015.parquet
R10_8761142_초등학교,details/detail_part_015.parquet
R10_8761143_초등학교,details/detail_part_015.parquet
R10_8761144_초등학교,details/detail_part_015.parquet
R10_8761145_초등학교,details/detail_part_015.parquet
R10_8761146_초등학교,details/detail_part_015.parquet
R10_8761147_초등학교,details/detail_part_015.parquet
R10_8761148_초등학교,details/detail_part_015.parquet
R10_8761149_초등학교,details/detail_part_015.parquet
R10_8761150_초등학교,details/detail_part_015.parquet
R10_8761151_초등학교,details/detail_part_015.parquet
R10_8761152_초등학교,details/detail_part_015.parquet
R10_8761153_초등학교,details/detail_part_015.parquet
R10_8761154_초등학교,details/detail_part_015.parquet
R10_8761155_초등학교,details/detail_part_015.parquet
R10_8761156_초등학교,details/detail_part_015.parquet
R10_8761157_초등학교,details/detail_part_015.parquet
R10_8761158_초등학교,details/detail_part_015.parquet
R10_8761159_초등학교,details/detail_part_015.parquet
R10_8761160_초등학교,details/detail_part_015.parquet
R10_8761161_초등학교,details/detail_part_015.parquet
R10_8761162_초등학교,details/detail_part_015.parquet
R10_8761163_초등학교,details/detail_part_015.parquet
R10_8761164_초등학교,details/detail_part_015.parquet
R10_8761165_초등학교,details/detail_part_015.parquet
R10_8761166_초등학교,details/detail_part_015.parquet
R10_8761167_초등학교,details/detail_part_015.parquet
R10_8761168_초등학교,details/detail_part_015.parquet
R10_8761169_초등학교,details/detail_part_015.parquet
R10_8761170_초등학교,details/detail_part_015.parquet
R10_8761171_초등학교,details/detail_part_015.parquet
R10_8761174_초등학교,details/detail_part_015.parquet
R10_8761178_초등학교,details/detail_part_015.parquet
R10_8761179_초등학교,details/detail_part_015.parquet
R10_8761182_중학교,details/detail_part_015.parquet
R10_8761183_중학교,details/detail_part_015.parquet
R10_8761184_중학교,details/detail_part_015.parquet
R10_8761185_중학교,details/detail_part_015.parquet
R10_8761186_중학교,details/detail_part_015.parquet
R10_8761187_중학교,details/detail_part_015.parquet
R10_8761188_중학교,details/detail_part_015.parquet
R10_8761189_중학교,details/detail_part_015.parquet
R10_8761190_중학교,details/detail_part_015.parquet
R10_8761191_중학교,details/detail_part_015.parquet
R10_8761192_중학교,details/detail_part_015.parquet
R10_8761193_중학교,details/detail_part_015.parquet
R10_8761195_중학교,details/detail_part_015.parquet
R10_8761197_중학교,details/detail_part_015.parquet
R10_8761198_중학교,details/detail_part_015.parquet
R10_8761199_중학교,details/detail_part_015.parquet
R10_8761200_중학교,details/detail_part_015.parquet
R10_8761201_중학교,details/detail_part_015.parquet
R10_8761202_중학교,details/detail_part_015.parquet
R10_8761203_중학교,details/detail_part_015.parquet
R10_8761204_중학교,details/detail_part_015.parquet
R10_8761205_중학교,details/detail_part_015.parquet
R10_8761206_중학교,details/detail_part_015.parquet
R10_8761207_중학교,details/detail_part_015.parquet
R10_8761208_중학교,details/detail_part_015.parquet
R10_8761209_중학교,details/detail_part_015.parquet
R10_8761211_중학교,details/detail_part_015.parquet
R10_8761212_중학교,details/detail_part_015.parquet
R10_8761213_중학교,details/detail_part_015.parquet
R10_8761214_중학교,details/detail_part_015.parquet
R10_8761217_중학교,details/detail_part_015.parquet
R10_8761229_초등학교,details/detail_part_015.parquet
R10_8761230_중학교,details/detail_part_015.parquet
R10_8761239_중학교,details/detail_part_015.parquet
R10_8761246_중학교,details/detail_part_015.parquet
R10_8761256_초등학교,details/detail_part_015.parquet
R10_8761257_중학교,details/detail_part_015.parquet
R10_8761258_초등학교,details/detail_part_015.parquet
R10_8761259_중학교,details/detail_part_016.parquet
R10_8761261_초등학교,details/detail_part_016.parquet
R10_8761271_초등학교,details/detail_part_016.parquet
R10_8761272_초등학교,details/detail_part_016.parquet
R10_8771050_초등학교,details/detail_part_016.parquet
R10_8771068_초등학교,details/detail_part_016.parquet
R10_8771069_초등학교,details/detail_part_016.parquet
R10_8771070_초등학교,details/detail_part_016.parquet
R10_8771071_초등학교,details/detail_part_016.parquet
R10_8771072_초등학교,details/detail_part_016.parquet
R10_8771073_초등학교,details/detail_part_016.parquet
R10_8771074_초등학교,details/detail_part_016.parquet
R10_8771075_초등학교,details/detail_part_016.parquet
R10_8771076_초등학교,details/detail_part_016.parquet
R10_8771077_초등학교,details/detail_part_016.parquet
R10_8771078_초등학교,details/detail_part_016.parquet
R10_8771079_초등학교,details/detail_part_016.parquet
R10_8771080_초등학교,details/detail_part_016.parquet
R10_8771081_초등학교,details/detail_part_016.parquet
R10_8771082_초등학교,details/detail_part_016.parquet
R10_8771083_초등학교,details/detail_part_016.parquet
R10_8771084_초등학교,details/detail_part_016.parquet
R10_8771085_초등학교,details/detail_part_016.parquet
R10_8771086_초등학교,details/detail_part_016.parquet
R10_8771087_초등학교,details/detail_part_016.parquet
R10_8771088_초등학교,details/detail_part_016.parquet
R10_8771090_초등학교,details/detail_part_016.parquet
R10_8771091_초등학교,details/detail_part_016.parquet
R10_8771092_초등학교,details/detail_part_016.parquet
R10_8771093_초등학교,details/detail_part_016.parquet
R10_8771094_초등학교,details/detail_part_016.parquet
R10_8771095_초등학교,details/detail_part_016.parquet
R10_8771096_초등학교,details/detail_part_016.parquet
R10_8771097_초등학교,details/detail_part_016.parquet
R10_8771098_초등학교,details/detail_part_016.parquet
R10_8771099_초등학교,details/detail_part_016.parquet
R10_8771100_초등학교,details/detail_part_016.parquet
R10_8771101_초등학교,details/detail_part_016.parquet
R10_8771102_초등학교,details/detail_part_016.parquet
R10_8771103_초등학교,details/detail_part_016.parquet
R10_8771104_초등학교,details/detail_part_016.parquet
R10_8771105_초등학교,details/detail_part_016.parquet
R10_8771106_초등학교,details/detail_part_016.parquet
R10_8771107_초등학교,details/detail_part_016.parquet
R10_8771108_초등학교,details/detail_part_016.parquet
R10_8771109_초등학교,details/detail_part_016.parquet
R10_8771110_초등학교,details/detail_part_016.parquet
R10_8771116_중학교,details/detail_part_016.parquet
R10_8771117_중학교,details/detail_part_016.parquet
R10_8771118_중학교,details/detail_part_016.parquet
R10_8771119_중학교,details/detail_part_016.parquet
R10_8771120_중학교,details/detail_part_016.parquet
R10_8771121_중학교,details/detail_part_016.parquet
R10_8771122_중학교,details/detail_part_016.parquet
R10_8771123_중학교,details/detail_part_016.parquet
R10_8771124_중학교,details/detail_part_016.parquet
R10_8771125_중학교,details/detail_part_016.parquet
R10_8771126_중학교,details/detail_part_016.parquet
R10_8771127_중학교,details/detail_part_016.parquet
R10_8771128_중학교,details/detail_part_016.parquet
R10_8771129_중학교,details/detail_part_016.parquet
R10_8771130_중학교,details/detail_part_016.parquet
R10_8771131_중학교,details/detail_part_016.parquet
R10_8771132_중학교,details/detail_part_016.parquet
R10_8771133_중학교,details/detail_part_016.parquet
R10_8771134_중학교,details/detail_part_016.parquet
R10_8771135_중학교,details/detail_part_016.parquet
R10_8781044_초등학교,details/detail_part_016.parquet
R10_8781045_초등학교,details/detail_part_016.parquet
R10_8781046_초등학교,details/detail_part_016.parquet
R10_8781048_초등학교,details/detail_part_016.parquet
R10_8781049_초등학교,details/detail_part_016.parquet
R10_8781050_초등학교,details/detail_part_016.parquet
R10_8781051_초등학교,details/detail_part_016.parquet
R10_8781052_초등학교,details/detail_part_016.parquet
R10_8781053_초등학교,details/detail_part_016.parquet
R10_8781054_초등학교,details/detail_part_016.parquet
R10_8781055_초등학교,details/detail_part_016.parquet
R10_8781056_초등학교,details/detail_part_016.parquet
R10_8781057_초등학교,details/detail_part_016.parquet
R10_8781058_초등학교,details/detail_part_016.parquet
R10_8781059_초등학교,details/detail_part_016.parquet
R10_8781061_초등학교,details/detail_part_016.parquet
R10_8781062_초등학교,details/detail_part_016.parquet
R10_8781064_초등학교,details/detail_part_016.parquet
R10_8781066_초등학교,details/detail_part_016.parquet
R10_8781067_초등학교,details/detail_part_016.parquet
R10_8781070_초등학교,details/detail_part_016.parquet
R10_8781071_초등학교,details/detail_part_016.parquet
R10_8781072_초등학교,details/detail_part_016.parquet
R10_8781074_초등학교,details/detail_part_016.parquet
R10_8781075_초등학교,details/detail_part_016.parquet
R10_8781078_중학교,details/detail_part_016.parquet
R10_8781079_중학교,details/detail_part_016.parquet
R10_8781080_중학교,details/detail_part_016.parquet
R10_8781081_중학교,details/detail_part_016.parquet
R10_8781084_중학교,details/detail_part_016.parquet
R10_8781085_중학교,details/detail_part_016.parquet
R10_8781087_중학교,details/detail_part_016.parquet
R10_8781088_중학교,details/detail_part_016.parquet
R10_8781090_중학교,details/detail_part_016.parquet
R10_8781091_중학교,details/detail_part_016.parquet
R10_8781092_중학교,details/detail_part_016.parquet
R10_8781096_중학교,details/detail_part_016.parquet
R10_8781098_초등학교,details/detail_part_016.parquet
R10_8781100_중학교,details/detail_part_016.parquet
R10_8781102_초등학교,details/detail_part_016.parquet
R10_8781103_초등학교,details/detail_part_016.parquet
R10_8781106_중학교,details/detail_part_016.parquet
R10_8781113_초등학교,details/detail_part_016.parquet
R10_8781116_중학교,details/detail_part_016.parquet
R10_8781123_중학교,details/detail_part_016.parquet
R10_8781124_초등학교,details/detail_part_016.parquet
R10_8791046_초등학교,details/detail_part_016.parquet
R10_8791047_초등학교,details/detail_part_016.parquet
R10_8791048_초등학교,details/detail_part_016.parquet
R10_8791049_초등학교,details/detail_part_016.parquet
R10_8791050_초등학교,details/detail_part_016.parquet
R10_8791051_초등학교,details/detail_part_016.parquet
R10_8791052_초등학교,details/detail_part_016.parquet
R10_8791053_초등학교,details/detail_part_016.parquet
R10_8791054_초등학교,details/detail_part_016.parquet
R10_8791055_초등학교,details/detail_part_016.parquet
R10_8791056_초등학교,details/detail_part_016.parquet
R10_8791057_초등학교,details/detail_part_016.parquet
R10_8791058_초등학교,details/detail_part_016.parquet
R10_8791059_초등학교,details/detail_part_016.parquet
R10_8791060_초등학교,details/detail_part_016.parquet
R10_8791061_초등학교,details/detail_part_016.parquet
R10_8791062_초등학교,details/detail_part_016.parquet
R10_8791063_초등학교,details/detail_part_016.parquet
R10_8791064_초등학교,details/detail_part_016.parquet
R10_8791065_초등학교,details/detail_part_016.parquet
R10_8791066_초등학교,details/detail_part_016.parquet
R10_8791067_초등학교,details/detail_part_016.parquet
R10_8791068_초등학교,details/detail_part_016.parquet
R10_8791069_초등학교,details/detail_part_016.parquet
R10_8791070_초등학교,details/detail_part_016.parquet
R10_8791071_초등학교,details/detail_part_016.parquet
R10_8791072_초등학교,details/detail_part_016.parquet
R10_8791073_초등학교,details/detail_part_016.parquet
R10_8791074_초등학교,details/detail_part_016.parquet
R10_8791077_초등학교,details/detail_part_016.parquet
R10_8791078_초등학교,details/detail_part_016.parquet
R10_8791080_초등학교,details/detail_part_016.parquet
R10_8791081_중학교,details/detail_part_016.parquet
R10_8791082_중학교,details/detail_part_016.parquet
R10_8791084_중학교,details/detail_part_016.parquet
R10_8791085_중학교,details/detail_part_016.parquet
R10_8791086_중학교,details/detail_part_016.parquet
R10_8791087_중학교,details/detail_part_016.parquet
R10_8791089_중학교,details/detail_part_016.parquet
R10_8791090_중학교,details/detail_part_016.parquet
R10_8791091_중학교,details/detail_part_016.parquet
R10_8791092_중학교,details/detail_part_016.parquet
R10_8791093_중학교,details/detail_part_016.parquet
R10_8791094_중학교,details/detail_part_016.parquet
R10_8791106_초등학교,details/detail_part_016.parquet
R10_8791108_중학교,details/detail_part_016.parquet
R10_8801086_초등학교,details/detail_part_016.parquet
R10_8801087_초등학교,details/detail_part_016.parquet
R10_8801088_초등학교,details/detail_part_016.parquet
R10_8801089_초등학교,details/detail_part_016.parquet
R10_8801090_초등학교,details/detail_part_016.parquet
R10_8801091_초등학교,details/detail_part_016.parquet
R10_8801092_초등학교,details/detail_part_016.parquet
R10_8801093_초등학교,details/detail_part_016.parquet
R10_8801094_초등학교,details/detail_part_016.parquet
R10_8801095_초등학교,details/detail_part_016.parquet
R10_8801096_초등학교,details/detail_part_016.parquet
R10_8801097_초등학교,details/detail_part_016.parquet
R10_8801098_초등학교,details/detail_part_016.parquet
R10_8801099_초등학교,details/detail_part_016.parquet
R10_8801100_초등학교,details/detail_part_016.parquet
R10_8801101_초등학교,details/detail_part_016.parquet
R10_8801102_초등학교,details/detail_part_016.parquet
R10_8801103_초등학교,details/detail_part_016.parquet
R10_8801104_초등학교,details/detail_part_016.parquet
R10_8801105_초등학교,details/detail_part_016.parquet
R10_8801106_초등학교,details/detail_part_016.parquet
R10_8801107_초등학교,details/detail_part_016.parquet
R10_8801108_초등학교,details/detail_part_016.parquet
R10_8801109_초등학교,details/detail_part_016.parquet
R10_8801110_초등학교,details/detail_part_016.parquet
R10_8801111_초등학교,details/detail_part_016.parquet
R10_8801112_초등학교,details/detail_part_016.parquet
R10_8801113_초등학교,details/detail_part_016.parquet
R10_8801114_초등학교,details/detail_part_016.parquet
R10_8801116_초등학교,details/detail_part_016.parquet
R10_8801117_초등학교,details/detail_part_016.parquet
R10_8801118_초등학교,details/detail_part_016.parquet
R10_8801119_초등학교,details/detail_part_016.parquet
R10_8801120_초등학교,details/detail_part_016.parquet
R10_8801121_초등학교,details/detail_part_016.parquet
R10_8801122_초등학교,details/detail_part_016.parquet
R10_8801123_초등학교,details/detail_part_016.parquet
R10_8801125_초등학교,details/detail_part_016.parquet
R10_8801126_초등학교,details/detail_part_016.parquet
R10_8801127_초등학교,details/detail_part_016.parquet
R10_8801128_초등학교,details/detail_part_016.parquet
R10_8801129_초등학교,details/detail_part_016.parquet
R10_8801130_초등학교,details/detail_part_016.parquet
R10_8801131_초등학교,details/detail_part_016.parquet
R10_8801132_초등학교,details/detail_part_016.parquet
R10_8801133_초등학교,details/detail_part_016.parquet
R10_8801134_초등학교,details/detail_part_016.parquet
R10_8801136_중학교,details/detail_part_016.parquet
R10_8801137_중학교,details/detail_part_016.parquet
R10_8801138_중학교,details/detail_part_016.parquet
R10_8801139_중학교,details/detail_part_016.parquet
R10_8801140_중학교,details/detail_part_016.parquet
R10_8801141_중학교,details/detail_part_016.parquet
R10_8801142_중학교,details/detail_part_016.parquet
R10_8801143_중학교,details/detail_part_016.parquet
R10_8801144_중학교,details/detail_part_016.parquet
R10_8801145_중학교,details/detail_part_016.parquet
R10_8801147_중학교,details/detail_part_016.parquet
R10_8801148_중학교,details/detail_part_016.parquet
R10_8801149_중학교,details/detail_part_016.parquet
R10_8801150_중학교,details/detail_part_016.parquet
R10_8801151_중학교,details/detail_part_016.parquet
R10_8801152_중학교,details/detail_part_016.parquet
R10_8801153_중학교,details/detail_part_016.parquet
R10_8801154_중학교,details/detail_part_016.parquet
R10_8801155_중학교,details/detail_part_016.parquet
R10_8801156_중학교,details/detail_part_016.parquet
R10_8801157_중학교,details/detail_part_016.parquet
R10_8801158_중학교,details/detail_part_016.parquet
R10_8801159_중학교,details/detail_part_016.parquet
R10_8801160_중학교,details/detail_part_016.parquet
R10_8801161_중학교,details/detail_part_016.parquet
R10_8801162_중학교,details/detail_part_016.parquet
R10_8801180_초등학교,details/detail_part_016.parquet
R10_8801193_중학교,details/detail_part_016.parquet
R10_8801201_초등학교,details/detail_part_016.parquet
R10_8801203_초등학교,details/detail_part_016.parquet
R10_8801205_중학교,details/detail_part_016.parquet
R10_8801207_초등학교,details/detail_part_016.parquet
R10_8801208_초등학교,details/detail_part_016.parquet
R10_8811035_초등학교,details/detail_part_016.parquet
R10_8811036_초등학교,details/detail_part_016.parquet
R10_8811038_초등학교,details/detail_part_016.parquet
R10_8811039_초등학교,details/detail_part_016.parquet
R10_8811040_초등학교,details/detail_part_016.parquet
R10_8811041_초등학교,details/detail_part_016.parquet
R10_8811042_초등학교,details/detail_part_016.parquet
R10_8811043_초등학교,details/detail_part_016.parquet
R10_8811044_초등학교,details/detail_part_016.parquet
R10_8811045_초등학교,details/detail_part_016.parquet
R10_8811046_초등학교,details/detail_part_016.parquet
R10_8811047_초등학교,details/detail_part_016.parquet
R10_8811048_초등학교,details/detail_part_016.parquet
R10_8811049_초등학교,details/detail_part_016.parquet
R10_8811050_초등학교,details/detail_part_016.parquet
R10_8811051_초등학교,details/detail_part_016.parquet
R10_8811052_초등학교,details/detail_part_016.parquet
R10_8811053_초등학교,details/detail_part_016.parquet
R10_8811054_중학교,details/detail_part_016.parquet
R10_8811055_중학교,details/detail_part_016.parquet
R10_8811056_중학교,details/detail_part_016.parquet
R10_8811057_중학교,details/detail_part_016.parquet
R10_8811058_중학교,details/detail_part_016.parquet
R10_8811059_중학교,details/detail_part_016.parquet
R10_8811060_중학교,details/detail_part_016.parquet
R10_8811061_중학교,details/detail_part_016.parquet
R10_8811062_중학교,details/detail_part_016.parquet
R10_8811063_중학교,details/detail_part_016.parquet
R10_8811064_중학교,details/detail_part_016.parquet
R10_8811067_초등학교,details/detail_part_016.parquet
R10_8821033_초등학교,details/detail_part_016.parquet
R10_8821034_초등학교,details/detail_part_016.parquet
R10_8821035_초등학교,details/detail_part_016.parquet
R10_8821036_초등학교,details/detail_part_016.parquet
R10_8821037_초등학교,details/detail_part_016.parquet
R10_8821038_초등학교,details/detail_part_016.parquet
R10_8821039_초등학교,details/detail_part_016.parquet
R10_8821041_초등학교,details/detail_part_016.parquet
R10_8821042_초등학교,details/detail_part_016.parquet
R10_8821043_초등학교,details/detail_part_016.parquet
R10_8821045_초등학교,details/detail_part_016.parquet
R10_8821046_초등학교,details/detail_part_016.parquet
R10_8821047_초등학교,details/detail_part_016.parquet
R10_8821048_초등학교,details/detail_part_016.parquet
R10_8821049_초등학교,details/detail_part_016.parquet
R10_8821050_초등학교,details/detail_part_016.parquet
R10_8821052_초등학교,details/detail_part_016.parquet
R10_8821053_초등학교,details/detail_part_016.parquet
R10_8821054_초등학교,details/detail_part_016.parquet
R10_8821056_중학교,details/detail_part_016.parquet
R10_8821057_중학교,details/detail_part_016.parquet
R10_8821058_중학교,details/detail_part_016.parquet
R10_8821060_중학교,details/detail_part_016.parquet
R10_8821061_중학교,details/detail_part_016.parquet
R10_8821064_중학교,details/detail_part_016.parquet
R10_8821065_중학교,details/detail_part_016.parquet
R10_8821066_중학교,details/detail_part_016.parquet
R10_8821067_중학교,details/detail_part_016.parquet
R10_8821068_중학교,details/detail_part_016.parquet
R10_8821069_중학교,details/detail_part_016.parquet
R10_8821070_초등학교,details/detail_part_016.parquet
R10_8821074_중학교,details/detail_part_016.parquet
R10_8821075_중학교,details/detail_part_016.parquet
R10_8821077_중학교,details/detail_part_016.parquet
R10_8831044_초등학교,details/detail_part_016.parquet
R10_8831046_초등학교,details/detail_part_016.parquet
R10_8831047_초등학교,details/detail_part_016.parquet
R10_8831048_초등학교,details/detail_part_016.parquet
R10_8831049_초등학교,details/detail_part_016.parquet
R10_8831050_초등학교,details/detail_part_016.parquet
R10_8831051_초등학교,details/detail_part_016.parquet
R10_8831052_초등학교,details/detail_part_016.parquet
R10_8831053_초등학교,details/detail_part_016.parquet
R10_8831054_초등학교,details/detail_part_016.parquet
R10_8831055_초등학교,details/detail_part_016.parquet
R10_8831056_초등학교,details/detail_part_016.parquet
R10_8831057_초등학교,details/detail_part_016.parquet
R10_8831058_초등학교,details/detail_part_016.parquet
R10_8831059_초등학교,details/detail_part_016.parquet
R10_8831060_초등학교,details/detail_part_016.parquet
R10_8831061_초등학교,details/detail_part_016.parquet
R10_8831062_초등학교,details/detail_part_016.parquet
R10_8831063_초등학교,details/detail_part_016.parquet
R10_8831064_초등학교,details/detail_part_016.parquet
R10_8831065_초등학교,details/detail_part_016.parquet
R10_8831066_초등학교,details/detail_part_016.parquet
R10_8831068_초등학교,details/detail_part_016.parquet
R10_8831069_초등학교,details/detail_part_016.parquet
R10_8831070_초등학교,details/detail_part_016.parquet
R10_8831071_초등학교,details/detail_part_016.parquet
R10_8831072_초등학교,details/detail_part_016.parquet
R10_8831073_초등학교,details/detail_part_016.parquet
R10_8831076_초등학교,details/detail_part_016.parquet
R10_8831079_초등학교,details/detail_part_016.parquet
R10_8831080_초등학교,details/detail_part_016.parquet
R10_8831082_중학교,details/detail_part_016.parquet
R10_8831083_중학교,details/detail_part_016.parquet
R10_8831084_중학교,details/detail_part_016.parquet
R10_8831085_중학교,details/detail_part_016.parquet
R10_8831086_중학교,details/detail_part_016.parquet
R10_8831087_중학교,details/detail_part_016.parquet
R10_8831088_중학교,details/detail_part_016.parquet
R10_8831089_중학교,details/detail_part_016.parquet
R10_8831090_중학교,details/detail_part_016.parquet
R10_8831091_중학교,details/detail_part_016.parquet
R10_8831092_중학교,details/detail_part_016.parquet
R10_8831093_중학교,details/detail_part_016.parquet
R10_8831094_중학교,details/detail_part_016.parquet
R10_8831095_중학교,details/detail_part_016.parquet
R10_8831096_중학교,details/detail_part_016.parquet
R10_8831097_중학교,details/detail_part_016.parquet
R10_8831098_중학교,details/detail_part_016.parquet
R10_8841033_초등학교,details/detail_part_016.parquet
R10_8841034_초등학교,details/detail_part_016.parquet
R10_8841035_초등학교,details/detail_part_016.parquet
R10_8841036_초등학교,details/detail_part_016.parquet
R10_8841037_초등학교,details/detail_part_016.parquet
R10_8841038_초등학교,details/detail_part_016.parquet
R10_8841039_초등학교,details/detail_part_016.parquet
R10_8841040_초등학교,details/detail_part_016.parquet
R10_8841041_초등학교,details/detail_part_016.parquet
R10_8841042_초등학교,details/detail_part_016.parquet
R10_8841043_초등학교,details/detail_part_016.parquet
R10_8841044_초등학교,details/detail_part_016.parquet
R10_8841045_초등학교,details/detail_part_016.parquet
R10_8841046_초등학교,details/detail_part_016.parquet
R10_8841047_초등학교,details/detail_part_016.parquet
R10_8841048_초등학교,details/detail_part_016.parquet
R10_8841049_초등학교,details/detail_part_016.parquet
R10_8841051_초등학교,details/detail_part_016.parquet
R10_8841052_초등학교,details/detail_part_016.parquet
R10_8841053_중학교,details/detail_part_016.parquet
R10_8841054_중학교,details/detail_part_016.parquet
R10_8841055_중학교,details/detail_part_016.parquet
R10_8841056_중학교,details/detail_part_016.parquet
R10_8841057_중학교,details/detail_part_016.parquet
R10_8841058_중학교,details/detail_part_016.parquet
R10_8841059_중학교,details/detail_part_016.parquet
R10_8841060_중학교,details/detail_part_016.parquet
R10_8841061_중학교,details/detail_part_016.parquet
R10_8851057_초등학교,details/detail_part_016.parquet
R10_8851058_초등학교,details/detail_part_016.parquet
R10_8851059_초등학교,details/detail_part_016.parquet
R10_8851060_초등학교,details/detail_part_016.parquet
R10_8851061_초등학교,details/detail_part_016.parquet
R10_8851062_초등학교,details/detail_part_016.parquet
R10_8851063_초등학교,details/detail_part_016.parquet
R10_8851064_초등학교,details/detail_part_016.parquet
R10_8851065_초등학교,details/detail_part_016.parquet
R10_8851066_초등학교,details/detail_part_016.parquet
R10_8851067_초등학교,details/detail_part_016.parquet
R10_8851068_초등학교,details/detail_part_016.parquet
R10_8851069_초등학교,details/detail_part_016.parquet
R10_8851070_초등학교,details/detail_part_016.parquet
R10_8851071_초등학교,details/detail_part_016.parquet
R10_8851073_초등학교,details/detail_part_016.parquet
R10_8851074_초등학교,details/detail_part_016.parquet
R10_8851075_초등학교,details/detail_part_016.parquet
R10_8851076_초등학교,details/detail_part_016.parquet
R10_8851077_초등학교,details/detail_part_016.parquet
R10_8851078_초등학교,details/detail_part_016.parquet
R10_8851079_초등학교,details/detail_part_016.parquet
R10_8851080_초등학교,details/detail_part_016.parquet
R10_8851081_초등학교,details/detail_part_016.parquet
R10_8851082_초등학교,details/detail_part_016.parquet
R10_8851083_초등학교,details/detail_part_016.parquet
R10_8851084_초등학교,details/detail_part_016.parquet
R10_8851085_초등학교,details/detail_part_016.parquet
R10_8851087_중학교,details/detail_part_016.parquet
R10_8851088_중학교,details/detail_part_016.parquet
R10_8851089_중학교,details/detail_part_016.parquet
R10_8851090_중학교,details/detail_part_016.parquet
R10_8851091_중학교,details/detail_part_016.parquet
R10_8851092_중학교,details/detail_part_016.parquet
R10_8851093_중학교,details/detail_part_016.parquet
R10_8851094_중학교,details/detail_part_016.parquet
R10_8851096_중학교,details/detail_part_016.parquet
R10_8851097_중학교,details/detail_part_016.parquet
R10_8851098_중학교,details/detail_part_016.parquet
R10_8851099_중학교,details/detail_part_016.parquet
R10_8851100_중학교,details/detail_part_016.parquet
R10_8851102_초등학교,details/detail_part_016.parquet
R10_8851122_초등학교,details/detail_part_016.parquet
R10_8851129_초등학교,details/detail_part_016.parquet
R10_8851135_중학교,details/detail_part_016.parquet
R10_8851138_중학교,details/detail_part_016.parquet
R10_8851143_중학교,details/detail_part_016.parquet
R10_8871026_초등학교,details/detail_part_016.parquet
R10_8871027_초등학교,details/detail_part_016.parquet
R10_8871028_초등학교,details/detail_part_016.parquet
R10_8871029_초등학교,details/detail_part_016.parquet
R10_8871032_초등학교,details/detail_part_016.parquet
R10_8871033_초등학교,details/detail_part_016.parquet
R10_8871036_초등학교,details/detail_part_016.parquet
R10_8871037_초등학교,details/detail_part_016.parquet
R10_8871038_초등학교,details/detail_part_016.parquet
R10_8871039_초등학교,details/detail_part_016.parquet
R10_8871040_초등학교,details/detail_part_016.parquet
R10_8871041_초등학교,details/detail_part_016.parquet
R10_8871043_초등학교,details/detail_part_016.parquet
R10_8871044_초등학교,details/detail_part_016.parquet
R10_8871045_초등학교,details/detail_part_016.parquet
R10_8871048_중학교,details/detail_part_016.parquet
R10_8871049_중학교,details/detail_part_016.parquet
R10_8871051_중학교,details/detail_part_016.parquet
R10_8871053_중학교,details/detail_part_016.parquet
R10_8871055_중학교,details/detail_part_016.parquet
R10_8871056_중학교,details/detail_part_016.parquet
R10_8871057_중학교,details/detail_part_016.parquet
R10_8871059_중학교,details/detail_part_016.parquet
R10_8871060_중학교,details/detail_part_016.parquet
R10_8871063_중학교,details/detail_part_016.parquet
R10_8871068_초등학교,details/detail_part_016.parquet
R10_8871070_초등학교,details/detail_part_016.parquet
R10_8881015_초등학교,details/detail_part_016.parquet
R10_8881016_초등학교,details/detail_part_016.parquet
R10_8881017_초등학교,details/detail_part_016.parquet
R10_8881018_초등학교,details/detail_part_016.parquet
R10_8881019_초등학교,details/detail_part_016.parquet
R10_8881020_초등학교,details/detail_part_016.parquet
R10_8881021_초등학교,details/detail_part_016.parquet
R10_8881022_초등학교,details/detail_part_016.parquet
R10_8881023_중학교,details/detail_part_016.parquet
R10_8881024_중학교,details/detail_part_016.parquet
R10_8881025_중학교,details/detail_part_016.parquet
R10_8881026_중학교,details/detail_part_016.parquet
R10_8881027_중학교,details/detail_part_016.parquet
R10_8881029_중학교,details/detail_part_016.parquet
R10_8881030_중학교,details/detail_part_016.parquet
R10_8881031_중학교,details/detail_part_016.parquet
R10_8881032_중학교,details/detail_part_016.parquet
R10_8891014_초등학교,details/detail_part_016.parquet
R10_8891015_초등학교,details/detail_part_016.parquet
R10_8891016_초등학교,details/detail_part_016.parquet
R10_8891017_초등학교,details/detail_part_016.parquet
R10_8891018_초등학교,details/detail_part_016.parquet
R10_8891019_초등학교,details/detail_part_016.parquet
R10_8891020_초등학교,details/detail_part_016.parquet
R10_8891022_중학교,details/detail_part_016.parquet
R10_8891023_중학교,details/detail_part_016.parquet
R10_8891024_중학교,details/detail_part_016.parquet
R10_8891026_중학교,details/detail_part_016.parquet
R10_8901021_초등학교,details/detail_part_016.parquet
R10_8901022_초등학교,details/detail_part_016.parquet
R10_8901023_초등학교,details/detail_part_016.parquet
R10_8901026_초등학교,details/detail_part_016.parquet
R10_8901027_초등학교,details/detail_part_016.parquet
R10_8901028_초등학교,details/detail_part_016.parquet
R10_8901029_초등학교,details/detail_part_016.parquet
R10_8901030_초등학교,details/detail_part_016.parquet
R10_8901034_초등학교,details/detail_part_016.parquet
R10_8901036_중학교,details/detail_part_016.parquet
R10_8901037_중학교,details/detail_part_016.parquet
R10_8901038_중학교,details/detail_part_016.parquet
R10_8901039_중학교,details/detail_part_016.parquet
R10_8901040_중학교,details/detail_part_016.parquet
R10_8901041_중학교,details/detail_part_016.parquet
R10_8901042_중학교,details/detail_part_016.parquet
R10_8901043_중학교,details/detail_part_016.parquet
R10_8901044_초등학교,details/detail_part_016.parquet
R10_8911024_초등학교,details/detail_part_016.parquet
R10_8911025_초등학교,details/detail_part_016.parquet
R10_8911026_초등학교,details/detail_part_016.parquet
R10_8911027_초등학교,details/detail_part_016.parquet
R10_8911029_초등학교,details/detail_part_016.parquet
R10_8911032_초등학교,details/detail_part_016.parquet
R10_8911033_초등학교,details/detail_part_016.parquet
R10_8911034_초등학교,details/detail_part_016.parquet
R10_8911035_초등학교,details/detail_part_016.parquet
R10_8911036_초등학교,details/detail_part_016.parquet
R10_8911037_초등학교,details/detail_part_016.parquet
R10_8911039_중학교,details/detail_part_016.parquet
R10_8911040_중학교,details/detail_part_016.parquet
R10_8911041_중학교,details/detail_part_016.parquet
R10_8911042_중학교,details/detail_part_016.parquet
R10_8911043_중학교,details/detail_part_016.parquet
R10_8911044_중학교,details/detail_part_016.parquet
R10_8921017_초등학교,details/detail_part_016.parquet
R10_8921018_초등학교,details/detail_part_016.parquet
R10_8921019_초등학교,details/detail_part_016.parquet
R10_8921020_초등학교,details/detail_part_016.parquet
R10_8921021_초등학교,details/detail_part_016.parquet
R10_8921023_초등학교,details/detail_part_016.parquet
R10_8921024_초등학교,details/detail_part_016.parquet
R10_8921026_초등학교,details/detail_part_016.parquet
R10_8921027_초등학교,details/detail_part_016.parquet
R10_8921029_중학교,details/detail_part_016.parquet
R10_8921030_중학교,details/detail_part_016.parquet
R10_8921031_중학교,details/detail_part_016.parquet
R10_8921032_중학교,details/detail_part_016.parquet
R10_8921033_중학교,details/detail_part_016.parquet
R10_8921034_중학교,details/detail_part_016.parquet
R10_8921037_중학교,details/detail_part_016.parquet
R10_8931022_초등학교,details/detail_part_016.parquet
R10_8931023_초등학교,details/detail_part_016.parquet
R10_8931024_초등학교,details/detail_part_016.parquet
R10_8931025_초등학교,details/detail_part_016.parquet
R10_8931026_초등학교,details/detail_part_016.parquet
R10_8931028_초등학교,details/detail_part_016.parquet
R10_8931029_초등학교,details/detail_part_016.parquet
R10_8931030_초등학교,details/detail_part_016.parquet
R10_8931031_초등학교,details/detail_part_016.parquet
R10_8931032_초등학교,details/detail_part_016.parquet
R10_8931033_초등학교,details/detail_part_016.parquet
R10_8931036_초등학교,details/detail_part_016.parquet
R10_8931040_중학교,details/detail_part_016.parquet
R10_8931041_중학교,details/detail_part_016.parquet
R10_8931042_중학교,details/detail_part_016.parquet
R10_8931043_중학교,details/detail_part_016.parquet
R10_8931044_중학교,details/detail_part_016.parquet
R10_8931045_중학교,details/detail_part_016.parquet
R10_8931046_중학교,details/detail_part_016.parquet
R10_8931049_초등학교,details/detail_part_016.parquet
R10_8931052_중학교,details/detail_part_016.parquet
R10_8941039_초등학교,details/detail_part_016.parquet
R10_8941040_초등학교,details/detail_part_016.parquet
R10_8941041_초등학교,details/detail_part_016.parquet
R10_8941042_초등학교,details/detail_part_016.parquet
R10_8941043_초등학교,details/detail_part_016.parquet
R10_8941044_초등학교,details/detail_part_016.parquet
R10_8941045_초등학교,details/detail_part_016.parquet
R10_8941046_초등학교,details/detail_part_016.parquet
R10_8941047_초등학교,details/detail_part_016.parquet
R10_8941048_초등학교,details/detail_part_016.parquet
R10_8941049_초등학교,details/detail_part_016.parquet
R10_8941050_초등학교,details/detail_part_016.parquet
R10_8941051_초등학교,details/detail_part_016.parquet
R10_8941052_초등학교,details/detail_part_016.parquet
R10_8941053_초등학교,details/detail_part_016.parquet
R10_8941054_초등학교,details/detail_part_016.parquet
R10_8941055_초등학교,details/detail_part_016.parquet
R10_8941056_초등학교,details/detail_part_016.parquet
R10_8941057_초등학교,details/detail_part_016.parquet
R10_8941058_초등학교,details/detail_part_016.parquet
R10_8941059_초등학교,details/detail_part_016.parquet
R10_8941061_중학교,details/detail_part_016.parquet
R10_8941062_중학교,details/detail_part_016.parquet
R10_8941063_중학교,details/detail_part_016.parquet
R10_8941064_중학교,details/detail_part_016.parquet
R10_8941065_중학교,details/detail_part_016.parquet
R10_8941066_중학교,details/detail_part_016.parquet
R10_8941067_중학교,details/detail_part_016.parquet
R10_8941068_중학교,details/detail_part_016.parquet
R10_8941069_중학교,details/detail_part_016.parquet
R10_8941070_중학교,details/detail_part_016.parquet
R10_8941078_중학교,details/detail_part_016.parquet
R10_8951018_초등학교,details/detail_part_016.parquet
R10_8951019_초등학교,details/detail_part_016.parquet
R10_8951020_초등학교,details/detail_part_016.parquet
R10_8951021_초등학교,details/detail_part_016.parquet
R10_8951022_초등학교,details/detail_part_016.parquet
R10_8951023_초등학교,details/detail_part_016.parquet
R10_8951024_초등학교,details/detail_part_016.parquet
R10_8951025_초등학교,details/detail_part_016.parquet
R10_8951026_초등학교,details/detail_part_016.parquet
R10_8951027_초등학교,details/detail_part_016.parquet
R10_8951028_초등학교,details/detail_part_016.parquet
R10_8951029_중학교,details/detail_part_016.parquet
R10_8951030_중학교,details/detail_part_016.parquet
R10_8951031_중학교,details/detail_part_016.parquet
R10_8951032_중학교,details/detail_part_016.parquet
R10_8951033_중학교,details/detail_part_016.parquet
R10_8951034_중학교,details/detail_part_016.parquet
R10_8951035_중학교,details/detail_part_016.parquet
R10_8951036_중학교,details/detail_part_016.parquet
R10_8951037_중학교,details/detail_part_016.parquet
R10_8951041_초등학교,details/detail_part_016.parquet
R10_8961025_초등학교,details/detail_part_016.parquet
R10_8961026_초등학교,details/detail_part_016.parquet
R10_8961027_초등학교,details/detail_part_016.parquet
R10_8961028_초등학교,details/detail_part_016.parquet
R10_8961029_초등학교,details/detail_part_016.parquet
R10_8961030_초등학교,details/detail_part_016.parquet
R10_8961031_초등학교,details/detail_part_016.parquet
R10_8961032_초등학교,details/detail_part_016.parquet
R10_8961033_초등학교,details/detail_part_016.parquet
R10_8961034_초등학교,details/detail_part_016.parquet
R10_8961035_초등학교,details/detail_part_016.parquet
R10_8961036_초등학교,details/detail_part_016.parquet
R10_8961037_초등학교,details/detail_part_016.parquet
R10_8961038_초등학교,details/detail_part_016.parquet
R10_8961044_초등학교,details/detail_part_016.parquet
R10_8961048_중학교,details/detail_part_016.parquet
R10_8961050_중학교,details/detail_part_016.parquet
R10_8961052_중학교,details/detail_part_016.parquet
R10_8961053_중학교,details/detail_part_016.parquet
R10_8961055_중학교,details/detail_part_016.parquet
R10_8961056_중학교,details/detail_part_016.parquet
R10_8961061_중학교,details/detail_part_016.parquet
R10_8971026_초등학교,details/detail_part_016.parquet
R10_8971027_초등학교,details/detail_part_016.parquet
R10_8971028_초등학교,details/detail_part_016.parquet
R10_8971029_초등학교,details/detail_part_016.parquet
R10_8971031_초등학교,details/detail_part_016.parquet
R10_8971032_초등학교,details/detail_part_016.parquet
R10_8971033_초등학교,details/detail_part_016.parquet
R10_8971034_초등학교,details/detail_part_016.parquet
R10_8971036_초등학교,details/detail_part_016.parquet
R10_8971037_초등학교,details/detail_part_016.parquet
R10_8971038_초등학교,details/detail_part_016.parquet
R10_8971039_초등학교,details/detail_part_016.parquet
R10_8971041_초등학교,details/detail_part_016.parquet
R10_8971043_초등학교,details/detail_part_016.parquet
R10_8971045_중학교,details/detail_part_016.parquet
R10_8971046_중학교,details/detail_part_016.parquet
R10_8971047_중학교,details/detail_part_016.parquet
R10_8971048_중학교,details/detail_part_016.parquet
R10_8971049_중학교,details/detail_part_016.parquet
R10_8971050_중학교,details/detail_part_016.parquet
R10_8971052_중학교,details/detail_part_016.parquet
R10_8971053_중학교,details/detail_part_016.parquet
R10_8971063_초등학교,details/detail_part_016.parquet
R10_8981012_초등학교,details/detail_part_016.parquet
R10_8981013_초등학교,details/detail_part_016.parquet
R10_8981014_초등학교,details/detail_part_016.parquet
R10_8981015_초등학교,details/detail_part_016.parquet
R10_8981025_중학교,details/detail_part_016.parquet
R10__고등학교,details/detail_part_016.parquet
R10__중학교,details/detail_part_016.parquet
R10__초등학교,details/detail_part_016.parquet
S10_7006350_초등학교,details/detail_part_016.parquet
S10_9010031_고등학교,details/detail_part_016.parquet
S10_9010032_고등학교,details/detail_part_016.parquet
S10_9010033_고등학교,details/detail_part_016.parquet
S10_9010034_고등학교,details/detail_part_016.parquet
S10_9010037_고등학교,details/detail_part_016.parquet
S10_9010038_고등학교,details/detail_part_016.parquet
S10_9010039_고등학교,details/detail_part_016.parquet
S10_9010040_고등학교,details/detail_part_016.parquet
S10_9010041_고등학교,details/detail_part_016.parquet
S10_9010042_고등학교,details/detail_part_016.parquet
S10_9010045_고등학교,details/detail_part_016.parquet
S10_9010046_고등학교,details/detail_part_016.parquet
S10_9010047_고등학교,details/detail_part_016.parquet
S10_9010048_고등학교,details/detail_part_016.parquet
S10_9010049_고등학교,details/detail_part_016.parquet
S10_9010050_고등학교,details/detail_part_016.parquet
S10_9010051_고등학교,details/detail_part_016.parquet
S10_9010052_고등학교,details/detail_part_016.parquet
S10_9010053_고등학교,details/detail_part_016.parquet
S10_9010054_고등학교,details/detail_part_016.parquet
S10_9010056_고등학교,details/detail_part_016.parquet
S10_9010057_고등학교,details/detail_part_016.parquet
S10_9010058_고등학교,details/detail_part_016.parquet
S10_9010060_고등학교,details/detail_part_016.parquet
S10_9010061_고등학교,details/detail_part_017.parquet
S10_9010062_고등학교,details/detail_part_017.parquet
S10_9010063_고등학교,details/detail_part_017.parquet
S10_9010064_고등학교,details/detail_part_017.parquet
S10_9010065_고등학교,details/detail_part_017.parquet
S10_9010066_고등학교,details/detail_part_017.parquet
S10_9010067_고등학교,details/detail_part_017.parquet
S10_9010068_고등학교,details/detail_part_017.parquet
S10_9010069_고등학교,details/detail_part_017.parquet
S10_9010070_고등학교,details/detail_part_017.parquet
S10_9010071_고등학교,details/detail_part_017.parquet
S10_9010072_고등학교,details/detail_part_017.parquet
S10_9010073_고등학교,details/detail_part_017.parquet
S10_9010074_고등학교,details/detail_part_017.parquet
S10_9010075_고등학교,details/detail_part_017.parquet
S10_9010076_고등학교,details/detail_part_017.parquet
S10_9010077_고등학교,details/detail_part_017.parquet
S10_9010079_고등학교,details/detail_part_017.parquet
S10_9010080_고등학교,details/detail_part_017.parquet
S10_9010081_고등학교,details/detail_part_017.parquet
S10_9010082_고등학교,details/detail_part_017.parquet
S10_9010083_고등학교,details/detail_part_017.parquet
S10_9010084_고등학교,details/detail_part_017.parquet
S10_9010085_고등학교,details/detail_part_017.parquet
S10_9010086_고등학교,details/detail_part_017.parquet
S10_9010087_고등학교,details/detail_part_017.parquet
S10_9010088_고등학교,details/detail_part_017.parquet
S10_9010089_고등학교,details/detail_part_017.parquet
S10_9010090_고등학교,details/detail_part_017.parquet
S10_9010091_고등학교,details/detail_part_017.parquet
S10_9010092_고등학교,details/detail_part_017.parquet
S10_9010093_고등학교,details/detail_part_017.parquet
S10_9010094_고등학교,details/detail_part_017.parquet
S10_9010095_고등학교,details/detail_part_017.parquet
S10_9010096_고등학교,details/detail_part_017.parquet
S10_9010097_고등학교,details/detail_part_017.parquet
S10_9010098_고등학교,details/detail_part_017.parquet
S10_9010099_고등학교,details/detail_part_017.parquet
S10_9010100_고등학교,details/detail_part_017.parquet
S10_9010101_고등학교,details/detail_part_017.parquet
S10_9010102_고등학교,details/detail_part_017.parquet
S10_9010106_고등학교,details/detail_part_017.parquet
S10_9010108_고등학교,details/detail_part_017.parquet
S10_9010109_고등학교,details/detail_part_017.parquet
S10_9010110_고등학교,details/detail_part_017.parquet
S10_9010111_고등학교,details/detail_part_017.parquet
S10_9010112_고등학교,details/detail_part_017.parquet
S10_9010113_고등학교,details/detail_part_017.parquet
S10_9010114_고등학교,details/detail_part_017.parquet
S10_9010115_고등학교,details/detail_part_017.parquet
S10_9010116_고등학교,details/detail_part_017.parquet
S10_9010117_고등학교,details/detail_part_017.parquet
S10_9010118_고등학교,details/detail_part_017.parquet
S10_9010119_고등학교,details/detail_part_017.parquet
S10_9010120_고등학교,details/detail_part_017.parquet
S10_9010121_고등학교,details/detail_part_017.parquet
S10_9010123_고등학교,details/detail_part_017.parquet
S10_9010128_고등학교,details/detail_part_017.parquet
S10_9010129_고등학교,details/detail_part_017.parquet
S10_9010130_고등학교,details/detail_part_017.parquet
S10_9010132_고등학교,details/detail_part_017.parquet
S10_9010135_고등학교,details/detail_part_017.parquet
S10_9010138_고등학교,details/detail_part_017.parquet
S10_9010139_고등학교,details/detail_part_017.parquet
S10_9010147_고등학교,details/detail_part_017.parquet
S10_9010151_고등학교,details/detail_part_017.parquet
S10_9010156_고등학교,details/detail_part_017.parquet
S10_9010160_고등학교,details/detail_part_017.parquet
S10_9010165_고등학교,details/detail_part_017.parquet
S10_9010172_고등학교,details/detail_part_017.parquet
S10_9010177_고등학교,details/detail_part_017.parquet
S10_9010183_고등학교,details/detail_part_017.parquet
S10_9010189_고등학교,details/detail_part_017.parquet
S10_9010191_고등학교,details/detail_part_017.parquet
S10_9010192_고등학교,details/detail_part_017.parquet
S10_9010194_고등학교,details/detail_part_017.parquet
S10_9010200_고등학교,details/detail_part_017.parquet
S10_9010200_중학교,details/detail_part_017.parquet
S10_9010200_초등학교,details/detail_part_017.parquet
S10_9010201_고등학교,details/detail_part_017.parquet
S10_9010201_중학교,details/detail_part_017.parquet
S10_9010201_초등학교,details/detail_part_017.parquet
S10_9010202_고등학교,details/detail_part_017.parquet
S10_9010202_중학교,details/detail_part_017.parquet
S10_9010202_초등학교,details/detail_part_017.parquet
S10_9010221_고등학교,details/detail_part_017.parquet
S10_9010222_고등학교,details/detail_part_017.parquet
S10_9010223_고등학교,details/detail_part_017.parquet
S10_9010224_고등학교,details/detail_part_017.parquet
S10_9010226_고등학교,details/detail_part_017.parquet
S10_9010227_고등학교,details/detail_part_017.parquet
S10_9010229_고등학교,details/detail_part_017.parquet
S10_9010230_고등학교,details/detail_part_017.parquet
S10_9010231_고등학교,details/detail_part_017.parquet
S10_9010232_고등학교,details/detail_part_017.parquet
S10_9010233_고등학교,details/detail_part_017.parquet
S10_9010234_고등학교,details/detail_part_017.parquet
S10_9010237_고등학교,details/detail_part_017.parquet
S10_9010240_고등학교,details/detail_part_017.parquet
S10_9010241_고등학교,details/detail_part_017.parquet
S10_9010242_고등학교,details/detail_part_017.parquet
S10_9010244_고등학교,details/detail_part_017.parquet
S10_9010247_고등학교,details/detail_part_017.parquet
S10_9010252_고등학교,details/detail_part_017.parquet
S10_9010253_고등학교,details/detail_part_017.parquet
S10_9010254_고등학교,details/detail_part_017.parquet
S10_9010255_고등학교,details/detail_part_017.parquet
S10_9010256_고등학교,details/detail_part_017.parquet
S10_9010259_고등학교,details/detail_part_017.parquet
S10_9010260_고등학교,details/detail_part_017.parquet
S10_9010261_고등학교,details/detail_part_017.parquet
S10_9010262_고등학교,details/detail_part_017.parquet
S10_9010265_고등학교,details/detail_part_017.parquet
S10_9010267_고등학교,details/detail_part_017.parquet
S10_9010273_고등학교,details/detail_part_017.parquet
S10_9010275_고등학교,details/detail_part_017.parquet
S10_9010276_고등학교,details/detail_part_017.parquet
S10_9010277_고등학교,details/detail_part_017.parquet
S10_9010278_고등학교,details/detail_part_017.parquet
S10_9010279_고등학교,details/detail_part_017.parquet
S10_9010280_고등학교,details/detail_part_017.parquet
S10_9010281_고등학교,details/detail_part_017.parquet
S10_9010282_고등학교,details/detail_part_017.parquet
S10_9010283_고등학교,details/detail_part_017.parquet
S10_9010293_고등학교,details/detail_part_017.parquet
S10_9010294_고등학교,details/detail_part_017.parquet
S10_9010295_고등학교,details/detail_part_017.parquet
S10_9010296_고등학교,details/detail_part_017.parquet
S10_9010297_고등학교,details/detail_part_017.parquet
S10_9010298_고등학교,details/detail_part_017.parquet
S10_9010299_고등학교,details/detail_part_017.parquet
S10_9010300_고등학교,details/detail_part_017.parquet
S10_9010301_고등학교,details/detail_part_017.parquet
S10_9010305_고등학교,details/detail_part_017.parquet
S10_9010306_고등학교,details/detail_part_017.parquet
S10_9010309_고등학교,details/detail_part_017.parquet
S10_9010319_고등학교,details/detail_part_017.parquet
S10_9010320_고등학교,details/detail_part_017.parquet
S10_9010321_고등학교,details/detail_part_017.parquet
S10_9010322_고등학교,details/detail_part_017.parquet
S10_9010323_고등학교,details/detail_part_017.parquet
S10_9010327_고등학교,details/detail_part_017.parquet
S10_9010328_고등학교,details/detail_part_017.parquet
S10_9010329_고등학교,details/detail_part_017.parquet
S10_9010330_고등학교,details/detail_part_017.parquet
S10_9010332_고등학교,details/detail_part_017.parquet
S10_9010333_고등학교,details/detail_part_017.parquet
S10_9010334_고등학교,details/detail_part_017.parquet
S10_9010335_고등학교,details/detail_part_017.parquet
S10_9010337_고등학교,details/detail_part_017.parquet
S10_9010346_고등학교,details/detail_part_017.parquet
S10_9010347_고등학교,details/detail_part_017.parquet
S10_9010348_고등학교,details/detail_part_017.parquet
S10_9010348_중학교,details/detail_part_017.parquet
S10_9010348_초등학교,details/detail_part_017.parquet
S10_9010350_고등학교,details/detail_part_017.parquet
S10_9010388_고등학교,details/detail_part_017.parquet
S10_9010397_고등학교,details/detail_part_017.parquet
S10_9010397_중학교,details/detail_part_017.parquet
S10_9010397_초등학교,details/detail_part_017.parquet
S10_9010398_고등학교,details/detail_part_017.parquet
S10_9010405_고등학교,details/detail_part_017.parquet
S10_9010406_고등학교,details/detail_part_017.parquet
S10_9010429_고등학교,details/detail_part_017.parquet
S10_9010430_고등학교,details/detail_part_017.parquet
S10_9010431_고등학교,details/detail_part_017.parquet
S10_9010432_고등학교,details/detail_part_017.parquet
S10_9010433_고등학교,details/detail_part_017.parquet
S10_9010434_고등학교,details/detail_part_017.parquet
S10_9010434_중학교,details/detail_part_017.parquet
S10_9010434_초등학교,details/detail_part_017.parquet
S10_9010437_고등학교,details/detail_part_017.parquet
S10_9010438_고등학교,details/detail_part_017.parquet
S10_9010462_고등학교,details/detail_part_017.parquet
S10_9010463_고등학교,details/detail_part_017.parquet
S10_9010464_고등학교,details/detail_part_017.parquet
S10_9010479_고등학교,details/detail_part_017.parquet
S10_9010480_고등학교,details/detail_part_017.parquet
S10_9010503_고등학교,details/detail_part_017.parquet
S10_9010503_중학교,details/detail_part_017.parquet
S10_9010503_초등학교,details/detail_part_017.parquet
S10_9010505_고등학교,details/detail_part_017.parquet
S10_9010516_고등학교,details/detail_part_017.parquet
S10_9010531_고등학교,details/detail_part_017.parquet
S10_9010533_중학교,details/detail_part_017.parquet
S10_9010536_고등학교,details/detail_part_017.parquet
S10_9010536_중학교,details/detail_part_017.parquet
S10_9010536_초등학교,details/detail_part_017.parquet
S10_9010537_고등학교,details/detail_part_017.parquet
S10_9010538_고등학교,details/detail_part_017.parquet
S10_9010539_고등학교,details/detail_part_017.parquet
S10_9010570_고등학교,details/detail_part_017.parquet
S10_9010572_고등학교,details/detail_part_017.parquet
S10_9010572_중학교,details/detail_part_017.parquet
S10_9010572_초등학교,details/detail_part_017.parquet
S10_9010655_고등학교,details/detail_part_017.parquet
S10_9010659_고등학교,details/detail_part_017.parquet
S10_9010668_고등학교,details/detail_part_017.parquet
S10_9010672_고등학교,details/detail_part_017.parquet
S10_9010690_고등학교,details/detail_part_017.parquet
S10_9010691_고등학교,details/detail_part_017.parquet
S10_9010691_중학교,details/detail_part_017.parquet
S10_9010691_초등학교,details/detail_part_017.parquet
S10_9010695_고등학교,details/detail_part_017.parquet
S10_9010695_중학교,details/detail_part_017.parquet
S10_9010695_초등학교,details/detail_part_017.parquet
S10_9010696_고등학교,details/detail_part_017.parquet
S10_9010697_고등학교,details/detail_part_017.parquet
S10_9010698_고등학교,details/detail_part_017.parquet
S10_9010699_고등학교,details/detail_part_017.parquet
S10_9010700_고등학교,details/detail_part_017.parquet
S10_9010728_고등학교,details/detail_part_017.parquet
S10_9022012_초등학교,details/detail_part_017.parquet
S10_9022013_초등학교,details/detail_part_017.parquet
S10_9022014_초등학교,details/detail_part_017.parquet
S10_9022015_초등학교,details/detail_part_017.parquet
S10_9022016_초등학교,details/detail_part_017.parquet
S10_9022017_초등학교,details/detail_part_017.parquet
S10_9022018_초등학교,details/detail_part_017.parquet
S10_9022019_초등학교,details/detail_part_017.parquet
S10_9022020_초등학교,details/detail_part_017.parquet
S10_9022021_초등학교,details/detail_part_017.parquet
S10_9022022_초등학교,details/detail_part_017.parquet
S10_9022023_초등학교,details/detail_part_017.parquet
S10_9022024_초등학교,details/detail_part_017.parquet
S10_9022025_초등학교,details/detail_part_017.parquet
S10_9022026_초등학교,details/detail_part_017.parquet
S10_9022027_초등학교,details/detail_part_017.parquet
S10_9022028_초등학교,details/detail_part_017.parquet
S10_9022029_초등학교,details/detail_part_017.parquet
S10_9022030_초등학교,details/detail_part_017.parquet
S10_9022031_초등학교,details/detail_part_017.parquet
S10_9022032_초등학교,details/detail_part_017.parquet
S10_9022033_초등학교,details/detail_part_017.parquet
S10_9022034_초등학교,details/detail_part_017.parquet
S10_9022035_초등학교,details/detail_part_017.parquet
S10_9022036_초등학교,details/detail_part_017.parquet
S10_9022038_초등학교,details/detail_part_017.parquet
S10_9022039_초등학교,details/detail_part_017.parquet
S10_9022040_초등학교,details/detail_part_017.parquet
S10_9022041_초등학교,details/detail_part_017.parquet
S10_9022042_초등학교,details/detail_part_017.parquet
S10_9022043_초등학교,details/detail_part_017.parquet
S10_9022044_초등학교,details/detail_part_017.parquet
S10_9022045_초등학교,details/detail_part_017.parquet
S10_9022046_초등학교,details/detail_part_017.parquet
S10_9022047_초등학교,details/detail_part_017.parquet
S10_9022048_초등학교,details/detail_part_017.parquet
S10_9022049_초등학교,details/detail_part_017.parquet
S10_9022050_초등학교,details/detail_part_017.parquet
S10_9022051_초등학교,details/detail_part_017.parquet
S10_9022052_초등학교,details/detail_part_017.parquet
S10_9022053_초등학교,details/detail_part_017.parquet
S10_9022054_초등학교,details/detail_part_017.parquet
S10_9022055_초등학교,details/detail_part_017.parquet
S10_9022056_초등학교,details/detail_part_017.parquet
S10_9022057_초등학교,details/detail_part_017.parquet
S10_9022058_초등학교,details/detail_part_017.parquet
S10_9022059_초등학교,details/detail_part_017.parquet
S10_9022060_초등학교,details/detail_part_017.parquet
S10_9022061_초등학교,details/detail_part_017.parquet
S10_9022062_초등학교,details/detail_part_017.parquet
S10_9022063_초등학교,details/detail_part_017.parquet
S10_9022064_초등학교,details/detail_part_017.parquet
S10_9022065_초등학교,details/detail_part_017.parquet
S10_9022066_초등학교,details/detail_part_017.parquet
S10_9022067_초등학교,details/detail_part_017.parquet
S10_9022068_초등학교,details/detail_part_017.parquet
S10_9022069_초등학교,details/detail_part_017.parquet
S10_9022070_초등학교,details/detail_part_017.parquet
S10_9022071_초등학교,details/detail_part_017.parquet
S10_9022072_초등학교,details/detail_part_017.parquet
S10_9022073_초등학교,details/detail_part_017.parquet
S10_9022074_초등학교,details/detail_part_017.parquet
S10_9022075_초등학교,details/detail_part_017.parquet
S10_9022076_초등학교,details/detail_part_017.parquet
S10_9022077_초등학교,details/detail_part_017.parquet
S10_9022078_초등학교,details/detail_part_017.parquet
S10_9022079_초등학교,details/detail_part_017.parquet
S10_9022080_초등학교,details/detail_part_017.parquet
S10_9022081_초등학교,details/detail_part_017.parquet
S10_9022082_초등학교,details/detail_part_017.parquet
S10_9022085_초등학교,details/detail_part_017.parquet
S10_9022086_초등학교,details/detail_part_017.parquet
S10_9022087_초등학교,details/detail_part_017.parquet
S10_9022088_초등학교,details/detail_part_017.parquet
S10_9022089_초등학교,details/detail_part_017.parquet
S10_9022090_초등학교,details/detail_part_017.parquet
S10_9022091_초등학교,details/detail_part_017.parquet
S10_9022092_초등학교,details/detail_part_017.parquet
S10_9022093_초등학교,details/detail_part_017.parquet
S10_9022094_초등학교,details/detail_part_017.parquet
S10_9022095_초등학교,details/detail_part_017.parquet
S10_9022096_초등학교,details/detail_part_017.parquet
S10_9022097_초등학교,details/detail_part_017.parquet
S10_9022098_초등학교,details/detail_part_017.parquet
S10_9022099_초등학교,details/detail_part_017.parquet
S10_9022100_초등학교,details/detail_part_017.parquet
S10_9022101_초등학교,details/detail_part_017.parquet
S10_9022102_초등학교,details/detail_part_017.parquet
S10_9022103_초등학교,details/detail_part_017.parquet
S10_9022104_초등학교,details/detail_part_017.parquet
S10_9022105_초등학교,details/detail_part_017.parquet
S10_9022106_초등학교,details/detail_part_017.parquet
S10_9022107_초등학교,details/detail_part_017.parquet
S10_9022108_초등학교,details/detail_part_017.parquet
S10_9022109_초등학교,details/detail_part_017.parquet
S10_9022110_초등학교,details/detail_part_017.parquet
S10_9022111_초등학교,details/detail_part_017.parquet
S10_9022112_초등학교,details/detail_part_017.parquet
S10_9022113_초등학교,details/detail_part_017.parquet
S10_9022114_초등학교,details/detail_part_017.parquet
S10_9022115_중학교,details/detail_part_017.parquet
S10_9022116_중학교,details/detail_part_017.parquet
S10_9022120_중학교,details/detail_part_017.parquet
S10_9022121_중학교,details/detail_part_017.parquet
S10_9022122_중학교,details/detail_part_017.parquet
S10_9022123_중학교,details/detail_part_017.parquet
S10_9022124_중학교,details/detail_part_017.parquet
S10_9022125_중학교,details/detail_part_017.parquet
S10_9022126_중학교,details/detail_part_017.parquet
S10_9022127_중학교,details/detail_part_017.parquet
S10_9022128_중학교,details/detail_part_017.parquet
S10_9022129_중학교,details/detail_part_017.parquet
S10_9022130_중학교,details/detail_part_017.parquet
S10_9022131_중학교,details/detail_part_017.parquet
S10_9022133_중학교,details/detail_part_017.parquet
S10_9022134_중학교,details/detail_part_017.parquet
S10_9022135_중학교,details/detail_part_017.parquet
S10_9022136_중학교,details/detail_part_017.parquet
S10_9022137_중학교,details/detail_part_017.parquet
S10_9022138_중학교,details/detail_part_017.parquet
S10_9022139_중학교,details/detail_part_017.parquet
S10_9022140_중학교,details/detail_part_017.parquet
S10_9022141_중학교,details/detail_part_017.parquet
S10_9022142_중학교,details/detail_part_017.parquet
S10_9022143_중학교,details/detail_part_017.parquet
S10_9022144_중학교,details/detail_part_017.parquet
S10_9022145_중학교,details/detail_part_017.parquet
S10_9022146_중학교,details/detail_part_017.parquet
S10_9022147_중학교,details/detail_part_017.parquet
S10_9022148_중학교,details/detail_part_017.parquet
S10_9022149_중학교,details/detail_part_017.parquet
S10_9022150_중학교,details/detail_part_017.parquet
S10_9022151_중학교,details/detail_part_017.parquet
S10_9022152_중학교,details/detail_part_017.parquet
S10_9022153_중학교,details/detail_part_017.parquet
S10_9022154_중학교,details/detail_part_017.parquet
S10_9022155_중학교,details/detail_part_017.parquet
S10_9022156_중학교,details/detail_part_017.parquet
S10_9022157_중학교,details/detail_part_017.parquet
S10_9022158_중학교,details/detail_part_017.parquet
S10_9022159_중학교,details/detail_part_017.parquet
S10_9022160_중학교,details/detail_part_017.parquet
S10_9022161_중학교,details/detail_part_017.parquet
S10_9022162_중학교,details/detail_part_017.parquet
S10_9022163_중학교,details/detail_part_017.parquet
S10_9022164_중학교,details/detail_part_017.parquet
S10_9022165_중학교,details/detail_part_017.parquet
S10_9022166_중학교,details/detail_part_017.parquet
S10_9022167_중학교,details/detail_part_017.parquet
S10_9022168_중학교,details/detail_part_017.parquet
S10_9022169_중학교,details/detail_part_017.parquet
S10_9022170_중학교,details/detail_part_017.parquet
S10_9022171_중학교,details/detail_part_017.parquet
S10_9022172_중학교,details/detail_part_017.parquet
S10_9022173_중학교,details/detail_part_017.parquet
S10_9022174_중학교,details/detail_part_017.parquet
S10_9022175_중학교,details/detail_part_017.parquet
S10_9022176_중학교,details/detail_part_017.parquet
S10_9022177_중학교,details/detail_part_017.parquet
S10_9022379_초등학교,details/detail_part_017.parquet
S10_9022387_초등학교,details/detail_part_017.parquet
S10_9022388_초등학교,details/detail_part_017.parquet
S10_9022389_초등학교,details/detail_part_017.parquet
S10_9022390_초등학교,details/detail_part_017.parquet
S10_9022391_초등학교,details/detail_part_017.parquet
S10_9022392_초등학교,details/detail_part_017.parquet
S10_9022419_중학교,details/detail_part_017.parquet
S10_9022420_초등학교,details/detail_part_017.parquet
S10_9022440_초등학교,details/detail_part_017.parquet
S10_9022441_초등학교,details/detail_part_017.parquet
S10_9022442_중학교,details/detail_part_017.parquet
S10_9022443_초등학교,details/detail_part_017.parquet
S10_9022445_초등학교,details/detail_part_017.parquet
S10_9022447_중학교,details/detail_part_017.parquet
S10_9022466_중학교,details/detail_part_017.parquet
S10_9022467_중학교,details/detail_part_017.parquet
S10_9022469_중학교,details/detail_part_017.parquet
S10_9022479_초등학교,details/detail_part_017.parquet
S10_9022485_중학교,details/detail_part_017.parquet
S10_9022486_초등학교,details/detail_part_017.parquet
S10_9022503_중학교,details/detail_part_017.parquet
S10_9051007_초등학교,details/detail_part_017.parquet
S10_9051008_초등학교,details/detail_part_017.parquet
S10_9051009_초등학교,details/detail_part_017.parquet
S10_9051010_초등학교,details/detail_part_017.parquet
S10_9051011_초등학교,details/detail_part_017.parquet
S10_9051012_초등학교,details/detail_part_017.parquet
S10_9051013_초등학교,details/detail_part_017.parquet
S10_9051014_초등학교,details/detail_part_017.parquet
S10_9051015_초등학교,details/detail_part_017.parquet
S10_9051016_초등학교,details/detail_part_017.parquet
S10_9051017_초등학교,details/detail_part_017.parquet
S10_9051018_초등학교,details/detail_part_017.parquet
S10_9051019_초등학교,details/detail_part_017.parquet
S10_9051020_초등학교,details/detail_part_017.parquet
S10_9051021_초등학교,details/detail_part_017.parquet
S10_9051022_초등학교,details/detail_part_017.parquet
S10_9051023_초등학교,details/detail_part_017.parquet
S10_9051024_초등학교,details/detail_part_017.parquet
S10_9051025_초등학교,details/detail_part_017.parquet
S10_9051026_초등학교,details/detail_part_017.parquet
S10_9051027_초등학교,details/detail_part_017.parquet
S10_9051028_초등학교,details/detail_part_017.parquet
S10_9051029_초등학교,details/detail_part_017.parquet
S10_9051030_초등학교,details/detail_part_017.parquet
S10_9051031_초등학교,details/detail_part_017.parquet
S10_9051032_초등학교,details/detail_part_017.parquet
S10_9051033_초등학교,details/detail_part_017.parquet
S10_9051036_초등학교,details/detail_part_017.parquet
S10_9051037_초등학교,details/detail_part_017.parquet
S10_9051038_초등학교,details/detail_part_017.parquet
S10_9051039_초등학교,details/detail_part_017.parquet
S10_9051041_초등학교,details/detail_part_017.parquet
S10_9051042_초등학교,details/detail_part_017.parquet
S10_9051043_초등학교,details/detail_part_017.parquet
S10_9051044_초등학교,details/detail_part_017.parquet
S10_9051045_초등학교,details/detail_part_017.parquet
S10_9051046_초등학교,details/detail_part_017.parquet
S10_9051048_중학교,details/detail_part_017.parquet
S10_9051049_중학교,details/detail_part_017.parquet
S10_9051050_중학교,details/detail_part_017.parquet
S10_9051051_중학교,details/detail_part_017.parquet
S10_9051052_중학교,details/detail_part_017.parquet
S10_9051053_중학교,details/detail_part_017.parquet
S10_9051054_중학교,details/detail_part_017.parquet
S10_9051055_중학교,details/detail_part_017.parquet
S10_9051056_중학교,details/detail_part_017.parquet
S10_9051057_중학교,details/detail_part_017.parquet
S10_9051058_중학교,details/detail_part_017.parquet
S10_9051059_중학교,details/detail_part_017.parquet
S10_9051060_중학교,details/detail_part_017.parquet
S10_9051061_중학교,details/detail_part_017.parquet
S10_9051062_중학교,details/detail_part_017.parquet
S10_9051063_중학교,details/detail_part_017.parquet
S10_9051064_중학교,details/detail_part_017.parquet
S10_9051065_중학교,details/detail_part_017.parquet
S10_9051066_중학교,details/detail_part_017.parquet
S10_9051067_중학교,details/detail_part_017.parquet
S10_9051122_초등학교,details/detail_part_017.parquet
S10_9051124_초등학교,details/detail_part_017.parquet
S10_9051129_초등학교,details/detail_part_017.parquet
S10_9051133_초등학교,details/detail_part_017.parquet
S10_9051134_초등학교,details/detail_part_017.parquet
S10_9051137_중학교,details/detail_part_017.parquet
S10_9051140_초등학교,details/detail_part_017.parquet
S10_9051144_중학교,details/detail_part_017.parquet
S10_9051150_초등학교,details/detail_part_017.parquet
S10_9051161_초등학교,details/detail_part_017.parquet
S10_9071005_초등학교,details/detail_part_017.parquet
S10_9071006_초등학교,details/detail_part_017.parquet
S10_9071007_초등학교,details/detail_part_017.parquet
S10_9071008_초등학교,details/detail_part_017.parquet
S10_9071009_초등학교,details/detail_part_017.parquet
S10_9071010_초등학교,details/detail_part_017.parquet
S10_9071014_초등학교,details/detail_part_017.parquet
S10_9071016_초등학교,details/detail_part_017.parquet
S10_9071019_초등학교,details/detail_part_017.parquet
S10_9071024_초등학교,details/detail_part_017.parquet
S10_9071026_초등학교,details/detail_part_017.parquet
S10_9071027_초등학교,details/detail_part_017.parquet
S10_9071028_초등학교,details/detail_part_017.parquet
S10_9071029_초등학교,details/detail_part_017.parquet
S10_9071030_초등학교,details/detail_part_017.parquet
S10_9071031_초등학교,details/detail_part_017.parquet
S10_9071032_초등학교,details/detail_part_017.parquet
S10_9071033_초등학교,details/detail_part_017.parquet
S10_9071034_초등학교,details/detail_part_017.parquet
S10_9071038_중학교,details/detail_part_017.parquet
S10_9071039_중학교,details/detail_part_017.parquet
S10_9071040_중학교,details/detail_part_017.parquet
S10_9071041_중학교,details/detail_part_017.parquet
S10_9071042_중학교,details/detail_part_017.parquet
S10_9071043_중학교,details/detail_part_017.parquet
S10_9071044_중학교,details/detail_part_017.parquet
S10_9071045_중학교,details/detail_part_017.parquet
S10_9071046_중학교,details/detail_part_017.parquet
S10_9071047_중학교,details/detail_part_017.parquet
S10_9071048_중학교,details/detail_part_017.parquet
S10_9071087_중학교,details/detail_part_017.parquet
S10_9071088_초등학교,details/detail_part_017.parquet
S10_9071093_초등학교,details/detail_part_017.parquet
S10_9071094_초등학교,details/detail_part_017.parquet
S10_9081008_초등학교,details/detail_part_017.parquet
S10_9081009_초등학교,details/detail_part_017.parquet
S10_9081010_초등학교,details/detail_part_017.parquet
S10_9081011_초등학교,details/detail_part_017.parquet
S10_9081013_초등학교,details/detail_part_017.parquet
S10_9081014_초등학교,details/detail_part_017.parquet
S10_9081015_초등학교,details/detail_part_017.parquet
S10_9081016_초등학교,details/detail_part_017.parquet
S10_9081017_초등학교,details/detail_part_017.parquet
S10_9081018_초등학교,details/detail_part_017.parquet
S10_9081019_초등학교,details/detail_part_017.parquet
S10_9081022_초등학교,details/detail_part_017.parquet
S10_9081024_초등학교,details/detail_part_017.parquet
S10_9081026_초등학교,details/detail_part_017.parquet
S10_9081027_초등학교,details/detail_part_017.parquet
S10_9081028_초등학교,details/detail_part_017.parquet
S10_9081029_초등학교,details/detail_part_017.parquet
S10_9081030_중학교,details/detail_part_017.parquet
S10_9081031_중학교,details/detail_part_017.parquet
S10_9081032_중학교,details/detail_part_017.parquet
S10_9081033_중학교,details/detail_part_017.parquet
S10_9081034_중학교,details/detail_part_017.parquet
S10_9081035_중학교,details/detail_part_017.parquet
S10_9081036_중학교,details/detail_part_017.parquet
S10_9081037_중학교,details/detail_part_017.parquet
S10_9081038_중학교,details/detail_part_017.parquet
S10_9081039_중학교,details/detail_part_017.parquet
S10_9081040_중학교,details/detail_part_017.parquet
S10_9081068_초등학교,details/detail_part_017.parquet
S10_9091006_초등학교,details/detail_part_017.parquet
S10_9091007_초등학교,details/detail_part_017.parquet
S10_9091008_초등학교,details/detail_part_017.parquet
S10_9091009_초등학교,details/detail_part_017.parquet
S10_9091010_초등학교,details/detail_part_017.parquet
S10_9091011_초등학교,details/detail_part_017.parquet
S10_9091012_초등학교,details/detail_part_017.parquet
S10_9091013_초등학교,details/detail_part_017.parquet
S10_9091014_초등학교,details/detail_part_017.parquet
S10_9091015_초등학교,details/detail_part_017.parquet
S10_9091016_초등학교,details/detail_part_017.parquet
S10_9091017_초등학교,details/detail_part_017.parquet
S10_9091018_초등학교,details/detail_part_017.parquet
S10_9091019_초등학교,details/detail_part_017.parquet
S10_9091020_초등학교,details/detail_part_017.parquet
S10_9091021_초등학교,details/detail_part_017.parquet
S10_9091022_초등학교,details/detail_part_017.parquet
S10_9091023_초등학교,details/detail_part_017.parquet
S10_9091024_초등학교,details/detail_part_017.parquet
S10_9091025_초등학교,details/detail_part_017.parquet
S10_9091026_초등학교,details/detail_part_017.parquet
S10_9091027_초등학교,details/detail_part_017.parquet
S10_9091028_초등학교,details/detail_part_017.parquet
S10_9091029_초등학교,details/detail_part_017.parquet
S10_9091030_초등학교,details/detail_part_017.parquet
S10_9091031_초등학교,details/detail_part_017.parquet
S10_9091032_초등학교,details/detail_part_017.parquet
S10_9091033_초등학교,details/detail_part_017.parquet
S10_9091034_초등학교,details/detail_part_017.parquet
S10_9091035_초등학교,details/detail_part_017.parquet
S10_9091036_초등학교,details/detail_part_017.parquet
S10_9091037_초등학교,details/detail_part_017.parquet
S10_9091038_초등학교,details/detail_part_017.parquet
S10_9091039_초등학교,details/detail_part_017.parquet
S10_9091041_초등학교,details/detail_part_017.parquet
S10_9091042_초등학교,details/detail_part_017.parquet
S10_9091043_초등학교,details/detail_part_017.parquet
S10_9091044_초등학교,details/detail_part_017.parquet
S10_9091045_초등학교,details/detail_part_017.parquet
S10_9091046_초등학교,details/detail_part_017.parquet
S10_9091047_초등학교,details/detail_part_017.parquet
S10_9091048_초등학교,details/detail_part_017.parquet
S10_9091049_초등학교,details/detail_part_017.parquet
S10_9091050_초등학교,details/detail_part_017.parquet
S10_9091052_초등학교,details/detail_part_017.parquet
S10_9091053_초등학교,details/detail_part_017.parquet
S10_9091054_초등학교,details/detail_part_017.parquet
S10_9091055_초등학교,details/detail_part_017.parquet
S10_9091056_초등학교,details/detail_part_017.parquet
S10_9091057_초등학교,details/detail_part_017.parquet
S10_9091058_초등학교,details/detail_part_017.parquet
S10_9091059_초등학교,details/detail_part_017.parquet
S10_9091060_초등학교,details/detail_part_017.parquet
S10_9091061_초등학교,details/detail_part_017.parquet
S10_9091062_중학교,details/detail_part_017.parquet
S10_9091063_중학교,details/detail_part_017.parquet
S10_9091064_중학교,details/detail_part_017.parquet
S10_9091065_중학교,details/detail_part_017.parquet
S10_9091066_중학교,details/detail_part_017.parquet
S10_9091067_중학교,details/detail_part_017.parquet
S10_9091068_중학교,details/detail_part_017.parquet
S10_9091069_중학교,details/detail_part_017.parquet
S10_9091070_중학교,details/detail_part_017.parquet
S10_9091071_중학교,details/detail_part_017.parquet
S10_9091072_중학교,details/detail_part_017.parquet
S10_9091073_중학교,details/detail_part_017.parquet
S10_9091074_중학교,details/detail_part_017.parquet
S10_9091075_중학교,details/detail_part_017.parquet
S10_9091076_중학교,details/detail_part_017.parquet
S10_9091077_중학교,details/detail_part_017.parquet
S10_9091078_중학교,details/detail_part_017.parquet
S10_9091079_중학교,details/detail_part_017.parquet
S10_9091080_중학교,details/detail_part_017.parquet
S10_9091081_중학교,details/detail_part_017.parquet
S10_9091082_중학교,details/detail_part_017.parquet
S10_9091084_중학교,details/detail_part_017.parquet
S10_9091085_중학교,details/detail_part_017.parquet
S10_9091086_중학교,details/detail_part_017.parquet
S10_9091087_중학교,details/detail_part_017.parquet
S10_9091088_중학교,details/detail_part_017.parquet
S10_9091089_중학교,details/detail_part_017.parquet
S10_9091090_중학교,details/detail_part_017.parquet
S10_9091091_중학교,details/detail_part_017.parquet
S10_9091177_중학교,details/detail_part_017.parquet
S10_9091199_초등학교,details/detail_part_017.parquet
S10_9091201_초등학교,details/detail_part_017.parquet
S10_9091208_초등학교,details/detail_part_017.parquet
S10_9091210_중학교,details/detail_part_017.parquet
S10_9091220_초등학교,details/detail_part_017.parquet
S10_9091225_초등학교,details/detail_part_017.parquet
S10_9091226_중학교,details/detail_part_017.parquet
S10_9091232_초등학교,details/detail_part_017.parquet
S10_9091233_중학교,details/detail_part_017.parquet
S10_9091238_초등학교,details/detail_part_017.parquet
S10_9091243_중학교,details/detail_part_017.parquet
S10_9101005_초등학교,details/detail_part_017.parquet
S10_9101006_초등학교,details/detail_part_017.parquet
S10_9101007_초등학교,details/detail_part_017.parquet
S10_9101008_초등학교,details/detail_part_017.parquet
S10_9101009_초등학교,details/detail_part_017.parquet
S10_9101011_초등학교,details/detail_part_017.parquet
S10_9101012_초등학교,details/detail_part_017.parquet
S10_9101013_초등학교,details/detail_part_017.parquet
S10_9101014_초등학교,details/detail_part_017.parquet
S10_9101015_초등학교,details/detail_part_017.parquet
S10_9101016_초등학교,details/detail_part_017.parquet
S10_9101017_초등학교,details/detail_part_017.parquet
S10_9101018_초등학교,details/detail_part_017.parquet
S10_9101019_초등학교,details/detail_part_017.parquet
S10_9101020_초등학교,details/detail_part_017.parquet
S10_9101021_초등학교,details/detail_part_017.parquet
S10_9101022_초등학교,details/detail_part_017.parquet
S10_9101023_초등학교,details/detail_part_017.parquet
S10_9101024_초등학교,details/detail_part_017.parquet
S10_9101025_초등학교,details/detail_part_017.parquet
S10_9101026_초등학교,details/detail_part_017.parquet
S10_9101028_중학교,details/detail_part_017.parquet
S10_9101029_중학교,details/detail_part_017.parquet
S10_9101030_중학교,details/detail_part_017.parquet
S10_9101035_중학교,details/detail_part_017.parquet
S10_9101036_중학교,details/detail_part_017.parquet
S10_9101037_중학교,details/detail_part_017.parquet
S10_9101038_중학교,details/detail_part_017.parquet
S10_9101039_중학교,details/detail_part_017.parquet
S10_9101040_중학교,details/detail_part_017.parquet
S10_9101041_중학교,details/detail_part_017.parquet
S10_9101076_중학교,details/detail_part_017.parquet
S10_9111006_초등학교,details/detail_part_017.parquet
S10_9111007_초등학교,details/detail_part_017.parquet
S10_9111008_초등학교,details/detail_part_017.parquet
S10_9111009_초등학교,details/detail_part_017.parquet
S10_9111010_초등학교,details/detail_part_017.parquet
S10_9111011_초등학교,details/detail_part_017.parquet
S10_9111012_초등학교,details/detail_part_017.parquet
S10_9111013_초등학교,details/detail_part_017.parquet
S10_9111014_초등학교,details/detail_part_017.parquet
S10_9111015_초등학교,details/detail_part_017.parquet
S10_9111016_초등학교,details/detail_part_017.parquet
S10_9111017_초등학교,details/detail_part_017.parquet
S10_9111018_초등학교,details/detail_part_017.parquet
S10_9111019_초등학교,details/detail_part_017.parquet
S10_9111020_초등학교,details/detail_part_017.parquet
S10_9111021_초등학교,details/detail_part_017.parquet
S10_9111023_초등학교,details/detail_part_017.parquet
S10_9111024_초등학교,details/detail_part_017.parquet
S10_9111025_초등학교,details/detail_part_017.parquet
S10_9111026_초등학교,details/detail_part_017.parquet
S10_9111027_초등학교,details/detail_part_017.parquet
S10_9111028_초등학교,details/detail_part_017.parquet
S10_9111029_초등학교,details/detail_part_017.parquet
S10_9111030_초등학교,details/detail_part_017.parquet
S10_9111031_초등학교,details/detail_part_017.parquet
S10_9111032_초등학교,details/detail_part_017.parquet
S10_9111033_초등학교,details/detail_part_017.parquet
S10_9111034_초등학교,details/detail_part_017.parquet
S10_9111035_초등학교,details/detail_part_017.parquet
S10_9111036_초등학교,details/detail_part_017.parquet
S10_9111037_초등학교,details/detail_part_017.parquet
S10_9111038_초등학교,details/detail_part_017.parquet
S10_9111039_초등학교,details/detail_part_017.parquet
S10_9111040_초등학교,details/detail_part_017.parquet
S10_9111041_초등학교,details/detail_part_018.parquet
S10_9111042_초등학교,details/detail_part_018.parquet
S10_9111043_중학교,details/detail_part_018.parquet
S10_9111044_중학교,details/detail_part_018.parquet
S10_9111045_중학교,details/detail_part_018.parquet
S10_9111046_중학교,details/detail_part_018.parquet
S10_9111047_중학교,details/detail_part_018.parquet
S10_9111048_중학교,details/detail_part_018.parquet
S10_9111049_중학교,details/detail_part_018.parquet
S10_9111050_중학교,details/detail_part_018.parquet
S10_9111051_중학교,details/detail_part_018.parquet
S10_9111052_중학교,details/detail_part_018.parquet
S10_9111053_중학교,details/detail_part_018.parquet
S10_9111054_중학교,details/detail_part_018.parquet
S10_9111055_중학교,details/detail_part_018.parquet
S10_9111056_중학교,details/detail_part_018.parquet
S10_9111057_중학교,details/detail_part_018.parquet
S10_9111058_중학교,details/detail_part_018.parquet
S10_9111060_중학교,details/detail_part_018.parquet
S10_9111117_중학교,details/detail_part_018.parquet
S10_9111125_초등학교,details/detail_part_018.parquet
S10_9111126_초등학교,details/detail_part_018.parquet
S10_9111132_초등학교,details/detail_part_018.parquet
S10_9111140_초등학교,details/detail_part_018.parquet
S10_9111145_중학교,details/detail_part_018.parquet
S10_9111146_초등학교,details/detail_part_018.parquet
S10_9121004_초등학교,details/detail_part_018.parquet
S10_9121006_초등학교,details/detail_part_018.parquet
S10_9121007_초등학교,details/detail_part_018.parquet
S10_9121008_초등학교,details/detail_part_018.parquet
S10_9121010_초등학교,details/detail_part_018.parquet
S10_9121011_초등학교,details/detail_part_018.parquet
S10_9121012_초등학교,details/detail_part_018.parquet
S10_9121013_초등학교,details/detail_part_018.parquet
S10_9121014_초등학교,details/detail_part_018.parquet
S10_9121015_초등학교,details/detail_part_018.parquet
S10_9121016_초등학교,details/detail_part_018.parquet
S10_9121017_초등학교,details/detail_part_018.parquet
S10_9121018_중학교,details/detail_part_018.parquet
S10_9121019_중학교,details/detail_part_018.parquet
S10_9121020_중학교,details/detail_part_018.parquet
S10_9121021_중학교,details/detail_part_018.parquet
S10_9121022_중학교,details/detail_part_018.parquet
S10_9121040_초등학교,details/detail_part_018.parquet
S10_9121043_초등학교,details/detail_part_018.parquet
S10_9131005_초등학교,details/detail_part_018.parquet
S10_9131007_초등학교,details/detail_part_018.parquet
S10_9131008_초등학교,details/detail_part_018.parquet
S10_9131009_초등학교,details/detail_part_018.parquet
S10_9131010_초등학교,details/detail_part_018.parquet
S10_9131011_초등학교,details/detail_part_018.parquet
S10_9131012_초등학교,details/detail_part_018.parquet
S10_9131013_초등학교,details/detail_part_018.parquet
S10_9131014_초등학교,details/detail_part_018.parquet
S10_9131015_초등학교,details/detail_part_018.parquet
S10_9131016_초등학교,details/detail_part_018.parquet
S10_9131017_초등학교,details/detail_part_018.parquet
S10_9131020_초등학교,details/detail_part_018.parquet
S10_9131021_초등학교,details/detail_part_018.parquet
S10_9131022_초등학교,details/detail_part_018.parquet
S10_9131023_초등학교,details/detail_part_018.parquet
S10_9131024_초등학교,details/detail_part_018.parquet
S10_9131026_중학교,details/detail_part_018.parquet
S10_9131027_중학교,details/detail_part_018.parquet
S10_9131028_중학교,details/detail_part_018.parquet
S10_9131029_중학교,details/detail_part_018.parquet
S10_9131030_중학교,details/detail_part_018.parquet
S10_9131031_중학교,details/detail_part_018.parquet
S10_9131032_중학교,details/detail_part_018.parquet
S10_9131033_중학교,details/detail_part_018.parquet
S10_9141007_초등학교,details/detail_part_018.parquet
S10_9141008_초등학교,details/detail_part_018.parquet
S10_9141009_초등학교,details/detail_part_018.parquet
S10_9141010_초등학교,details/detail_part_018.parquet
S10_9141011_초등학교,details/detail_part_018.parquet
S10_9141012_초등학교,details/detail_part_018.parquet
S10_9141013_초등학교,details/detail_part_018.parquet
S10_9141014_초등학교,details/detail_part_018.parquet
S10_9141015_초등학교,details/detail_part_018.parquet
S10_9141016_초등학교,details/detail_part_018.parquet
S10_9141017_초등학교,details/detail_part_018.parquet
S10_9141018_초등학교,details/detail_part_018.parquet
S10_9141019_초등학교,details/detail_part_018.parquet
S10_9141020_초등학교,details/detail_part_018.parquet
S10_9141021_초등학교,details/detail_part_018.parquet
S10_9141023_초등학교,details/detail_part_018.parquet
S10_9141024_초등학교,details/detail_part_018.parquet
S10_9141025_중학교,details/detail_part_018.parquet
S10_9141026_중학교,details/detail_part_018.parquet
S10_9141027_중학교,details/detail_part_018.parquet
S10_9141028_중학교,details/detail_part_018.parquet
S10_9141029_중학교,details/detail_part_018.parquet
S10_9141030_중학교,details/detail_part_018.parquet
S10_9141031_중학교,details/detail_part_018.parquet
S10_9141032_중학교,details/detail_part_018.parquet
S10_9141033_중학교,details/detail_part_018.parquet
S10_9141034_중학교,details/detail_part_018.parquet
S10_9141064_초등학교,details/detail_part_018.parquet
S10_9151004_초등학교,details/detail_part_018.parquet
S10_9151005_초등학교,details/detail_part_018.parquet
S10_9151007_초등학교,details/detail_part_018.parquet
S10_9151008_초등학교,details/detail_part_018.parquet
S10_9151009_초등학교,details/detail_part_018.parquet
S10_9151010_초등학교,details/detail_part_018.parquet
S10_9151011_초등학교,details/detail_part_018.parquet
S10_9151012_초등학교,details/detail_part_018.parquet
S10_9151013_초등학교,details/detail_part_018.parquet
S10_9151014_초등학교,details/detail_part_018.parquet
S10_9151015_초등학교,details/detail_part_018.parquet
S10_9151016_초등학교,details/detail_part_018.parquet
S10_9151017_초등학교,details/detail_part_018.parquet
S10_9151018_초등학교,details/detail_part_018.parquet
S10_9151019_초등학교,details/detail_part_018.parquet
S10_9151020_초등학교,details/detail_part_018.parquet
S10_9151021_초등학교,details/detail_part_018.parquet
S10_9151022_초등학교,details/detail_part_018.parquet
S10_9151023_초등학교,details/detail_part_018.parquet
S10_9151024_초등학교,details/detail_part_018.parquet
S10_9151025_초등학교,details/detail_part_018.parquet
S10_9151026_초등학교,details/detail_part_018.parquet
S10_9151027_초등학교,details/detail_part_018.parquet
S10_9151028_초등학교,details/detail_part_018.parquet
S10_9151029_초등학교,details/detail_part_018.parquet
S10_9151030_초등학교,details/detail_part_018.parquet
S10_9151031_초등학교,details/detail_part_018.parquet
S10_9151032_초등학교,details/detail_part_018.parquet
S10_9151033_초등학교,details/detail_part_018.parquet
S10_9151034_초등학교,details/detail_part_018.parquet
S10_9151035_초등학교,details/detail_part_018.parquet
S10_9151036_초등학교,details/detail_part_018.parquet
S10_9151037_초등학교,details/detail_part_018.parquet
S10_9151038_중학교,details/detail_part_018.parquet
S10_9151039_중학교,details/detail_part_018.parquet
S10_9151040_중학교,details/detail_part_018.parquet
S10_9151041_중학교,details/detail_part_018.parquet
S10_9151042_중학교,details/detail_part_018.parquet
S10_9151043_중학교,details/detail_part_018.parquet
S10_9151044_중학교,details/detail_part_018.parquet
S10_9151045_중학교,details/detail_part_018.parquet
S10_9151046_중학교,details/detail_part_018.parquet
S10_9151047_중학교,details/detail_part_018.parquet
S10_9151048_중학교,details/detail_part_018.parquet
S10_9151049_중학교,details/detail_part_018.parquet
S10_9151050_중학교,details/detail_part_018.parquet
S10_9151051_중학교,details/detail_part_018.parquet
S10_9151118_초등학교,details/detail_part_018.parquet
S10_9151123_초등학교,details/detail_part_018.parquet
S10_9151124_초등학교,details/detail_part_018.parquet
S10_9151134_초등학교,details/detail_part_018.parquet
S10_9151139_초등학교,details/detail_part_018.parquet
S10_9151141_중학교,details/detail_part_018.parquet
S10_9151149_초등학교,details/detail_part_018.parquet
S10_9151150_초등학교,details/detail_part_018.parquet
S10_9151151_중학교,details/detail_part_018.parquet
S10_9151154_초등학교,details/detail_part_018.parquet
S10_9151157_초등학교,details/detail_part_018.parquet
S10_9151159_중학교,details/detail_part_018.parquet
S10_9151160_초등학교,details/detail_part_018.parquet
S10_9151163_초등학교,details/detail_part_018.parquet
S10_9151164_중학교,details/detail_part_018.parquet
S10_9151165_중학교,details/detail_part_018.parquet
S10_9161004_초등학교,details/detail_part_018.parquet
S10_9161005_초등학교,details/detail_part_018.parquet
S10_9161006_초등학교,details/detail_part_018.parquet
S10_9161007_초등학교,details/detail_part_018.parquet
S10_9161008_초등학교,details/detail_part_018.parquet
S10_9161009_초등학교,details/detail_part_018.parquet
S10_9161010_초등학교,details/detail_part_018.parquet
S10_9161011_초등학교,details/detail_part_018.parquet
S10_9161012_초등학교,details/detail_part_018.parquet
S10_9161013_초등학교,details/detail_part_018.parquet
S10_9161014_초등학교,details/detail_part_018.parquet
S10_9161015_초등학교,details/detail_part_018.parquet
S10_9161016_초등학교,details/detail_part_018.parquet
S10_9161018_초등학교,details/detail_part_018.parquet
S10_9161019_초등학교,details/detail_part_018.parquet
S10_9161020_초등학교,details/detail_part_018.parquet
S10_9161021_초등학교,details/detail_part_018.parquet
S10_9161023_초등학교,details/detail_part_018.parquet
S10_9161024_중학교,details/detail_part_018.parquet
S10_9161025_중학교,details/detail_part_018.parquet
S10_9161026_중학교,details/detail_part_018.parquet
S10_9161028_중학교,details/detail_part_018.parquet
S10_9161030_중학교,details/detail_part_018.parquet
S10_9161032_중학교,details/detail_part_018.parquet
S10_9161033_중학교,details/detail_part_018.parquet
S10_9161056_중학교,details/detail_part_018.parquet
S10_9161058_초등학교,details/detail_part_018.parquet
S10_9171005_초등학교,details/detail_part_018.parquet
S10_9171006_초등학교,details/detail_part_018.parquet
S10_9171007_초등학교,details/detail_part_018.parquet
S10_9171008_초등학교,details/detail_part_018.parquet
S10_9171009_초등학교,details/detail_part_018.parquet
S10_9171010_초등학교,details/detail_part_018.parquet
S10_9171011_초등학교,details/detail_part_018.parquet
S10_9171012_초등학교,details/detail_part_018.parquet
S10_9171014_초등학교,details/detail_part_018.parquet
S10_9171015_초등학교,details/detail_part_018.parquet
S10_9171016_초등학교,details/detail_part_018.parquet
S10_9171017_초등학교,details/detail_part_018.parquet
S10_9171018_초등학교,details/detail_part_018.parquet
S10_9171021_중학교,details/detail_part_018.parquet
S10_9171022_중학교,details/detail_part_018.parquet
S10_9171024_중학교,details/detail_part_018.parquet
S10_9171025_중학교,details/detail_part_018.parquet
S10_9171026_중학교,details/detail_part_018.parquet
S10_9171027_중학교,details/detail_part_018.parquet
S10_9171028_중학교,details/detail_part_018.parquet
S10_9171029_중학교,details/detail_part_018.parquet
S10_9171045_중학교,details/detail_part_018.parquet
S10_9181005_초등학교,details/detail_part_018.parquet
S10_9181007_초등학교,details/detail_part_018.parquet
S10_9181008_초등학교,details/detail_part_018.parquet
S10_9181009_초등학교,details/detail_part_018.parquet
S10_9181010_초등학교,details/detail_part_018.parquet
S10_9181011_초등학교,details/detail_part_018.parquet
S10_9181012_초등학교,details/detail_part_018.parquet
S10_9181013_초등학교,details/detail_part_018.parquet
S10_9181015_초등학교,details/detail_part_018.parquet
S10_9181016_초등학교,details/detail_part_018.parquet
S10_9181017_초등학교,details/detail_part_018.parquet
S10_9181018_초등학교,details/detail_part_018.parquet
S10_9181019_초등학교,details/detail_part_018.parquet
S10_9181020_초등학교,details/detail_part_018.parquet
S10_9181021_초등학교,details/detail_part_018.parquet
S10_9181022_초등학교,details/detail_part_018.parquet
S10_9181023_초등학교,details/detail_part_018.parquet
S10_9181024_중학교,details/detail_part_018.parquet
S10_9181025_중학교,details/detail_part_018.parquet
S10_9181027_중학교,details/detail_part_018.parquet
S10_9181029_중학교,details/detail_part_018.parquet
S10_9181030_중학교,details/detail_part_018.parquet
S10_9181031_중학교,details/detail_part_018.parquet
S10_9181032_중학교,details/detail_part_018.parquet
S10_9181034_중학교,details/detail_part_018.parquet
S10_9181071_중학교,details/detail_part_018.parquet
S10_9191006_초등학교,details/detail_part_018.parquet
S10_9191007_초등학교,details/detail_part_018.parquet
S10_9191008_초등학교,details/detail_part_018.parquet
S10_9191009_초등학교,details/detail_part_018.parquet
S10_9191010_초등학교,details/detail_part_018.parquet
S10_9191011_초등학교,details/detail_part_018.parquet
S10_9191012_초등학교,details/detail_part_018.parquet
S10_9191013_초등학교,details/detail_part_018.parquet
S10_9191014_초등학교,details/detail_part_018.parquet
S10_9191015_초등학교,details/detail_part_018.parquet
S10_9191016_초등학교,details/detail_part_018.parquet
S10_9191017_초등학교,details/detail_part_018.parquet
S10_9191018_초등학교,details/detail_part_018.parquet
S10_9191020_중학교,details/detail_part_018.parquet
S10_9191021_중학교,details/detail_part_018.parquet
S10_9191022_중학교,details/detail_part_018.parquet
S10_9191025_중학교,details/detail_part_018.parquet
S10_9201005_초등학교,details/detail_part_018.parquet
S10_9201006_초등학교,details/detail_part_018.parquet
S10_9201007_초등학교,details/detail_part_018.parquet
S10_9201008_초등학교,details/detail_part_018.parquet
S10_9201009_초등학교,details/detail_part_018.parquet
S10_9201010_초등학교,details/detail_part_018.parquet
S10_9201011_초등학교,details/detail_part_018.parquet
S10_9201012_초등학교,details/detail_part_018.parquet
S10_9201013_초등학교,details/detail_part_018.parquet
S10_9201014_초등학교,details/detail_part_018.parquet
S10_9201015_초등학교,details/detail_part_018.parquet
S10_9201016_초등학교,details/detail_part_018.parquet
S10_9201017_초등학교,details/detail_part_018.parquet
S10_9201018_중학교,details/detail_part_018.parquet
S10_9201019_중학교,details/detail_part_018.parquet
S10_9201020_중학교,details/detail_part_018.parquet
S10_9201021_중학교,details/detail_part_018.parquet
S10_9201022_중학교,details/detail_part_018.parquet
S10_9201023_중학교,details/detail_part_018.parquet
S10_9211004_초등학교,details/detail_part_018.parquet
S10_9211005_초등학교,details/detail_part_018.parquet
S10_9211006_초등학교,details/detail_part_018.parquet
S10_9211007_초등학교,details/detail_part_018.parquet
S10_9211008_초등학교,details/detail_part_018.parquet
S10_9211009_초등학교,details/detail_part_018.parquet
S10_9211010_초등학교,details/detail_part_018.parquet
S10_9211011_초등학교,details/detail_part_018.parquet
S10_9211012_초등학교,details/detail_part_018.parquet
S10_9211013_초등학교,details/detail_part_018.parquet
S10_9211014_초등학교,details/detail_part_018.parquet
S10_9211015_초등학교,details/detail_part_018.parquet
S10_9211016_초등학교,details/detail_part_018.parquet
S10_9211017_초등학교,details/detail_part_018.parquet
S10_9211018_초등학교,details/detail_part_018.parquet
S10_9211019_초등학교,details/detail_part_018.parquet
S10_9211020_초등학교,details/detail_part_018.parquet
S10_9211021_중학교,details/detail_part_018.parquet
S10_9211022_중학교,details/detail_part_018.parquet
S10_9211023_중학교,details/detail_part_018.parquet
S10_9211024_중학교,details/detail_part_018.parquet
S10_9211027_중학교,details/detail_part_018.parquet
S10_9211029_중학교,details/detail_part_018.parquet
S10_9211030_중학교,details/detail_part_018.parquet
S10_9211031_중학교,details/detail_part_018.parquet
S10_9211051_중학교,details/detail_part_018.parquet
S10_9221006_초등학교,details/detail_part_018.parquet
S10_9221008_초등학교,details/detail_part_018.parquet
S10_9221009_초등학교,details/detail_part_018.parquet
S10_9221010_초등학교,details/detail_part_018.parquet
S10_9221011_초등학교,details/detail_part_018.parquet
S10_9221012_초등학교,details/detail_part_018.parquet
S10_9221013_초등학교,details/detail_part_018.parquet
S10_9221015_초등학교,details/detail_part_018.parquet
S10_9221016_초등학교,details/detail_part_018.parquet
S10_9221017_초등학교,details/detail_part_018.parquet
S10_9221018_초등학교,details/detail_part_018.parquet
S10_9221019_초등학교,details/detail_part_018.parquet
S10_9221020_초등학교,details/detail_part_018.parquet
S10_9221021_초등학교,details/detail_part_018.parquet
S10_9221022_초등학교,details/detail_part_018.parquet
S10_9221023_초등학교,details/detail_part_018.parquet
S10_9221025_중학교,details/detail_part_018.parquet
S10_9221027_중학교,details/detail_part_018.parquet
S10_9221028_중학교,details/detail_part_018.parquet
S10_9221029_중학교,details/detail_part_018.parquet
S10_9221030_중학교,details/detail_part_018.parquet
S10_9221031_중학교,details/detail_part_018.parquet
S10_9221032_중학교,details/detail_part_018.parquet
S10_9221033_중학교,details/detail_part_018.parquet
S10_9221035_중학교,details/detail_part_018.parquet
S10_9221059_초등학교,details/detail_part_018.parquet
S10_9221063_초등학교,details/detail_part_018.parquet
S10_C020714_고등학교,details/detail_part_018.parquet
S10_C020715_중학교,details/detail_part_018.parquet
S10__중학교,details/detail_part_018.parquet
T10_7003713_고등학교,details/detail_part_018.parquet
T10_7003714_중학교,details/detail_part_018.parquet
T10_9290049_고등학교,details/detail_part_018.parquet
T10_9290050_고등학교,details/detail_part_018.parquet
T10_9290051_고등학교,details/detail_part_018.parquet
T10_9290054_고등학교,details/detail_part_018.parquet
T10_9290055_고등학교,details/detail_part_018.parquet
T10_9290056_고등학교,details/detail_part_018.parquet
T10_9290057_고등학교,details/detail_part_018.parquet
T10_9290059_고등학교,details/detail_part_018.parquet
T10_9290060_고등학교,details/detail_part_018.parquet
T10_9290061_고등학교,details/detail_part_018.parquet
T10_9290064_고등학교,details/detail_part_018.parquet
T10_9290066_고등학교,details/detail_part_018.parquet
T10_9290068_고등학교,details/detail_part_018.parquet
T10_9290069_고등학교,details/detail_part_018.parquet
T10_9290071_고등학교,details/detail_part_018.parquet
T10_9290072_고등학교,details/detail_part_018.parquet
T10_9290073_고등학교,details/detail_part_018.parquet
T10_9290074_고등학교,details/detail_part_018.parquet
T10_9290075_고등학교,details/detail_part_018.parquet
T10_9290076_고등학교,details/detail_part_018.parquet
T10_9290079_고등학교,details/detail_part_018.parquet
T10_9290083_고등학교,details/detail_part_018.parquet
T10_9290083_중학교,details/detail_part_018.parquet
T10_9290083_초등학교,details/detail_part_018.parquet
T10_9290084_고등학교,details/detail_part_018.parquet
T10_9290084_중학교,details/detail_part_018.parquet
T10_9290084_초등학교,details/detail_part_018.parquet
T10_9290085_고등학교,details/detail_part_018.parquet
T10_9290085_중학교,details/detail_part_018.parquet
T10_9290085_초등학교,details/detail_part_018.parquet
T10_9290086_고등학교,details/detail_part_018.parquet
T10_9290087_고등학교,details/detail_part_018.parquet
T10_9290088_고등학교,details/detail_part_018.parquet
T10_9290089_고등학교,details/detail_part_018.parquet
T10_9290096_고등학교,details/detail_part_018.parquet
T10_9290102_고등학교,details/detail_part_018.parquet
T10_9290103_고등학교,details/detail_part_018.parquet
T10_9290104_고등학교,details/detail_part_018.parquet
T10_9290128_고등학교,details/detail_part_018.parquet
T10_9290204_고등학교,details/detail_part_018.parquet
T10_9290226_고등학교,details/detail_part_018.parquet
T10_9296011_중학교,details/detail_part_018.parquet
T10_9296012_중학교,details/detail_part_018.parquet
T10_9296013_중학교,details/detail_part_018.parquet
T10_9296014_중학교,details/detail_part_018.parquet
T10_9296015_중학교,details/detail_part_018.parquet
T10_9296016_중학교,details/detail_part_018.parquet
T10_9296017_중학교,details/detail_part_018.parquet
T10_9296018_중학교,details/detail_part_018.parquet
T10_9296019_중학교,details/detail_part_018.parquet
T10_9296020_중학교,details/detail_part_018.parquet
T10_9296021_중학교,details/detail_part_018.parquet
T10_9296022_중학교,details/detail_part_018.parquet
T10_9296023_중학교,details/detail_part_018.parquet
T10_9296024_중학교,details/detail_part_018.parquet
T10_9296025_중학교,details/detail_part_018.parquet
T10_9296026_중학교,details/detail_part_018.parquet
T10_9296027_중학교,details/detail_part_018.parquet
T10_9296028_중학교,details/detail_part_018.parquet
T10_9296029_중학교,details/detail_part_018.parquet
T10_9296030_중학교,details/detail_part_018.parquet
T10_9296031_중학교,details/detail_part_018.parquet
T10_9296032_중학교,details/detail_part_018.parquet
T10_9296033_중학교,details/detail_part_018.parquet
T10_9296034_중학교,details/detail_part_018.parquet
T10_9296035_중학교,details/detail_part_018.parquet
T10_9296036_중학교,details/detail_part_018.parquet
T10_9296037_초등학교,details/detail_part_018.parquet
T10_9296038_초등학교,details/detail_part_018.parquet
T10_9296039_초등학교,details/detail_part_018.parquet
T10_9296040_초등학교,details/detail_part_018.parquet
T10_9296041_초등학교,details/detail_part_018.parquet
T10_9296042_초등학교,details/detail_part_018.parquet
T10_9296043_초등학교,details/detail_part_018.parquet
T10_9296044_초등학교,details/detail_part_018.parquet
T10_9296045_초등학교,details/detail_part_018.parquet
T10_9296046_초등학교,details/detail_part_018.parquet
T10_9296047_초등학교,details/detail_part_018.parquet
T10_9296048_초등학교,details/detail_part_018.parquet
T10_9296049_초등학교,details/detail_part_018.parquet
T10_9296050_초등학교,details/detail_part_018.parquet
T10_9296051_초등학교,details/detail_part_018.parquet
T10_9296052_초등학교,details/detail_part_018.parquet
T10_9296053_초등학교,details/detail_part_018.parquet
T10_9296054_초등학교,details/detail_part_018.parquet
T10_9296055_초등학교,details/detail_part_018.parquet
T10_9296056_초등학교,details/detail_part_018.parquet
T10_9296057_초등학교,details/detail_part_018.parquet
T10_9296058_초등학교,details/detail_part_018.parquet
T10_9296059_초등학교,details/detail_part_018.parquet
T10_9296060_초등학교,details/detail_part_018.parquet
T10_9296061_초등학교,details/detail_part_018.parquet
T10_9296062_초등학교,details/detail_part_018.parquet
T10_9296063_초등학교,details/detail_part_018.parquet
T10_9296064_초등학교,details/detail_part_018.parquet
T10_9296065_초등학교,details/detail_part_018.parquet
T10_9296066_초등학교,details/detail_part_018.parquet
T10_9296067_초등학교,details/detail_part_018.parquet
T10_9296068_초등학교,details/detail_part_018.parquet
T10_9296069_초등학교,details/detail_part_018.parquet
T10_9296070_초등학교,details/detail_part_018.parquet
T10_9296071_초등학교,details/detail_part_018.parquet
T10_9296072_초등학교,details/detail_part_018.parquet
T10_9296073_초등학교,details/detail_part_018.parquet
T10_9296074_초등학교,details/detail_part_018.parquet
T10_9296075_초등학교,details/detail_part_018.parquet
T10_9296076_초등학교,details/detail_part_018.parquet
T10_9296077_초등학교,details/detail_part_018.parquet
T10_9296078_초등학교,details/detail_part_018.parquet
T10_9296079_초등학교,details/detail_part_018.parquet
T10_9296080_초등학교,details/detail_part_018.parquet
T10_9296081_초등학교,details/detail_part_018.parquet
T10_9296082_초등학교,details/detail_part_018.parquet
T10_9296083_초등학교,details/detail_part_018.parquet
T10_9296084_초등학교,details/detail_part_018.parquet
T10_9296085_초등학교,details/detail_part_018.parquet
T10_9296086_초등학교,details/detail_part_018.parquet
T10_9296087_초등학교,details/detail_part_018.parquet
T10_9296088_초등학교,details/detail_part_018.parquet
T10_9296089_초등학교,details/detail_part_018.parquet
T10_9296090_초등학교,details/detail_part_018.parquet
T10_9296091_초등학교,details/detail_part_018.parquet
T10_9296092_초등학교,details/detail_part_018.parquet
T10_9296093_초등학교,details/detail_part_018.parquet
T10_9296094_초등학교,details/detail_part_018.parquet
T10_9296095_초등학교,details/detail_part_018.parquet
T10_9296096_초등학교,details/detail_part_018.parquet
T10_9296101_초등학교,details/detail_part_018.parquet
T10_9296102_초등학교,details/detail_part_018.parquet
T10_9296104_초등학교,details/detail_part_018.parquet
T10_9296105_초등학교,details/detail_part_018.parquet
T10_9296174_중학교,details/detail_part_018.parquet
T10_9296175_초등학교,details/detail_part_018.parquet
T10_9296176_초등학교,details/detail_part_018.parquet
T10_9296179_초등학교,details/detail_part_018.parquet
T10_9296181_초등학교,details/detail_part_018.parquet
T10_9296185_중학교,details/detail_part_018.parquet
T10_9296192_초등학교,details/detail_part_018.parquet
T10_9296195_초등학교,details/detail_part_018.parquet
T10_9296197_중학교,details/detail_part_018.parquet
T10_9296201_중학교,details/detail_part_018.parquet
T10_9296204_초등학교,details/detail_part_018.parquet
T10_9296210_초등학교,details/detail_part_018.parquet
T10_9299009_중학교,details/detail_part_018.parquet
T10_9299010_중학교,details/detail_part_018.parquet
T10_9299011_중학교,details/detail_part_018.parquet
T10_9299012_중학교,details/detail_part_018.parquet
T10_9299013_중학교,details/detail_part_018.parquet
T10_9299014_중학교,details/detail_part_018.parquet
T10_9299015_중학교,details/detail_part_018.parquet
T10_9299016_중학교,details/detail_part_018.parquet
T10_9299017_중학교,details/detail_part_018.parquet
T10_9299018_중학교,details/detail_part_018.parquet
T10_9299019_중학교,details/detail_part_018.parquet
T10_9299020_중학교,details/detail_part_018.parquet
T10_9299021_중학교,details/detail_part_018.parquet
T10_9299022_중학교,details/detail_part_018.parquet
T10_9299023_중학교,details/detail_part_018.parquet
T10_9299024_초등학교,details/detail_part_018.parquet
T10_9299025_초등학교,details/detail_part_018.parquet
T10_9299026_초등학교,details/detail_part_018.parquet
T10_9299027_초등학교,details/detail_part_018.parquet
T10_9299028_초등학교,details/detail_part_018.parquet
T10_9299029_초등학교,details/detail_part_018.parquet
T10_9299030_초등학교,details/detail_part_018.parquet
T10_9299031_초등학교,details/detail_part_018.parquet
T10_9299032_초등학교,details/detail_part_018.parquet
T10_9299033_초등학교,details/detail_part_018.parquet
T10_9299034_초등학교,details/detail_part_018.parquet
T10_9299035_초등학교,details/detail_part_018.parquet
T10_9299036_초등학교,details/detail_part_018.parquet
T10_9299037_초등학교,details/detail_part_018.parquet
T10_9299038_초등학교,details/detail_part_018.parquet
T10_9299039_초등학교,details/detail_part_018.parquet
T10_9299040_초등학교,details/detail_part_018.parquet
T10_9299041_초등학교,details/detail_part_018.parquet
T10_9299042_초등학교,details/detail_part_018.parquet
T10_9299043_초등학교,details/detail_part_018.parquet
T10_9299044_초등학교,details/detail_part_018.parquet
T10_9299045_초등학교,details/detail_part_018.parquet
T10_9299046_초등학교,details/detail_part_018.parquet
T10_9299047_초등학교,details/detail_part_018.parquet
T10_9299048_초등학교,details/detail_part_018.parquet
T10_9299049_초등학교,details/detail_part_018.parquet
T10_9299050_초등학교,details/detail_part_018.parquet
T10_9299051_초등학교,details/detail_part_018.parquet
T10_9299052_초등학교,details/detail_part_018.parquet
T10_9299053_초등학교,details/detail_part_018.parquet
T10_9299054_초등학교,details/detail_part_018.parquet
T10_9299055_초등학교,details/detail_part_018.parquet
T10_9299056_초등학교,details/detail_part_018.parquet
T10_9299057_초등학교,details/detail_part_018.parquet
T10_9299058_초등학교,details/detail_part_018.parquet
T10_9299059_초등학교,details/detail_part_018.parquet
T10_9299060_초등학교,details/detail_part_018.parquet
T10_9299061_초등학교,details/detail_part_018.parquet
T10_9299062_초등학교,details/detail_part_018.parquet
T10_9299063_초등학교,details/detail_part_018.parquet
T10_9299064_초등학교,details/detail_part_018.parquet
T10_9299065_초등학교,details/detail_part_018.parquet
T10_9299066_초등학교,details/detail_part_018.parquet
T10_9299067_초등학교,details/detail_part_018.parquet
T10_9299068_초등학교,details/detail_part_018.parquet
T10_9299124_초등학교,details/detail_part_018.parquet
T10_C150029_초등학교,details/detail_part_018.parquet
